T_K,T_over_Tc,E_star,instanton_action,gaussian_energy_width,exact_flux,classical_TST_flux,thermal_WKB_flux,instanton_flux,exact_over_TST,WKB_over_TST,instanton_over_TST,instanton_over_exact,WKB_over_exact
80.0,0.3215438556338864,0.0010339045109590559,21.302864467747114,0.0007237878982511933,1.9574773917105113e-13,2.9047816257240727e-22,1.6177086953112305e-13,1.61735328947583e-13,673881084.3388519,556912327.2418061,556789975.2438959,0.8262436625449507,0.8264252257328095
82.0,0.3295824520247335,0.0010862459268263579,21.200839085672083,0.0007510988819449802,2.2505526804670177e-13,7.7973159265772765e-22,1.859016428592948e-13,1.8586591528833823e-13,288631716.5623587,238417481.87430248,238371661.52882338,0.8258678719298796,0.8260266221394021
84.0,0.3376210484155807,0.0011398797233323592,21.098813703597052,0.0007787449906296221,2.5850695294553173e-13,1.99805964061336e-21,2.1344207488739177e-13,2.1340616708869229e-13,129378997.3487357,106824676.57565506,106806705.24088125,0.8255335675000497,0.8256724720760789
86.0,0.34565964480642786,0.0011948059004770588,20.996788321522022,0.0008067222101079633,2.9666508077920375e-13,4.903482883101239e-21,2.448548861505359e-13,2.448188050830806e-13,60500890.45922722,49934891.58377074,49927533.33080738,0.8252363387023958,0.8253579609282424
88.0,0.353698241197275,0.0012510244582604577,20.894762939446988,0.0008350266670727618,3.401658960149498e-13,1.1558670610374117e-20,2.8066370668005885e-13,2.8062746018090357e-13,29429499.938309923,24281659.728944786,24278523.858014893,0.8249723545730474,0.8250789099320058
90.0,0.3617368375881222,0.0013085353966825549,20.792737557371954,0.0008636546210526747,3.897290792882713e-13,2.6240929652902577e-20,3.2146090558880965e-13,3.2142450376278425e-13,14851953.968222402,12250362.690685086,12248975.475121198,0.8247383139840994,0.8248317168836004
92.0,0.36977543397896934,0.0013673387157433516,20.690712175296923,0.0008926024569884767,4.4616840846374797e-13,5.751471941842337e-20,3.679164078085685e-13,3.678798658053275e-13,7757464.74946428,6396908.678836672,6396273.32838012,0.8245314074835902,0.8246133093003657
94.0,0.3778140303698165,0.001427434415442846,20.588686793221893,0.0009218666783774795,5.104037434792583e-13,1.2197689315833753e-19,4.207876201484224e-13,4.20750963557146e-13,4184429.7740614363,3449732.2341388077,3449431.713357148,0.8243492900130824,0.8244211088266094
96.0,0.3858526267606637,0.0014888224957810407,20.48666141114686,0.0009514439009314383,5.834744915987778e-13,2.5082137450883876e-19,4.809306035104475e-13,4.808938785429659e-13,2326255.0599658587,1917422.7254443972,1917276.3066331875,0.8241900639482442,0.8242530058043327
98.0,0.3938912231515108,0.001551502956757933,20.384636029071828,0.0009813308466995131,6.665547262121051e-13,5.010223754313302e-19,5.493126443684661e-13,5.492759365536737e-13,1330389.1380864338,1096383.4577159607,1096310.1918967231,0.8240522720093775,0.8241073429785699
100.0,0.40192981954235796,0.0016154757983735245,20.282610646996794,0.0010115243386133556,7.609701500526184e-13,9.738840926430476e-19,6.270263966008982e-13,6.269898642079833e-13,781376.5065074665,643840.8855197502,643803.3734655018,0.8239348996338808,0.8239829072895193
102.0,0.40996841593320515,0.0016807410206278158,20.18058526492176,0.0010420212954161006,8.68217112629502e-13,1.845049965824253e-18,7.153057845719099e-13,7.152697168917625e-13,470565.63708920305,387689.1129354082,387669.56458668294,0.8238373863946086,0.8238789286305571
104.0,0.4180070123240523,0.001747298623520804,20.07855988284673,0.0010728187269412157,9.89983911736365e-13,3.4119263904904945e-18,8.155438800608418e-13,8.155087966695253e-13,290153.94778022927,239027.39588224242,239017.11330656483,0.8237596459917998,0.8237950843367069
106.0,0.42604560871489944,0.0018151486070524918,19.9765345007717,0.001103913729710778,1.128174630022825e-12,6.16699524731387e-18,9.293129893084157e-13,9.292798054268973e-13,182937.4897790328,150691.3743306665,150685.99344740203,0.8237020942476754,0.8237315080286941
108.0,0.43408420510574663,0.001884290971222879,19.874509118696665,0.0011353034828259026,1.2849357796890116e-12,1.0908827408450051e-17,1.0583872121092027e-12,1.0583575083879353e-12,117788.62489782281,97021.17124791698,97018.44834103108,0.823665684400263,0.8236888012919683
110.0,0.4421228014965938,0.001954725716031965,19.772483736621634,0.0011669852441248628,1.4626860512436752e-12,1.8906943585582998e-17,1.2047677625251253e-12,1.2047442166427762e-12,77362.3745489466,63720.91592021197,63719.67056385691,0.8236519488364715,0.8236680465372249
112.0,0.4501613978874409,0.0020264528414797494,19.670458354546604,0.001198956346586893,1.6641494857822472e-12,3.21421913431588e-17,1.3707113703729683e-12,1.370698434850801e-12,51774.61200499161,42645.2370885009,42644.834641697285,0.8236630462355927,0.8236708192886014
114.0,0.45819999427828806,0.002099472347566232,19.56843297247157,0.0012312141949618277,1.8923924141891545e-12,5.3651218468438487e-17,1.5587621140489229e-12,1.5587670623350731e-12,35272.123694681715,29053.620002421736,29053.71223306051,0.82370181292603,0.8236991980951349
116.0,0.46623859066913526,0.0021737842342914146,19.466407590396535,0.0012637562626076704,2.1508645308174936e-12,8.801212643965858e-17,1.7717870683411308e-12,1.771821582895871e-12,24438.274790373733,20131.169874140858,20131.562030950794,0.8237718171039079,0.8237557702751813
118.0,0.4742771870599824,0.002249388501655296,19.364382208321505,0.0012965800885198768,2.443444493290991e-12,1.4201868215009616e-16,2.0130161854359203e-12,2.0130987314486896e-12,17205.092008307558,14174.305485446002,14174.886718925427,0.8238774144352738,0.8238436317923712
120.0,0.48231578345082954,0.0023262851496578755,19.26235682624647,0.0013296832745376694,2.7744904638271593e-12,2.256027374878426e-16,2.286086863076325e-12,2.2862461847113093e-12,12298.124103997952,10133.240795446993,10133.94699979876,0.8240238034762026,0.8239663797304513
122.0,0.49035437984167674,0.002404474178299154,19.16033144417144,0.0013630634827140424,3.1488960305967228e-12,3.530789201323658e-16,2.595093690456236e-12,2.595373889381436e-12,8918.391472977863,7349.896984740299,7350.690571978797,0.8242170793075079,0.8241280960821245
124.0,0.4983929762325239,0.0024839555875791315,19.058306062096406,0.0013967184328373293,3.572151969798027e-12,5.44802351075327e-16,2.9446438995481474e-12,2.9451117154071892e-12,6556.785158410823,5404.976490530979,5405.835179664971,0.8244642838008117,0.8243333218868178
126.0,0.506431572623371,0.002564729377497808,18.956280680021376,0.0014306459000932813,4.050414330012762e-12,8.293492137407432e-16,3.3399190867343915e-12,3.3406742050020473e-12,4883.846590682285,4027.156511874935,4028.0670068210266,0.8247734510142131,0.8245870211317043
128.0,0.5144701690142182,0.002646795548055183,18.85425529794634,0.0014648437128575822,4.590579339692955e-12,1.2463515005080562e-15,3.7867438063620366e-12,3.787933281053083e-12,3683.214035383819,3038.2631262676928,3039.2174916217373,0.825153646360122,0.8248945342518176
130.0,0.5225087654050654,0.0027301540992512563,18.75222991587131,0.0014993097506095896,5.200365655983134e-12,1.850141198584018e-15,4.291661673654376e-12,4.29349988269699e-12,2810.7939328972125,2319.640077708093,2320.6336283862906,0.8256149983909736,0.825261521507959
132.0,0.5305473617959126,0.00281480503108603,18.650204533796277,0.0015340419419588654,5.888404488187511e-12,2.7143854966679154e-15,4.862019648740864e-12,4.864815612417469e-12,2169.332431010964,1791.2045487677815,1792.2346027818621,0.8261687223044167,0.8256938969621337
134.0,0.5385859581867597,0.0029007483435595015,18.548179151721246,0.0015690382627767889,6.664338141745786e-12,3.937923186108128e-15,5.506061205849164e-12,5.5102556095256935e-12,1692.3484351486777,1398.2144764207135,1399.2796073230445,0.826827134567069,0.8261977541864044
136.0,0.5466245545776068,0.0029879840366716704,18.446153769646216,0.0016042967344261543,7.538927538295936e-12,5.652043124417785e-15,6.233029121363336e-12,6.239244010979009e-12,1333.8411212268516,1102.7922087918248,1103.8917916291928,0.8276036583831258,0.8267792852101375
138.0,0.554663150968454,0.00307651211042254,18.344128387571182,0.001639815422082252,8.524169274016738e-12,8.029478194344441e-15,7.053278640922449e-12,7.062383524016417e-12,1061.6093683423578,878.4230394809993,879.5569715838825,0.8285128200754862,0.8274446945137706
140.0,0.5627017473593011,0.0031663325648121085,18.242103005496148,0.0016755924331394317,9.633422781722994e-12,1.129542233962028e-14,7.978401808457774e-12,7.991600818111499e-12,852.8607866155132,706.3393973744929,707.507924699711,0.829570236787859,0.828200110099475
142.0,0.5707403437501484,0.003257445399840376,18.14007762342112,0.0017116259156976467,1.0881548161931808e-11,1.5740913646550294e-14,9.021363758515316e-12,9.040309648571657e-12,691.290760261337,573.1156374453776,574.3192454748578,0.8307925962408942,0.8290514938008369
144.0,0.5787789401409955,0.003349850615507341,18.038052241346087,0.0017479140571238787,1.2285055244162873e-11,2.1738962677701087e-14,1.0196651786888814e-11,1.0223593853328442e-11,565.1169021401544,469.04960177093045,470.2889463909598,0.8321976295699676,0.8300045530306961
146.0,0.5868175365318427,0.003443548211813005,17.936026859271053,0.0017844550826837532,1.3862264431954211e-11,2.976384191739289e-14,1.1520438023050498e-11,1.155841262095098e-11,465.74177051564084,387.0615243497305,388.3373877952453,0.8338040785246766,0.8310646561101867
148.0,0.5948561329226898,0.0035385381887573677,17.83400147719602,0.0018212472542389945,1.563347987338075e-11,4.041398879196943e-14,1.3010756530718836e-11,1.3063830714901078e-11,386.83337974516496,321.9369559805533,323.25021868410477,0.835631658511613,0.8322367531794603
150.0,0.6028947293135369,0.003634820546340431,17.731976095120988,0.001858288869006715,1.762117548320866e-11,5.443901078947394e-14,1.468769565981518e-11,1.4761276660130405e-11,323.68654807768485,269.8009285402945,271.15255119559544,0.8377010191060481,0.8335253044730861
152.0,0.6109333257043841,0.003732395284562192,17.629950713045957,0.0018955782583767993,1.9850194323217803e-11,7.277131621641754e-14,1.6573606463772137e-11,1.6674832257331206e-11,272.774979968543,227.7491644439029,229.14017671112686,0.8400337037420067,0.8349342174644002
154.0,0.6189719220952312,0.00383126240342265,17.527925330970923,0.0019331137867839472,2.234796182367439e-11,9.656292758097173e-14,1.869332798047771e-11,1.8831557191984958e-11,231.43417855610025,193.58700537328508,195.01849895959268,0.8426521103161937,0.836466794062395
156.0,0.6270105184860785,0.003931421902921809,17.425899948895896,0.001970893850631161,2.5144713301591066e-11,1.2722806597324334e-13,2.1074430152958264e-11,2.1261852954839686e-11,197.6349566366836,165.64293414151493,167.11605880506863,0.8455794544093813,0.8381256886959515
158.0,0.6350491148769256,0.004032873783059665,17.323874566820862,0.0020089168772616938,2.827373620030303e-11,1.6649212362875878e-13,2.3747475137185105e-11,2.399987079320169e-11,169.82026286929533,142.6342256894795,144.15018722877355,0.8488397367499123,0.839912877765712
160.0,0.6430877112677728,0.0041356180438362235,17.221849184745828,0.0020471813239767104,3.1771627440248224e-11,2.1644766763778808e-13,2.6746297709180768e-11,2.7083968974721146e-11,146.78664726208137,123.56935050896026,125.12941012625976,0.8524577164218927,0.8418296405962076
162.0,0.6511263076586199,0.0042396546852514795,17.119823802670794,0.0020856856770960506,3.567856623281347e-11,2.7961814005820383e-13,3.0108305442014575e-11,3.0557225274207584e-11,127.59746640681756,107.6765099565693,109.28198459458659,0.8564588911676668,0.843876551696297
164.0,0.659164904049467,0.004344983707305431,17.017798420595764,0.0021244284510597185,4.00386026679413e-11,3.5902993809901296e-13,3.387479927551638e-11,3.4468011297243315e-11,111.51884124186738,94.3509041470921,96.00316753456298,0.8608694859584016,0.8460534838454729
166.0,0.6672035004403142,0.004451605109998084,16.915773038520733,0.0021634081875678488,4.48999623421241e-11,4.582935722058631e-13,3.809131504785458e-11,3.8870636040736257e-11,97.97205342857235,83.11553414225972,84.81601837364582,0.8657164508191298,0.8483596212756329
168.0,0.6752420968311614,0.004559518893329437,16.8137476564457,0.0022026234547570405,5.031536724672829e-11,5.81694609489221e-13,4.280798649886006e-11,4.38260669698276e-11,86.49790874099659,73.59185696503056,75.34205449885593,0.8710274687039545,0.8507934820180332
170.0,0.6832806932220086,0.004668725057299486,16.71172227437067,0.0022420728464111308,5.634237308758047e-11,7.342951147352807e-13,4.807993019050584e-11,4.940273787366817e-11,76.72987598166488,65.47766589437143,67.27913189437227,0.8768309740321889,0.8533529483355057
172.0,0.6913192896128557,0.004779223601908235,16.609696892295634,0.002281754981204558,6.30437231557276e-11,9.220463010310741e-13,5.3967652720724895e-11,5.567745386168661e-11,68.37370648874058,58.53030662383853,60.38466159391947,0.8831561823237314,0.8560353040605894
174.0,0.6993578860037029,0.004891014527155685,16.507671510220604,0.0023216685019766207,7.048771881658335e-11,1.1519130966803015e-12,6.053748053324164e-11,6.273640509070158e-11,61.191872042884064,52.55386079705545,54.46279347938801,0.8900331312174887,0.8588372776081277
176.0,0.70739648239455,0.005004097833041831,16.40564612814557,0.002361812075035006,7.874860663061804e-11,1.4320113245061766e-12,6.786201254884091e-11,7.06763021868052e-11,54.99160885321503,47.38929880477227,49.3545693231006,0.897492733024761,0.8617550894221875
178.0,0.7154350787853971,0.005118473519566677,16.303620746070536,0.0024021843894871204,8.790698206370221e-11,1.7717581738141943e-12,7.602059576302443e-11,7.960564786131318e-11,49.615677445674415,42.90686894327644,44.93031218246915,0.9055668388618616,0.8647845026454867
180.0,0.7234736751762444,0.005234141586730219,16.201595363995505,0.002442784156597777,9.805020968948522e-11,2.1820366242598397e-12,8.50998238719565e-11,8.96461609362365e-11,44.93518055534217,39.000181264520656,41.083710483844435,0.9142883143252476,0.8679208758600186
182.0,0.7315122715670915,0.005351102034532464,16.099569981920475,0.0024836101091719456,1.0927285973016074e-10,2.675374454731451e-12,9.519405890346401e-11,1.0093437091282388e-10,40.84394972707824,35.581583256546196,37.72719393889685,0.9236911266170942,0.8711592168314892
184.0,0.7395508679579387,0.005469354862973406,15.99754459984544,0.002524661000961302,1.2167716072593717e-10,3.266138439265357e-12,1.0640597574333298e-10,1.1362340336040647e-10,37.25413450426359,32.578525902063895,34.78829984498864,0.9338104429994812,0.8744942362930324
186.0,0.7475894643487858,0.005588900072053046,15.89551921777041,0.0025659356060934247,1.3537346806785428e-10,3.9707442961588796e-12,1.1884712935977342e-10,1.2788497879844833e-10,34.092718636858216,29.93069321405078,32.20680287122959,0.9446827404491667,0.8779204009178724
188.0,0.755628060739633,0.005709737661771384,15.793493835695378,0.002607432718522535,1.50480748073561e-10,4.807882916082336e-12,1.3263854444131885e-10,1.4391165042183268e-10,31.298754711809618,27.587723485870217,29.932436570043993,0.9563459264003853,0.8814319847511646
190.0,0.7636666571304801,0.005831867632128424,15.691468453620342,0.0026491511515007397,1.6712707723161435e-10,5.798763350399111e-12,1.4791132707617507e-10,1.6191930901087919e-10,28.821158432014908,25.50739151408805,27.923075874399114,0.9688394704975428,0.8850231184931872
192.0,0.7717052535213274,0.005955289983124163,15.589443071545311,0.002691089737068807,1.8545015618705196e-10,6.96737299240599e-12,1.6480729801468592e-10,1.8214998671016508e-10,26.616941046385957,23.65415174332073,26.14328053180121,0.9822045473309917,0.8886878361453366
194.0,0.7797438499121745,0.006080004714758597,15.48741768947028,0.0027332473255655644,2.0559783798971698e-10,8.340755332157563e-12,1.8347964697170585e-10,2.0487499509488034e-10,24.649786476416583,21.997965371829682,24.563122515414186,0.9964841901942918,0.8924201186438674
196.0,0.7877824463030216,0.006206011827031732,15.385392307395247,0.002775622785155048,2.277286700773069e-10,9.949305610316023e-12,2.040936073427403e-10,2.303984371159458e-10,22.888900893865845,20.51335191986907,23.15723791588583,1.0117234559782595,0.8962139342115193
198.0,0.7958210426938688,0.006333311319943565,15.283366925320218,0.0028182150013705705,2.520124494176314e-10,1.1827084638471676e-11,2.268271506272661e-10,2.5906113717660995e-10,21.30807862809013,19.17861903933895,21.90405709399628,1.0279696014036892,0.9000632752526103
200.0,0.8038596390847159,0.006461903193494098,15.181341543245185,0.0028610228766749652,2.7863079018930215e-10,1.4012150993022597e-11,2.5187169977508153e-10,2.912450388006997e-10,19.884940601057423,17.975234487588807,20.78517701855527,1.0452722708887536,0.9039621917016405
202.0,0.8118982354755631,0.006591787447683328,15.079316161170153,0.002904045330036253,3.077777033372187e-10,1.6546911727408912e-11,2.7943286059730346e-10,3.2737812516974716e-10,18.600310946688886,16.88731197704044,19.784847502840424,1.06368369644715,0.9079048208087412
204.0,0.8199368318664103,0.006722964082511263,14.977290779095117,0.002947281296518062,3.3966018729895505e-10,1.9478491683697148e-11,3.0973117031308757e-10,3.679399243040209e-10,17.437704767625277,15.901188620899342,18.88954906154127,1.0832589101182328,0.9118854134072382
206.0,0.8279754282572575,0.00685543309797789,14.875265397020085,0.002990729726884111,3.7449882916059636e-10,2.285912141962967e-11,3.430028622366243e-10,4.1346766792015354e-10,16.38290563691592,15.005076351800625,18.08764476683251,1.1040559695390828,0.9158983567597065
208.0,0.8360140246481046,0.006989194494083216,14.773240014945053,0.0030343895872162103,4.125284154659143e-10,2.6746543701726293e-11,3.7950064554679866e-10,4.645631811042596e-10,15.423615853561243,14.188773315122008,17.36909210718974,1.126136197380674,0.9199381941197585
210.0,0.8440526210389517,0.007124248270827244,14.671214632870022,0.0030782598585451094,4.5399855187100695e-10,3.1204438449254853e-11,4.1949449902425625e-10,5.219005889927085e-10,14.549165901809337,13.44342407271468,16.72520368669449,1.1495644354852355,0.9239996411782516
212.0,0.8520912174297989,0.007260594428209967,14.56918925079499,0.0031223395364936984,4.991742908078507e-10,3.630286594829503e-11,4.6327247758780565e-10,5.862349367634733e-10,13.750272265523282,12.76131967783561,16.14844782773978,1.1744093146598675,0.9280775995856227
214.0,0.860129813820646,0.007398232966231392,14.467163868719958,0.0031666276309320245,5.4833676629462e-10,4.2118728090085696e-11,5.111415304142328e-10,6.584118305319439e-10,13.018834878437193,12.135730436137033,15.632281894260883,1.2007435412021612,0.9321671677576289
216.0,0.8681684102114933,0.007537163884891516,14.365138486644927,0.003211123165643603,6.017838350081333e-10,4.873624732374657e-11,5.634283293827748e-10,7.393782193536628e-10,12.34776717646285,11.560765555870901,15.171012541078502,1.2286442013579009,0.9362636491808721
218.0,0.8762070066023404,0.007677387184190338,14.263113104569895,0.0032558251780025874,6.598307227145016e-10,5.624746295066015e-11,6.204801065479551e-10,8.301944526155509e-10,11.730853057200111,11.031254993531629,14.759678198175642,1.2581930850388168,0.9403625584382299
220.0,0.8842456029931876,0.00781890286412786,14.161087722494862,0.0033007327186613165,7.228106751378998e-10,6.475274432660844e-11,6.826654993120711e-10,9.320477628176992e-10,11.162626119629646,10.54264968089619,14.393949978652852,1.2894770302609055,0.9444596251733973
222.0,0.8922841993840347,0.007961710924704081,14.059062340419828,0.0033458448512478345,7.910756123343315e-10,7.436132047850266e-11,7.503754019415247e-10,1.046267341300314e-09,10.63826741165827,10.09093702361637,14.070047903503577,1.3225882899018393,0.9485507962093442
224.0,0.9003227957748818,0.008105811365918997,13.957036958344798,0.0033911606520729623,8.649967856273984e-10,8.519182558549266e-11,8.240238220493209e-10,1.174341194067372e-09,10.153518599731697,9.672569127214997,13.784669902265257,1.3576249225199148,0.9526322360280692
226.0,0.908361392165729,0.008251204187772615,13.855011576269765,0.0034366792098465605,9.44965436156222e-10,9.737285971966683e-11,9.040487406493876e-10,1.3179349867373624e-09,9.704608028117338,9.284401662353487,13.534931504853125,1.3946912091285009,0.9567003258095146
228.0,0.9163999885565761,0.008397889390264928,13.752986194194733,0.0034823996254025776,1.0313934540817959e-09,1.1104356418965978e-10,9.909129743767822e-10,1.4789131120764411e-09,9.288187583030028,8.923641650085424,13.318314508983992,1.4338980979795457,0.9607516612163768
230.0,0.9244385849474234,0.008545866973395946,13.650960812119699,0.0035283210114325832,1.1247140374971768e-09,1.263542107815141e-10,1.085105038461361e-09,1.6593622408360046e-09,8.901278639949567,8.587802747133411,13.13262320719408,1.4753636795790146,0.9647830490993446
232.0,0.9324771813382705,0.008695136937165658,13.548935430044668,0.0035744424922274044,1.2253823500888103e-09,1.4346680414521974e-10,1.1871400090408112e-09,1.8616176470537958e-09,8.541225668123587,8.274666854913463,12.97594700143618,1.5192136943370156,0.968791503284483
234.0,0.9405157777291177,0.008845699281574075,13.446910047969634,0.003620763203426604,1.3338761766009983e-09,1.625556965326868e-10,1.297560383402106e-09,2.0882926329530645e-09,8.20565630766918,7.982251075041174,12.846628432570183,1.565582075447573,0.9727742395913894
236.0,0.9485543741199648,0.008997554006621184,13.344884665894602,0.003667282291775436,1.4506965751627349e-09,1.8380821405355154e-10,1.416936936748029e-09,2.3423114164969125e-09,7.892446932431878,7.708779197077733,12.74323581542712,1.6146115297984756,0.976728670217672
238.0,0.9565929705108119,0.009150701112306992,13.242859283819573,0.0037139989148890595,1.5763685255461532e-09,2.074252935793497e-10,1.5458695740976754e-09,2.6269458869826813e-09,7.5996928742112155,7.452657038213661,12.664539804436886,1.666454159932267,0.9806523976124739
240.0,0.9646315669016591,0.009305140598631502,13.14083390174454,0.003760912241023679,1.7114415724378791e-09,2.3362212939419054e-10,1.6849881759459425e-09,2.9458566813025358e-09,7.325682617806143,7.212451064953965,12.609493325574448,1.7212721303165976,0.9845432079493928
242.0,0.9726701632925063,0.00946087246559471,13.038808519669509,0.003808021448854379,1.8564904628192615e-09,2.626288286612672e-10,1.8349534363274291e-09,3.3031390862204336e-09,7.06887538692,6.98686981806598,12.577214402005916,1.7792383814373576,0.9883990642973052
244.0,0.9807087596833535,0.009617896713196615,12.936783137594476,0.003855325727259408,2.0121157765681295e-09,2.946910747493292e-10,1.996457691954165e-09,3.703374330856532e-09,6.827881632586532,6.774747737617764,12.566971476848103,1.8405373955036615,0.9922180995764216
246.0,0.9887473560742006,0.009776213341437221,12.834757755519444,0.0039028242751106513,2.1789445494133876e-09,3.300707974415959e-10,2.1702257411241727e-09,4.15168689923324e-09,6.601446011893673,6.575031047719941,12.57817089973813,1.9053660178506844,0.9959986093764698
248.0,0.9967859524650478,0.009935822350316526,12.73273237344441,0.003950516301070092,2.357630887394437e-09,3.6904684903156166e-10,2.357015651128732e-09,4.653808566013158e-09,6.38843250817949,6.386765412884354,12.610346296752027,1.973934338447851,0.9997390447041584
250.0,1.004824548855895,nan,nan,nan,2.548856571999733e-09,4.1191568529563406e-10,2.557619552920237e-09,nan,6.18781139681633,6.209085121593803,nan,nan,1.003438004718182
252.0,1.012863145246742,nan,nan,nan,2.7533316551828033e-09,4.589920503215408e-10,2.7728644218391754e-09,nan,5.998647805019702,6.041203589248838,nan,nan,1.0070942295017762
254.0,1.0209017416375892,nan,nan,nan,2.971795043479447e-09,5.106096641638456e-10,3.003612843238227e-09,nan,5.82009165131244,5.882405003353836,nan,nan,1.0107065929154815
256.0,1.0289403380284363,nan,nan,nan,3.20501507047672e-09,5.671219122936772e-10,3.250763761883066e-09,nan,5.651368781562864,5.73203695962941,nan,nan,1.0142740955659661
258.0,1.0369789344192835,nan,nan,nan,3.453790056912205e-09,6.289025358087662e-10,3.5152532140532184e-09,nan,5.491773144896998,5.589503959516742,nan,nan,1.0177958579207804
260.0,1.0450175308101308,nan,nan,nan,3.7189488577111893e-09,6.963463213720289e-10,3.798055041311939e-09,nan,5.340659875080046,5.45426165794706,nan,nan,1.0212711135934887
262.0,1.053056127200978,nan,nan,nan,4.001351395299424e-09,7.698697898520845e-10,4.10018158496134e-09,nan,5.197439161846064,5.3258117658430395,nan,nan,1.0246992028188318
264.0,1.061094723591825,nan,nan,nan,4.301889178559853e-09,8.499118826471618e-10,4.422684360247529e-09,nan,5.061570812683612,5.20369752505695,nan,nan,1.0280795661333413
266.0,1.0691333199826722,nan,nan,nan,4.621485806833235e-09,9.369346446846321e-10,4.766654709430317e-09,nan,4.932559419220543,5.0874996847136025,nan,nan,1.0314117382730978
268.0,1.0771719163735194,nan,nan,nan,4.9610974583947965e-09,1.031423903101892e-09,5.133224432882901e-09,nan,4.809950053973783,4.9768329175281885,nan,nan,1.0346953422970646
270.0,1.0852105127643665,nan,nan,nan,5.32171336287122e-09,1.133889940630149e-09,5.523566397438083e-09,nan,4.6933244331577075,4.871342622872562,nan,nan,1.0379300839416044
272.0,1.0932491091552137,nan,nan,nan,5.704356257095553e-09,1.2448681627209634e-09,5.938895121249976e-09,nan,4.582297489741636,4.770702070385567,nan,nan,1.0411157462093439
274.0,1.1012877055460608,nan,nan,nan,6.110082823930407e-09,1.3649197574758216e-09,6.380467334492293e-09,nan,4.476514308232982,4.674609843945583,nan,nan,1.0442521841934636
276.0,1.109326301936908,nan,nan,nan,6.539984113622937e-09,1.4946323474613233e-09,6.84958251526661e-09,nan,4.375647378923179,4.582787550999298,nan,nan,1.0473393201366916
278.0,1.117364898327755,nan,nan,nan,6.9951859472887514e-09,1.634620632517052e-09,7.3475834001471226e-09,nan,4.279394134721825,4.494977766696257,nan,nan,1.0503771387228036
280.0,1.1254034947186022,nan,nan,nan,7.476849302154577e-09,1.7855270226890441e-09,7.875856468840124e-09,nan,4.187474738351634,4.410942186122115,nan,nan,1.0533656825971558
282.0,1.1334420911094494,nan,nan,nan,7.986170678222666e-09,1.9480222604494314e-09,8.435832402488741e-09,nan,4.099630091691131,4.330459961244229,nan,nan,1.0563050481117626
284.0,1.1414806875002967,nan,nan,nan,8.524382446052905e-09,2.122806031391792e-09,9.028986516923334e-09,nan,4.0156200425264466,4.253326202867244,nan,nan,1.0591953814911341
286.0,1.1495192838911439,nan,nan,nan,9.092753175390667e-09,2.310607562621955e-09,9.656839160181205e-09,nan,3.935221766985257,4.179350624656978,nan,nan,1.0620368741908912
288.0,1.157557880281991,nan,nan,nan,9.692587944400816e-09,2.5121862080954246e-09,1.0320956099752249e-08,nan,3.8582283085413094,4.1083563258540945,nan,nan,1.0648297605299961
290.0,1.1655964766728382,nan,nan,nan,1.032522862929957e-08,2.728332020184782e-09,1.1022948864918407e-08,nan,3.7844472567529635,4.040178681835012,nan,nan,1.0675743134286577
292.0,1.1736350730636853,nan,nan,nan,1.0992054174207416e-08,2.9598663067937474e-09,1.176447506974197e-08,nan,3.713699550880889,3.974664343027624,nan,nan,1.070270841399874
294.0,1.1816736694545324,nan,nan,nan,1.1694480841076298e-08,3.207642173368258e-09,1.2547238706221439e-08,nan,3.645818395259544,3.9116703260719143,nan,nan,1.0729196855109522
296.0,1.1897122658453796,nan,nan,nan,1.243396243957458e-08,3.472545049189396e-09,1.3372990409208107e-08,nan,3.5806482748084343,3.8510631884616715,nan,nan,1.0755212165226433
298.0,1.1977508622362267,nan,nan,nan,1.3211990536842252e-08,3.755493197367927e-09,1.4243527693003354e-08,nan,3.5180440603918552,3.792718278117523,nan,nan,1.0780758321983817
300.0,1.2057894586270739,nan,nan,nan,1.4030094647057378e-08,4.0574382079951666e-09,1.516069515960011e-08,nan,3.4578701948956683,3.73651905030273,nan,nan,1.0805839547760898
302.0,1.213828055017921,nan,nan,nan,1.4889842400782519e-08,4.379365473940517e-09,1.6126384678574775e-08,nan,3.399999951907362,3.682356445136877,nan,nan,1.0830460285951227
304.0,1.2218666514087682,nan,nan,nan,1.5792839694087113e-08,4.722294648821242e-09,1.7142535538677062e-08,nan,3.344314759780873,3.6301283197049354,nan,nan,1.0854625178710122
306.0,1.2299052477996153,nan,nan,nan,1.6740730817467055e-08,5.087280086705676e-09,1.8211134571204192e-08,nan,3.290703584655135,3.579738929412281,nan,nan,1.0878339046108392
308.0,1.2379438441904624,nan,nan,nan,1.7735198564609088e-08,5.475411263146322e-09,1.9334216245285014e-08,nan,3.239062366690234,3.5310984538127723,nan,nan,1.0901606866622173
310.0,1.2459824405813098,nan,nan,nan,1.8777964321071203e-08,5.887813177174383e-09,2.0513862735235603e-08,nan,3.1892935043979986,3.484122562645644,nan,nan,1.0924433758890737
312.0,1.254021036972157,nan,nan,nan,1.987078813297403e-08,6.325646733922271e-09,2.175220396018307e-08,nan,3.141305382485844,3.43873201826676,nan,nan,1.094682496467615
314.0,1.262059633363004,nan,nan,nan,2.1015468755821257e-08,6.790109107575151e-09,2.3051417596188977e-08,nan,3.0950119391124473,3.394852311058221,nan,nan,1.0968785832961145
316.0,1.2700982297538512,nan,nan,nan,2.2213843683587523e-08,7.282434084386178e-09,2.4413729061133652e-08,nan,3.0503322688790098,3.3524133247532766,nan,nan,1.0990321805123484
318.0,1.2781368261446984,nan,nan,nan,2.346778915823519e-08,7.803892385524525e-09,2.584141147265611e-08,nan,3.0071902582569816,3.311349028926829,nan,nan,1.1011438401127778
320.0,1.2861754225355455,nan,nan,nan,2.4779220159838367e-08,8.355791969557e-09,2.7336785579469936e-08,nan,2.9655142504884657,3.2715971961804664,nan,nan,1.1032141206678012
322.0,1.2942140189263927,nan,nan,nan,2.615009037751481e-08,8.939478314397927e-09,2.8902219666406324e-08,nan,2.925236737293435,3.2330991417985095,nan,nan,1.1052435861276386
324.0,1.3022526153172398,nan,nan,nan,2.7582392161381225e-08,9.556334678591913e-09,3.0540129433558035e-08,nan,2.886294074983713,3.195799483872618,nan,nan,1.107232804713654
326.0,1.310291211708087,nan,nan,nan,2.907815645576667e-08,1.0207782341826437e-08,3.2252977849924586e-08,nan,2.8486262228200916,3.159645922089057,nan,nan,1.1091823478901564
328.0,1.318329808098934,nan,nan,nan,3.063945271393429e-08,1.0895280824600707e-08,3.404327498198118e-08,nan,2.8121765016604954,3.1245890335487347,nan,nan,1.1110927894119627
330.0,1.3263684044897812,nan,nan,nan,3.2268388794576024e-08,1.1620328087006034e-08,3.591357779761367e-08,nan,2.7768913711359713,3.0905820841472273,nan,nan,1.1129647044432032
332.0,1.3344070008806284,nan,nan,nan,3.396711084036158e-08,1.238446070660296e-08,3.786648994588482e-08,nan,2.742720223760047,3.057580854182511,nan,nan,1.114798668743112
334.0,1.3424455972714757,nan,nan,nan,3.573780313883273e-08,1.318925403540584e-08,3.990466151311113e-08,nan,2.7096151945285554,3.0255434769843106,nan,nan,1.11659525791474
336.0,1.3504841936623229,nan,nan,nan,3.758268796595094e-08,1.4036322336014227e-08,4.203078875575083e-08,nan,2.6775309847025763,2.9944302894718184,nan,nan,1.118355046712725
338.0,1.35852279005317,nan,nan,nan,3.9504025412614556e-08,1.4927318896954946e-08,4.424761381061566e-08,nan,2.6464246985889117,2.9642036936480145,nan,nan,1.120078608406483
340.0,1.3665613864440171,nan,nan,nan,4.1504113194473575e-08,1.5863936127323566e-08,4.655792438293426e-08,nan,2.6162556922419866,2.9348280281300614,nan,nan,1.1217665141953597
342.0,1.3745999828348643,nan,nan,nan,4.3585286445382035e-08,1.6847905630838765e-08,4.8964553412809205e-08,nan,2.5869854331094184,2.906269448897164,nan,nan,1.1234193326724624
344.0,1.3826385792257114,nan,nan,nan,4.57499174948337e-08,1.788099825944478e-08,5.147037872061868e-08,nan,2.558577369732056,2.8784958185112464,nan,nan,1.1250376293341067
346.0,1.3906771756165586,nan,nan,nan,4.800041562973857e-08,1.8965024146619596e-08,5.407832263192567e-08,nan,2.5309968106892375,2.851476603132341,nan,nan,1.1266219661319252
348.0,1.3987157720074057,nan,nan,nan,5.0339226840902676e-08,2.010183272056754e-08,5.679135158246578e-08,nan,2.5042108120518396,2.8251827767106388,nan,nan,1.1281729010649104
350.0,1.4067543683982529,nan,nan,nan,5.276883355458248e-08,2.129331269749442e-08,5.961247570379309e-08,nan,2.478188072670899,2.799586731791511,nan,nan,1.1296909878087746
