T_K,time_au,time_fs,DVR_flux_au,analytic_flux_au
100.0,6000.0,145.133058,7.605085647927461e-13,7.609701500526184e-13
100.0,6100.0,147.5519423,7.605252484916132e-13,7.609701500526184e-13
100.0,6200.0,149.9708266,7.605410250622322e-13,7.609701500526184e-13
100.0,6300.0,152.3897109,7.605559599728155e-13,7.609701500526184e-13
100.0,6400.0,154.8085952,7.605701128391128e-13,7.609701500526184e-13
100.0,6500.0,157.22747950000002,7.605835380478716e-13,7.609701500526184e-13
100.0,6600.0,159.64636380000002,7.605962853041387e-13,7.609701500526184e-13
100.0,6700.0,162.06524810000002,7.606084001096018e-13,7.609701500526184e-13
100.0,6800.0,164.48413240000002,7.606199241820441e-13,7.609701500526184e-13
100.0,6900.0,166.90301670000002,7.606308958262293e-13,7.609701500526184e-13
100.0,7000.0,169.321901,7.606413502642067e-13,7.609701500526184e-13
100.0,7100.0,171.7407853,7.60651319930174e-13,7.609701500526184e-13
100.0,7200.0,174.1596696,7.606608347333264e-13,7.609701500526184e-13
100.0,7300.0,176.5785539,7.606699222917867e-13,7.609701500526184e-13
100.0,7400.0,178.9974382,7.606786081409823e-13,7.609701500526184e-13
100.0,7500.0,181.4163225,7.606869159199093e-13,7.609701500526184e-13
100.0,7600.0,183.8352068,7.606948675383124e-13,7.609701500526184e-13
100.0,7700.0,186.2540911,7.607024833271307e-13,7.609701500526184e-13
100.0,7800.0,188.6729754,7.607097821740075e-13,7.609701500526184e-13
100.0,7900.0,191.09185970000001,7.607167816453697e-13,7.609701500526184e-13
100.0,8000.0,193.51074400000002,7.607234980964814e-13,7.609701500526184e-13
100.0,8100.0,195.92962830000002,7.607299467708327e-13,7.609701500526184e-13
100.0,8200.0,198.34851260000002,7.607361418900935e-13,7.609701500526184e-13
100.0,8300.0,200.76739690000002,7.60742096735705e-13,7.609701500526184e-13
100.0,8400.0,203.18628120000002,7.607478237229742e-13,7.609701500526184e-13
100.0,8500.0,205.60516550000003,7.607533344684313e-13,7.609701500526184e-13
100.0,8600.0,208.0240498,7.607586398511142e-13,7.609701500526184e-13
100.0,8700.0,210.4429341,7.6076375006839e-13,7.609701500526184e-13
100.0,8800.0,212.8618184,7.607686746868845e-13,7.609701500526184e-13
100.0,8900.0,215.2807027,7.607734226890078e-13,7.609701500526184e-13
100.0,9000.0,217.699587,7.607780025155175e-13,7.609701500526184e-13
100.0,9100.0,220.1184713,7.607824221044964e-13,7.609701500526184e-13
100.0,9200.0,222.5373556,7.607866889270809e-13,7.609701500526184e-13
100.0,9300.0,224.9562399,7.607908100202462e-13,7.609701500526184e-13
100.0,9400.0,227.37512420000002,7.607947920169235e-13,7.609701500526184e-13
100.0,9500.0,229.79400850000002,7.607986411736984e-13,7.609701500526184e-13
100.0,9600.0,232.21289280000002,7.608023633963118e-13,7.609701500526184e-13
100.0,9700.0,234.63177710000002,7.60805964263158e-13,7.609701500526184e-13
100.0,9800.0,237.05066140000002,7.608094490469655e-13,7.609701500526184e-13
100.0,9900.0,239.46954570000003,7.608128227348071e-13,7.609701500526184e-13
100.0,10000.0,241.88843000000003,7.608160900465918e-13,7.609701500526184e-13
150.0,6000.0,145.133058,1.762072590279991e-11,1.762117548320866e-11
150.0,6100.0,147.5519423,1.7620741829861978e-11,1.762117548320866e-11
150.0,6200.0,149.9708266,1.762075690980383e-11,1.762117548320866e-11
150.0,6300.0,152.3897109,1.762077120174662e-11,1.762117548320866e-11
150.0,6400.0,154.8085952,1.7620784759377765e-11,1.762117548320866e-11
150.0,6500.0,157.22747950000002,1.7620797632452255e-11,1.762117548320866e-11
150.0,6600.0,159.64636380000002,1.7620809867236903e-11,1.762117548320866e-11
150.0,6700.0,162.06524810000002,1.7620821506355224e-11,1.762117548320866e-11
150.0,6800.0,164.48413240000002,1.762083258869151e-11,1.762117548320866e-11
150.0,6900.0,166.90301670000002,1.762084314965892e-11,1.762117548320866e-11
150.0,7000.0,169.321901,1.762085322171637e-11,1.762117548320866e-11
150.0,7100.0,171.7407853,1.7620862834861498e-11,1.762117548320866e-11
150.0,7200.0,174.1596696,1.7620872016935908e-11,1.762117548320866e-11
150.0,7300.0,176.5785539,1.7620880793763014e-11,1.762117548320866e-11
150.0,7400.0,178.9974382,1.7620889189234e-11,1.762117548320866e-11
150.0,7500.0,181.4163225,1.7620897225431316e-11,1.762117548320866e-11
150.0,7600.0,183.8352068,1.762090492280147e-11,1.762117548320866e-11
150.0,7700.0,186.2540911,1.762091230033657e-11,1.762117548320866e-11
150.0,7800.0,188.6729754,1.7620919375723784e-11,1.762117548320866e-11
150.0,7900.0,191.09185970000001,1.7620926165453158e-11,1.762117548320866e-11
150.0,8000.0,193.51074400000002,1.7620932684899503e-11,1.762117548320866e-11
150.0,8100.0,195.92962830000002,1.76209389483994e-11,1.762117548320866e-11
150.0,8200.0,198.34851260000002,1.7620944969332187e-11,1.762117548320866e-11
150.0,8300.0,200.76739690000002,1.7620950760201803e-11,1.762117548320866e-11
150.0,8400.0,203.18628120000002,1.7620956332711448e-11,1.762117548320866e-11
150.0,8500.0,205.60516550000003,1.762096169782705e-11,1.762117548320866e-11
150.0,8600.0,208.0240498,1.7620966865830925e-11,1.762117548320866e-11
150.0,8700.0,210.4429341,1.7620971846369815e-11,1.762117548320866e-11
150.0,8800.0,212.8618184,1.762097664850027e-11,1.762117548320866e-11
150.0,8900.0,215.2807027,1.762098128073232e-11,1.762117548320866e-11
150.0,9000.0,217.699587,1.762098575106995e-11,1.762117548320866e-11
150.0,9100.0,220.1184713,1.7620990067047828e-11,1.762117548320866e-11
150.0,9200.0,222.5373556,1.762099423576412e-11,1.762117548320866e-11
150.0,9300.0,224.9562399,1.7620998263910062e-11,1.762117548320866e-11
150.0,9400.0,227.37512420000002,1.7621002157797452e-11,1.762117548320866e-11
150.0,9500.0,229.79400850000002,1.7621005923384185e-11,1.762117548320866e-11
150.0,9600.0,232.21289280000002,1.7621009566298275e-11,1.762117548320866e-11
150.0,9700.0,234.63177710000002,1.7621013091859906e-11,1.762117548320866e-11
150.0,9800.0,237.05066140000002,1.7621016505101745e-11,1.762117548320866e-11
150.0,9900.0,239.46954570000003,1.7621019810787544e-11,1.762117548320866e-11
150.0,10000.0,241.88843000000003,1.7621023013429273e-11,1.762117548320866e-11
180.0,6000.0,145.133058,9.804976547893505e-11,9.805020968948523e-11
180.0,6100.0,147.5519423,9.804978105321335e-11,9.805020968948523e-11
180.0,6200.0,149.9708266,9.804979581625373e-11,9.805020968948523e-11
180.0,6300.0,152.3897109,9.804980981758316e-11,9.805020968948523e-11
180.0,6400.0,154.8085952,9.804982310389375e-11,9.805020968948523e-11
180.0,6500.0,157.22747950000002,9.804983572288185e-11,9.805020968948523e-11
180.0,6600.0,159.64636380000002,9.804984772164719e-11,9.805020968948523e-11
180.0,6700.0,162.06524810000002,9.804985914341198e-11,9.805020968948523e-11
180.0,6800.0,164.48413240000002,9.80498700259147e-11,9.805020968948523e-11
180.0,6900.0,166.90301670000002,9.804988040218462e-11,9.805020968948523e-11
180.0,7000.0,169.321901,9.804989030235597e-11,9.805020968948523e-11
180.0,7100.0,171.7407853,9.804989975496817e-11,9.805020968948523e-11
180.0,7200.0,174.1596696,9.804990878719736e-11,9.805020968948523e-11
180.0,7300.0,176.5785539,9.804991742445138e-11,9.805020968948523e-11
180.0,7400.0,178.9974382,9.80499256900238e-11,9.805020968948523e-11
180.0,7500.0,181.4163225,9.804993360515566e-11,9.805020968948523e-11
180.0,7600.0,183.8352068,9.80499411894018e-11,9.805020968948523e-11
180.0,7700.0,186.2540911,9.804994846100904e-11,9.805020968948523e-11
180.0,7800.0,188.6729754,9.804995543711722e-11,9.805020968948523e-11
180.0,7900.0,191.09185970000001,9.80499621337922e-11,9.805020968948523e-11
180.0,8000.0,193.51074400000002,9.804996856600872e-11,9.805020968948523e-11
180.0,8100.0,195.92962830000002,9.804997474768271e-11,9.805020968948523e-11
180.0,8200.0,198.34851260000002,9.80499806917688e-11,9.805020968948523e-11
180.0,8300.0,200.76739690000002,9.804998641037998e-11,9.805020968948523e-11
180.0,8400.0,203.18628120000002,9.804999191488296e-11,9.805020968948523e-11
180.0,8500.0,205.60516550000003,9.804999721595515e-11,9.805020968948523e-11
180.0,8600.0,208.0240498,9.805000232361879e-11,9.805020968948523e-11
180.0,8700.0,210.4429341,9.805000724727369e-11,9.805020968948523e-11
180.0,8800.0,212.8618184,9.805001199573995e-11,9.805020968948523e-11
180.0,8900.0,215.2807027,9.805001657730599e-11,9.805020968948523e-11
180.0,9000.0,217.699587,9.805002099977377e-11,9.805020968948523e-11
180.0,9100.0,220.1184713,9.805002527049568e-11,9.805020968948523e-11
180.0,9200.0,222.5373556,9.805002939640361e-11,9.805020968948523e-11
180.0,9300.0,224.9562399,9.805003338403413e-11,9.805020968948523e-11
180.0,9400.0,227.37512420000002,9.805003723955361e-11,9.805020968948523e-11
180.0,9500.0,229.79400850000002,9.805004096878349e-11,9.805020968948523e-11
180.0,9600.0,232.21289280000002,9.805004457722474e-11,9.805020968948523e-11
180.0,9700.0,234.63177710000002,9.805004807008009e-11,9.805020968948523e-11
180.0,9800.0,237.05066140000002,9.80500514522739e-11,9.805020968948523e-11
180.0,9900.0,239.46954570000003,9.805005472846959e-11,9.805020968948523e-11
180.0,10000.0,241.88843000000003,9.805005790308607e-11,9.805020968948523e-11
200.0,6000.0,145.133058,2.786303488865817e-10,2.7863079018930215e-10
200.0,6100.0,147.5519423,2.786303642694071e-10,2.7863079018930215e-10
200.0,6200.0,149.9708266,2.786303788671348e-10,2.7863079018930215e-10
200.0,6300.0,152.3897109,2.786303927157891e-10,2.7863079018930215e-10
200.0,6400.0,154.8085952,2.786304058547433e-10,2.7863079018930215e-10
200.0,6500.0,157.22747950000002,2.786304183323638e-10,2.7863079018930215e-10
200.0,6600.0,159.64636380000002,2.786304301997615e-10,2.7863079018930215e-10
200.0,6700.0,162.06524810000002,2.786304415024774e-10,2.7863079018930215e-10
200.0,6800.0,164.48413240000002,2.7863045227725463e-10,2.7863079018930215e-10
200.0,6900.0,166.90301670000002,2.7863046255433924e-10,2.7863079018930215e-10
200.0,7000.0,169.321901,2.7863047236153843e-10,2.7863079018930215e-10
200.0,7100.0,171.7407853,2.786304817265495e-10,2.7863079018930215e-10
200.0,7200.0,174.1596696,2.7863049067676114e-10,2.7863079018930215e-10
200.0,7300.0,176.5785539,2.7863049923787353e-10,2.7863079018930215e-10
200.0,7400.0,178.9974382,2.786305074329619e-10,2.7863079018930215e-10
200.0,7500.0,181.4163225,2.786305152825949e-10,2.7863079018930215e-10
200.0,7600.0,183.8352068,2.7863052280559355e-10,2.7863079018930215e-10
200.0,7700.0,186.2540911,2.786305300197084e-10,2.7863079018930215e-10
200.0,7800.0,188.6729754,2.7863053694184806e-10,2.7863079018930215e-10
200.0,7900.0,191.09185970000001,2.7863054358795683e-10,2.7863079018930215e-10
200.0,8000.0,193.51074400000002,2.7863054997284564e-10,2.7863079018930215e-10
200.0,8100.0,195.92962830000002,2.7863055611018323e-10,2.7863079018930215e-10
200.0,8200.0,198.34851260000002,2.78630562012644e-10,2.7863079018930215e-10
200.0,8300.0,200.76739690000002,2.7863056769209697e-10,2.7863079018930215e-10
200.0,8400.0,203.18628120000002,2.786305731597253e-10,2.7863079018930215e-10
200.0,8500.0,205.60516550000003,2.786305784260686e-10,2.7863079018930215e-10
200.0,8600.0,208.0240498,2.7863058350102354e-10,2.7863079018930215e-10
200.0,8700.0,210.4429341,2.7863058839385853e-10,2.7863079018930215e-10
200.0,8800.0,212.8618184,2.7863059311325883e-10,2.7863079018930215e-10
200.0,8900.0,215.2807027,2.7863059766738436e-10,2.7863079018930215e-10
200.0,9000.0,217.699587,2.7863060206392526e-10,2.7863079018930215e-10
200.0,9100.0,220.1184713,2.7863060631013726e-10,2.7863079018930215e-10
200.0,9200.0,222.5373556,2.7863061041286603e-10,2.7863079018930215e-10
200.0,9300.0,224.9562399,2.786306143785657e-10,2.7863079018930215e-10
200.0,9400.0,227.37512420000002,2.786306182133229e-10,2.7863079018930215e-10
200.0,9500.0,229.79400850000002,2.7863062192288315e-10,2.7863079018930215e-10
200.0,9600.0,232.21289280000002,2.7863062551267625e-10,2.7863079018930215e-10
200.0,9700.0,234.63177710000002,2.7863062898784067e-10,2.7863079018930215e-10
200.0,9800.0,237.05066140000002,2.7863063235324133e-10,2.7863079018930215e-10
200.0,9900.0,239.46954570000003,2.7863063561348727e-10,2.7863079018930215e-10
200.0,10000.0,241.88843000000003,2.786306387729469e-10,2.7863079018930215e-10
230.0,6000.0,145.133058,1.1247135997633031e-09,1.1247140374971768e-09
230.0,6100.0,147.5519423,1.124713614918716e-09,1.1247140374971768e-09
230.0,6200.0,149.9708266,1.1247136293333627e-09,1.1247140374971768e-09
230.0,6300.0,152.3897109,1.124713643005651e-09,1.1247140374971768e-09
230.0,6400.0,154.8085952,1.1247136559602942e-09,1.1247140374971768e-09
230.0,6500.0,157.22747950000002,1.124713668253832e-09,1.1247140374971768e-09
230.0,6600.0,159.64636380000002,1.1247136799518632e-09,1.1247140374971768e-09
230.0,6700.0,162.06524810000002,1.1247136911066633e-09,1.1247140374971768e-09
230.0,6800.0,164.48413240000002,1.1247137017515044e-09,1.1247140374971768e-09
230.0,6900.0,166.90301670000002,1.1247137119090153e-09,1.1247140374971768e-09
230.0,7000.0,169.321901,1.1247137216018536e-09,1.1247140374971768e-09
230.0,7100.0,171.7407853,1.124713730857161e-09,1.1247140374971768e-09
230.0,7200.0,174.1596696,1.124713739704332e-09,1.1247140374971768e-09
230.0,7300.0,176.5785539,1.1247137481706368e-09,1.1247140374971768e-09
230.0,7400.0,178.9974382,1.1247137562788984e-09,1.1247140374971768e-09
230.0,7500.0,181.4163225,1.1247137640481596e-09,1.1247140374971768e-09
230.0,7600.0,183.8352068,1.124713771495724e-09,1.1247140374971768e-09
230.0,7700.0,186.2540911,1.1247137786386109e-09,1.1247140374971768e-09
230.0,7800.0,188.6729754,1.124713785493696e-09,1.1247140374971768e-09
230.0,7900.0,191.09185970000001,1.12471379207706e-09,1.1247140374971768e-09
230.0,8000.0,193.51074400000002,1.12471379840341e-09,1.1247140374971768e-09
230.0,8100.0,195.92962830000002,1.124713804486025e-09,1.1247140374971768e-09
230.0,8200.0,198.34851260000002,1.124713810337099e-09,1.1247140374971768e-09
230.0,8300.0,200.76739690000002,1.124713815968133e-09,1.1247140374971768e-09
230.0,8400.0,203.18628120000002,1.1247138213901047e-09,1.1247140374971768e-09
230.0,8500.0,205.60516550000003,1.1247138266134378e-09,1.1247140374971768e-09
230.0,8600.0,208.0240498,1.1247138316479099e-09,1.1247140374971768e-09
230.0,8700.0,210.4429341,1.1247138365026292e-09,1.1247140374971768e-09
230.0,8800.0,212.8618184,1.1247138411860898e-09,1.1247140374971768e-09
230.0,8900.0,215.2807027,1.1247138457062793e-09,1.1247140374971768e-09
230.0,9000.0,217.699587,1.1247138500707437e-09,1.1247140374971768e-09
230.0,9100.0,220.1184713,1.1247138542866308e-09,1.1247140374971768e-09
230.0,9200.0,222.5373556,1.1247138583606866e-09,1.1247140374971768e-09
230.0,9300.0,224.9562399,1.1247138622992686e-09,1.1247140374971768e-09
230.0,9400.0,227.37512420000002,1.1247138661083628e-09,1.1247140374971768e-09
230.0,9500.0,229.79400850000002,1.1247138697936145e-09,1.1247140374971768e-09
230.0,9600.0,232.21289280000002,1.1247138733603623e-09,1.1247140374971768e-09
230.0,9700.0,234.63177710000002,1.1247138768136637e-09,1.1247140374971768e-09
230.0,9800.0,237.05066140000002,1.1247138801583092e-09,1.1247140374971768e-09
230.0,9900.0,239.46954570000003,1.1247138833988407e-09,1.1247140374971768e-09
230.0,10000.0,241.88843000000003,1.124713886539564e-09,1.1247140374971768e-09
240.0,6000.0,145.133058,1.7114411357172345e-09,1.7114415724378793e-09
240.0,6100.0,147.5519423,1.7114411508124274e-09,1.7114415724378793e-09
240.0,6200.0,149.9708266,1.711441165182794e-09,1.7114415724378793e-09
240.0,6300.0,152.3897109,1.7114411788085228e-09,1.7114415724378793e-09
240.0,6400.0,154.8085952,1.7114411917088767e-09,1.7114415724378793e-09
240.0,6500.0,157.22747950000002,1.7114412039459907e-09,1.7114415724378793e-09
240.0,6600.0,159.64636380000002,1.7114412155931164e-09,1.7114415724378793e-09
240.0,6700.0,162.06524810000002,1.7114412267055594e-09,1.7114415724378793e-09
240.0,6800.0,164.48413240000002,1.711441237314498e-09,1.7114415724378793e-09
240.0,6900.0,166.90301670000002,1.7114412474387968e-09,1.7114415724378793e-09
240.0,7000.0,169.321901,1.7114412570989234e-09,1.7114415724378793e-09
240.0,7100.0,171.7407853,1.7114412663221706e-09,1.7114415724378793e-09
240.0,7200.0,174.1596696,1.7114412751391912e-09,1.7114415724378793e-09
240.0,7300.0,176.5785539,1.7114412835781089e-09,1.7114415724378793e-09
240.0,7400.0,178.9974382,1.711441291661622e-09,1.7114415724378793e-09
240.0,7500.0,181.4163225,1.7114412994080543e-09,1.7114415724378793e-09
240.0,7600.0,183.8352068,1.7114413068340614e-09,1.7114415724378793e-09
240.0,7700.0,186.2540911,1.7114413139564341e-09,1.7114415724378793e-09
240.0,7800.0,188.6729754,1.7114413207921482e-09,1.7114415724378793e-09
240.0,7900.0,191.09185970000001,1.7114413273574284e-09,1.7114415724378793e-09
240.0,8000.0,193.51074400000002,1.7114413336669795e-09,1.7114415724378793e-09
240.0,8100.0,195.92962830000002,1.7114413397339241e-09,1.7114415724378793e-09
240.0,8200.0,198.34851260000002,1.7114413455702752e-09,1.7114415724378793e-09
240.0,8300.0,200.76739690000002,1.7114413511874044e-09,1.7114415724378793e-09
240.0,8400.0,203.18628120000002,1.7114413565962422e-09,1.7114415724378793e-09
240.0,8500.0,205.60516550000003,1.7114413618072005e-09,1.7114415724378793e-09
240.0,8600.0,208.0240498,1.7114413668300356e-09,1.7114415724378793e-09
240.0,8700.0,210.4429341,1.7114413716738061e-09,1.7114415724378793e-09
240.0,8800.0,212.8618184,1.7114413763469477e-09,1.7114415724378793e-09
240.0,8900.0,215.2807027,1.7114413808573865e-09,1.7114415724378793e-09
240.0,9000.0,217.699587,1.7114413852126318e-09,1.7114415724378793e-09
240.0,9100.0,220.1184713,1.711441389419801e-09,1.7114415724378793e-09
240.0,9200.0,222.5373556,1.7114413934856175e-09,1.7114415724378793e-09
240.0,9300.0,224.9562399,1.7114413974164096e-09,1.7114415724378793e-09
240.0,9400.0,227.37512420000002,1.7114414012181344e-09,1.7114415724378793e-09
240.0,9500.0,229.79400850000002,1.7114414048964078e-09,1.7114415724378793e-09
240.0,9600.0,232.21289280000002,1.7114414084565394e-09,1.7114415724378793e-09
240.0,9700.0,234.63177710000002,1.7114414119035638e-09,1.7114415724378793e-09
240.0,9800.0,237.05066140000002,1.71144141524225e-09,1.7114415724378793e-09
240.0,9900.0,239.46954570000003,1.7114414184771187e-09,1.7114415724378793e-09
240.0,10000.0,241.88843000000003,1.7114414216124603e-09,1.7114415724378793e-09
260.0,6000.0,145.133058,3.718948422794428e-09,3.7189488577111893e-09
260.0,6100.0,147.5519423,3.7189484377928017e-09,3.7189488577111893e-09
260.0,6200.0,149.9708266,3.718948452099014e-09,3.7189488577111893e-09
260.0,6300.0,152.3897109,3.718948465647327e-09,3.7189488577111893e-09
260.0,6400.0,154.8085952,3.718948478446247e-09,3.7189488577111893e-09
260.0,6500.0,157.22747950000002,3.7189484905747974e-09,3.7189488577111893e-09
260.0,6600.0,159.64636380000002,3.718948502126373e-09,3.7189488577111893e-09
260.0,6700.0,162.06524810000002,3.718948513163208e-09,3.7189488577111893e-09
260.0,6800.0,164.48413240000002,3.718948523710262e-09,3.7189488577111893e-09
260.0,6900.0,166.90301670000002,3.7189485337766707e-09,3.7189488577111893e-09
260.0,7000.0,169.321901,3.7189485433778557e-09,3.7189488577111893e-09
260.0,7100.0,171.7407853,3.7189485525421657e-09,3.7189488577111893e-09
260.0,7200.0,174.1596696,3.71894856130383e-09,3.7189488577111893e-09
260.0,7300.0,176.5785539,3.7189485696931804e-09,3.7189488577111893e-09
260.0,7400.0,178.9974382,3.718948577732495e-09,3.7189488577111893e-09
260.0,7500.0,181.4163225,3.718948585438242e-09,3.7189488577111893e-09
260.0,7600.0,183.8352068,3.718948592825546e-09,3.7189488577111893e-09
260.0,7700.0,186.2540911,3.7189485999107967e-09,3.7189488577111893e-09
260.0,7800.0,188.6729754,3.718948606711375e-09,3.7189488577111893e-09
260.0,7900.0,191.09185970000001,3.7189486132439493e-09,3.7189488577111893e-09
260.0,8000.0,193.51074400000002,3.7189486195232473e-09,3.7189488577111893e-09
260.0,8100.0,195.92962830000002,3.7189486255620376e-09,3.7189488577111893e-09
260.0,8200.0,198.34851260000002,3.718948631371901e-09,3.7189488577111893e-09
260.0,8300.0,200.76739690000002,3.718948636963956e-09,3.7189488577111893e-09
260.0,8400.0,203.18628120000002,3.7189486423490697e-09,3.7189488577111893e-09
260.0,8500.0,205.60516550000003,3.7189486475376755e-09,3.7189488577111893e-09
260.0,8600.0,208.0240498,3.7189486525395084e-09,3.7189488577111893e-09
260.0,8700.0,210.4429341,3.7189486573635406e-09,3.7189488577111893e-09
260.0,8800.0,212.8618184,3.7189486620180743e-09,3.7189488577111893e-09
260.0,8900.0,215.2807027,3.7189486665109244e-09,3.7189488577111893e-09
260.0,9000.0,217.699587,3.7189486708495314e-09,3.7189488577111893e-09
260.0,9100.0,220.1184713,3.7189486750409647e-09,3.7189488577111893e-09
260.0,9200.0,222.5373556,3.718948679091911e-09,3.7189488577111893e-09
260.0,9300.0,224.9562399,3.718948683008655e-09,3.7189488577111893e-09
260.0,9400.0,227.37512420000002,3.718948686797094e-09,3.7189488577111893e-09
260.0,9500.0,229.79400850000002,3.7189486904627877e-09,3.7189488577111893e-09
260.0,9600.0,232.21289280000002,3.7189486940109926e-09,3.7189488577111893e-09
260.0,9700.0,234.63177710000002,3.7189486974467e-09,3.7189488577111893e-09
260.0,9800.0,237.05066140000002,3.718948700774641e-09,3.7189488577111893e-09
260.0,9900.0,239.46954570000003,3.7189487039992965e-09,3.7189488577111893e-09
260.0,10000.0,241.88843000000003,3.7189487071249288e-09,3.7189488577111893e-09
300.0,6000.0,145.133058,1.4030094215007099e-08,1.4030094647057378e-08
300.0,6100.0,147.5519423,1.4030094229908944e-08,1.4030094647057378e-08
300.0,6200.0,149.9708266,1.4030094244180387e-08,1.4030094647057378e-08
300.0,6300.0,152.3897109,1.4030094257624976e-08,1.4030094647057378e-08
300.0,6400.0,154.8085952,1.4030094270235826e-08,1.4030094647057378e-08
300.0,6500.0,157.22747950000002,1.403009428215377e-08,1.4030094647057378e-08
300.0,6600.0,159.64636380000002,1.4030094293533025e-08,1.4030094647057378e-08
300.0,6700.0,162.06524810000002,1.4030094304451056e-08,1.4030094647057378e-08
300.0,6800.0,164.48413240000002,1.4030094314909773e-08,1.4030094647057378e-08
300.0,6900.0,166.90301670000002,1.4030094324889078e-08,1.4030094647057378e-08
300.0,7000.0,169.321901,1.4030094334392258e-08,1.4030094647057378e-08
300.0,7100.0,171.7407853,1.4030094343453855e-08,1.4030094647057378e-08
300.0,7200.0,174.1596696,1.4030094352120013e-08,1.4030094647057378e-08
300.0,7300.0,176.5785539,1.4030094360427292e-08,1.4030094647057378e-08
300.0,7400.0,178.9974382,1.4030094368395966e-08,1.4030094647057378e-08
300.0,7500.0,181.4163225,1.4030094376036799e-08,1.4030094647057378e-08
300.0,7600.0,183.8352068,1.4030094383360884e-08,1.4030094647057378e-08
300.0,7700.0,186.2540911,1.403009439038421e-08,1.4030094647057378e-08
300.0,7800.0,188.6729754,1.4030094397125924e-08,1.4030094647057378e-08
300.0,7900.0,191.09185970000001,1.4030094403604219e-08,1.4030094647057378e-08
300.0,8000.0,193.51074400000002,1.403009440983391e-08,1.4030094647057378e-08
300.0,8100.0,195.92962830000002,1.4030094415826749e-08,1.4030094647057378e-08
300.0,8200.0,198.34851260000002,1.4030094421593218e-08,1.4030094647057378e-08
300.0,8300.0,200.76739690000002,1.403009442714391e-08,1.4030094647057378e-08
300.0,8400.0,203.18628120000002,1.4030094432489725e-08,1.4030094647057378e-08
300.0,8500.0,205.60516550000003,1.4030094437641321e-08,1.4030094647057378e-08
300.0,8600.0,208.0240498,1.4030094442608478e-08,1.4030094647057378e-08
300.0,8700.0,210.4429341,1.4030094447399983e-08,1.4030094647057378e-08
300.0,8800.0,212.8618184,1.403009445202385e-08,1.4030094647057378e-08
300.0,8900.0,215.2807027,1.4030094456487674e-08,1.4030094647057378e-08
300.0,9000.0,217.699587,1.4030094460798775e-08,1.4030094647057378e-08
300.0,9100.0,220.1184713,1.4030094464964194e-08,1.4030094647057378e-08
300.0,9200.0,222.5373556,1.4030094468990585e-08,1.4030094647057378e-08
300.0,9300.0,224.9562399,1.4030094472884157e-08,1.4030094647057378e-08
300.0,9400.0,227.37512420000002,1.4030094476650694e-08,1.4030094647057378e-08
300.0,9500.0,229.79400850000002,1.4030094480295677e-08,1.4030094647057378e-08
300.0,9600.0,232.21289280000002,1.4030094483824228e-08,1.4030094647057378e-08
300.0,9700.0,234.63177710000002,1.4030094487241284e-08,1.4030094647057378e-08
300.0,9800.0,237.05066140000002,1.4030094490551499e-08,1.4030094647057378e-08
300.0,9900.0,239.46954570000003,1.4030094493759267e-08,1.4030094647057378e-08
300.0,10000.0,241.88843000000003,1.403009449686884e-08,1.4030094647057378e-08
