x,analytic_F,wham_mean,wham_run_sd,plain_pooled_F
-1.794,34.934794288768,nan,nan,nan
-1.782,33.51218939660801,nan,nan,nan
-1.77,32.12829928000001,nan,nan,nan
-1.758,30.782534704768004,nan,nan,nan
-1.746,29.474310418047992,nan,nan,nan
-1.734,28.20304514828799,nan,nan,nan
-1.722,26.968161605248,nan,nan,nan
-1.71,25.76908647999999,nan,nan,nan
-1.698,24.605250444927993,nan,nan,nan
-1.686,23.476088153727996,nan,nan,nan
-1.6740000000000002,22.38103824140801,nan,nan,nan
-1.6620000000000001,21.31954332428801,nan,nan,nan
-1.6500000000000001,20.291050000000016,nan,nan,nan
-1.6380000000000001,19.295008847488003,nan,nan,nan
-1.6260000000000001,18.330874427008013,nan,nan,nan
-1.614,17.398105280128007,nan,nan,nan
-1.602,16.49616392972801,nan,nan,nan
-1.59,15.624516880000005,nan,nan,nan
-1.578,14.782634616448009,nan,nan,nan
-1.566,13.969991605887998,nan,nan,nan
-1.554,13.186066296448008,nan,nan,nan
-1.542,12.430341117568,nan,nan,nan
-1.53,11.70230248,nan,nan,nan
-1.518,11.001440775808005,nan,nan,nan
-1.506,10.327250378368,nan,nan,7.902296130876297
-1.494,9.679229642367998,nan,nan,7.902296130876297
-1.482,9.056880903808004,nan,nan,6.803683842208188
-1.47,8.459710479999996,nan,nan,5.5044008580779265
-1.458,7.887228669567997,7.932687004524994,0.425344536991625,4.8577736931528746
-1.446,7.338949752448,7.456051744692997,0.32269831537175875,4.238734484746651
-1.434,6.814391989887995,6.862023107619064,0.36662413274749395,3.6681896262790374
-1.422,6.313077624448,6.419768316030646,0.261386579909498,3.042483726514625
-1.41,5.834532879999997,5.769817913400971,0.19251641142173542,2.614029100181762
-1.398,5.378287961727997,5.4062504664712625,0.2138097458741721,2.152903144968044
-1.3860000000000001,4.943877056128004,5.005530796959872,0.13853154206153134,1.7078907397716248
-1.374,4.530838331008004,4.57997083039188,0.09121365102368822,1.3188869087175323
-1.362,4.1387139354880045,4.128721631917267,0.1126763955328674,0.9138829488767057
-1.35,3.767050000000003,3.794889842888088,0.09831618744444091,0.5127321771986622
-1.338,3.4153966362880017,3.415034002967572,0.09677532366866178,0.19209093644376463
-1.326,3.083307937408002,3.1067069715421898,0.06558144409794107,-0.12420080806911526
-1.314,2.7703419777280027,2.7968545336203583,0.12836378750505376,-0.4601128467390738
-1.302,2.4760608129280013,2.5174266393565294,0.10237109319909167,-0.7424103808388998
-1.29,2.200030480000001,2.213840858116837,0.08698137162182648,-1.0372848358440125
-1.278,1.9418209972479996,1.9604575443433807,0.09910389958821664,-1.2806730443037535
-1.266,1.7010063642880007,1.715693476714664,0.07816123341838667,-1.538917838476006
-1.254,1.4771645620480003,1.4984392560427269,0.07884450623094832,-1.7472664460061833
-1.242,1.2698775527680004,1.295854865562706,0.08383258477691706,-1.954414230100902
-1.23,1.0787312799999995,1.1013798524329765,0.08676447274432691,-2.147453928638083
-1.218,0.9033156686079991,0.9308858822307217,0.08113386267809347,-2.330890773993615
-1.2060000000000002,0.7432246247680028,0.7608213788895207,0.08031341517848392,-2.487498917612096
-1.1940000000000002,0.5980560359680016,0.622016091333324,0.0743533546547305,-2.625336802121536
-1.1820000000000002,0.46741177100800213,0.4778747239429131,0.07909494697353164,-2.7672637322343325
-1.1700000000000002,0.35089768000000165,0.36906222261798166,0.0732052231562629,-2.8836357727501563
-1.1580000000000001,0.2481235943680009,0.257835595207723,0.08294371875003112,-2.9818831652175657
-1.1460000000000001,0.15870332684800115,0.18021967636401712,0.08178398732655341,-3.071798533917863
-1.1340000000000001,0.08225467148800081,0.11121845947858412,0.06694566792128097,-3.1459554763490845
-1.122,0.018399403648000745,0.03612612879406582,0.07675521725914732,-3.209688973857183
-1.11,-0.033236719999999664,-0.027890158998994507,0.08692448633924871,-3.259652411269837
-1.098,-0.07302396147199985,-0.05813681880307347,0.07118596086561456,-3.2935871063356634
-1.086,-0.1013286014719999,-0.087969409036551,0.07663901718117609,-3.3210254160794515
-1.074,-0.11851293939199992,-0.11168736799571105,0.08943731835307009,-3.3382036226000986
-1.062,-0.12493529331199998,-0.10910323252020099,0.08307901421191802,-3.3493035302395233
-1.05,-0.12095000000000002,-0.1017632728685159,0.06653826068640002,-3.345999505172303
-1.038,-0.10690741491200005,-0.09837113526004639,0.06725842470127846,-3.336416147589114
-1.026,-0.08315391219199994,-0.04677467720402029,0.07039218815481142,-3.314700013054069
-1.014,-0.05003188467200017,-0.04830759163345474,0.08196047647119206,-3.2736729803069116
-1.002,-0.0078797438719998,0.012397551428664786,0.07079491653545791,-3.232935022931123
-0.99,0.04296808000000007,0.04695735074390985,0.06763200714529002,-3.181122526505485
-0.978,0.102181138048,0.11544295147266447,0.07341113304387657,-3.125503945177754
-0.966,0.16943296268800004,0.16939438612355553,0.07931269260314258,-3.0621883745332443
-0.9540000000000001,0.24440106764799951,0.25331738475201265,0.0731656175755482,-2.9825955094223997
-0.9420000000000001,0.32676694796799943,0.33657721907704596,0.07602254364702044,-2.8996847145034055
-0.93,0.41621607999999954,0.4287849955957708,0.08119577832738419,-2.799239012045146
-0.918,0.5124379214079999,0.5310241919567062,0.07394645455299735,-2.7121048437637203
-0.906,0.615125911168,0.6224770539057439,0.05993284093247053,-2.612043359492946
-0.894,0.7239774695679997,0.7364338468946355,0.08567474184787088,-2.501421106212418
-0.882,0.8386939982079997,0.8385749540229672,0.08017913703320748,-2.383114921184961
-0.87,0.9589808799999999,0.9855848665268266,0.07394926655694554,-2.271333056134623
-0.858,1.0845474791680005,1.072433645266756,0.049245755104723773,-2.141952864368073
-0.8460000000000001,1.2151071412479992,1.2346690642711464,0.06697456012603482,-2.004934407938665
-0.8340000000000001,1.3503771930879989,1.372560846160632,0.07692992206067696,-1.8735284901696752
-0.8220000000000001,1.4900789428479997,1.5077854613884725,0.07668262713760718,-1.7350098806540524
-0.81,1.633937679999999,1.6626807410283957,0.06584098870474224,-1.5980984976967223
-0.798,1.7816826753279997,1.8041694816256229,0.06670826220224324,-1.4414381242704166
-0.786,1.9330471809279999,1.9410845890389654,0.06708111115906794,-1.3023279341037763
-0.774,2.0877684302079995,2.100394198833915,0.08407013928635325,-1.1073957676130466
-0.762,2.2455876378879998,2.2773450794956247,0.06602540618154079,-0.9798179133325233
-0.75,2.40625,2.4265119878012587,0.058547657166860695,-0.8274244593909605
-0.738,2.5695046938879997,2.5867276233523753,0.07606956039513754,-0.6380274779287947
-0.726,2.7351048782080003,2.7713361426311036,0.060884438977175,-0.48296438927911445
-0.714,2.902807692928001,2.9235642838373743,0.06711615335243361,-0.34151229278898376
-0.702,3.072374259328,3.0708992960322448,0.06176663791753077,-0.1281134312541874
-0.69,3.2435696800000002,3.2573768044975115,0.07324772381349687,0.035957207829753646
-0.6779999999999999,3.416163038848,3.4408799659969826,0.048551144485012215,0.17300045656581586
-0.6659999999999999,3.589927401088002,3.602570453245537,0.08899953373018936,0.38314617320647404
-0.6539999999999999,3.7646398132480012,3.7866085313352795,0.08264733099915317,0.5214170953121808
-0.642,3.940081303168,3.958297329545523,0.10034039519526262,0.7306393081077824
-0.6300000000000001,4.1160368799999985,4.142716683226264,0.07532375698028905,0.9185061656181626
-0.6180000000000001,4.292295534207998,4.315429150208983,0.07517939075340065,1.0395382178248962
-0.6060000000000001,4.468650237567998,4.474279517409944,0.10513738020544897,1.2889119124967379
-0.5940000000000001,4.644897943167998,4.678469698938028,0.060571367560639564,1.3905508012315693
-0.5820000000000001,4.820839585408,4.826571763681495,0.0877473203305512,1.5444538643681978
-0.5700000000000001,4.996280079999999,5.01580179484035,0.06411572867704624,1.8087263608311615
-0.558,5.171028323967999,5.193140702912774,0.07250464636836826,1.8959429712745646
-0.546,5.344897195648,5.344605233450726,0.07539791469933739,2.14024474809612
-0.534,5.517703554688001,5.546946389105609,0.06972722823116538,2.2187163635376157
-0.522,5.6892682420480005,5.685645105940888,0.08079189483201268,2.3969645949439347
-0.51,5.85941608,5.863024023209395,0.08105892242497277,2.58909015183451
-0.498,6.027975872128001,6.045406073403733,0.0865247958937277,2.8460503255279894
-0.486,6.194780403328,6.206287301505263,0.09066149049219824,3.066014223924819
-0.474,6.359666439808,6.342620747066952,0.07462526830184153,3.2675671426466613
-0.46199999999999997,6.5224747290880005,6.535773350151629,0.08524442734225252,3.337947939408461
-0.44999999999999996,6.6830500000000015,6.706486828644008,0.07984095056057287,3.5328482784092756
-0.43799999999999994,6.841240962688001,6.8699800350266225,0.09176976608682218,3.4596448743859805
-0.42599999999999993,6.996900308608001,7.000588911041123,0.08774406373155397,3.841853120329878
-0.4139999999999999,7.149884710528001,7.1577115228110175,0.08037545396037077,3.970470498151972
-0.4019999999999999,7.300054822528001,7.342556329509594,0.0851065568550809,4.164626512592929
-0.39,7.44727528,7.43391996240292,0.084879390014828,4.21341667676236
-0.3780000000000001,7.5914146996479985,7.602723942609175,0.06800875491224823,4.318777192420187
-0.3660000000000001,7.732345679487999,7.73492262370175,0.09705759635754353,4.811253677517981
-0.3540000000000001,7.869944798847999,7.863832772282678,0.06820063223576397,4.683420306008096
-0.3420000000000001,8.004092618367999,8.017496267385061,0.08193446821339245,4.535000300889823
-0.33000000000000007,8.13467368,8.126006348685282,0.06069527128055872,5.1942459297740875
-0.31800000000000006,8.261576507008,8.255849041684398,0.06879038140385499,5.417389481088297
-0.30600000000000005,8.384693603968,8.40096751414701,0.0831318576518131,5.1942459297740875
-0.29400000000000004,8.503921456768,8.51064460425436,0.08734135773587158,5.822854589196461
-0.28200000000000003,8.619160532608,8.62350653410595,0.06013246768153416,5.599711037882251
-0.27,8.730315280000001,8.743377531388814,0.0560134058913499,6.516001769756406
-0.258,8.837294128768,8.83060078403898,0.07313952067257629,5.599711037882251
-0.246,8.940009490048,8.95590852834529,0.09151344274664584,5.599711037882251
-0.23399999999999999,9.038377756288,9.035664035984713,0.10686824250567292,5.956385981820984
-0.22199999999999998,9.132319301248,9.144807790491745,0.052320562004800716,6.110536661648243
-0.20999999999999996,9.22175848,9.195468416904069,0.07332210792036953,5.705071553540078
-0.19799999999999995,9.306623628928,9.300407857230685,0.07363333929868206,5.822854589196461
-0.18599999999999994,9.386847065728,9.382989631497052,0.05340446139169113,6.516001769756406
-0.17399999999999993,9.462365089408001,9.434409289054871,0.07990764741960879,6.516001769756406
-0.16199999999999992,9.533117980288,9.53838370462177,0.10273679225762389,6.110536661648243
-0.1499999999999999,9.599050000000002,9.619263370541347,0.13430118972221786,7.902296130876297
-0.138,9.660109391488001,9.630774555501,0.07436695247945209,7.209148950316352
-0.1260000000000001,9.716248379008,9.740535493381035,0.08305523797850149,7.902296130876297
-0.1140000000000001,9.767423168128,9.767697480019706,0.08162704284212302,6.803683842208188
-0.10200000000000009,9.813593945728,9.787357474796346,0.07397366325098859,nan
-0.09000000000000008,9.854724880000001,9.843660280021734,0.08559343222322406,7.209148950316352
-0.07800000000000007,9.890784120448,9.893402463015574,0.08932207320605393,nan
-0.06600000000000006,9.921743797887999,9.917536509591002,0.05549674419369026,7.902296130876297
-0.05400000000000005,9.947580024448,9.946929378930529,0.051128169297853764,7.209148950316352
-0.04200000000000004,9.968272893568,9.954868938035522,0.09208121604694981,6.803683842208188
-0.030000000000000027,9.98380648,10.004203889997246,0.08338215521709409,7.902296130876297
-0.018000000000000016,9.994168839808001,10.006596905837773,0.055296056013567504,7.209148950316352
-0.006000000000000005,9.999352010368,10.028556413329484,0.06476371299726569,6.803683842208188
0.006000000000000005,9.999352010368,9.997342244204622,0.05965012143609586,7.902296130876297
0.018000000000000016,9.994168839808001,9.997896652146428,0.06207196530669618,7.209148950316352
0.030000000000000027,9.98380648,9.96727837854704,0.07656854023111148,7.902296130876297
0.04200000000000004,9.968272893568,9.99460954360357,0.07687051592747919,7.902296130876297
0.05400000000000005,9.947580024448,9.958220806217872,0.08245325312601938,nan
0.06600000000000006,9.921743797887999,9.947347788886761,0.06112130992964396,6.803683842208188
0.07800000000000007,9.890784120448,9.914171982218047,0.0662126921955087,nan
0.09000000000000008,9.854724880000001,9.861950864273485,0.05317708791567738,nan
0.10200000000000009,9.813593945728,9.826154773943927,0.06959104512786801,7.902296130876297
0.11399999999999999,9.767423168128,9.763967983861987,0.08191522699290014,7.902296130876297
0.1259999999999999,9.716248379008,9.75632037190528,0.08201836124556025,nan
0.1379999999999999,9.660109391488001,9.678406135373617,0.07514424606073664,nan
0.1499999999999999,9.599050000000002,9.609929622054139,0.07158836736516247,7.902296130876297
0.16199999999999992,9.533117980288,9.518821758959968,0.07435435624534517,6.2928582184421975
0.17399999999999993,9.462365089408001,9.500845181525136,0.07137032466105055,6.803683842208188
0.18599999999999994,9.386847065728,9.384835962856487,0.07312420759264301,6.803683842208188
0.19799999999999995,9.306623628928,9.30038516856521,0.060368345777262765,6.803683842208188
0.20999999999999996,9.22175848,9.237080916875355,0.06697586754172345,7.209148950316352
0.22199999999999998,9.132319301248,9.161801197797002,0.07614566403718302,nan
0.23399999999999999,9.038377756288,9.019451979604247,0.08953029871779271,nan
0.246,8.940009490048,8.981998733312674,0.07555702801848872,7.209148950316352
0.258,8.837294128768,8.847716023004384,0.07133971321391007,nan
0.27,8.730315280000001,8.732015260635025,0.08776802942046234,7.902296130876297
0.28200000000000003,8.619160532608,8.655029722589314,0.0716081183895838,7.902296130876297
0.29400000000000004,8.503921456768,8.511214294757094,0.057167974848084085,nan
0.30600000000000005,8.384693603968,8.38035602334538,0.06763613930809641,nan
0.31800000000000006,8.261576507008,8.265217359853215,0.05939455999171215,7.209148950316352
0.33000000000000007,8.13467368,8.163259799211767,0.07349251215136325,7.209148950316352
0.3420000000000001,8.004092618367999,8.034276959860458,0.06562212102143372,7.209148950316352
0.3540000000000001,7.869944798847999,7.8762082325391995,0.055529198229240795,7.902296130876297
0.3660000000000001,7.732345679487999,7.72535930466212,0.07366279861153098,7.902296130876297
0.3780000000000001,7.5914146996479985,7.591800434075737,0.04573820933347625,7.902296130876297
0.3900000000000001,7.447275279999998,7.449781451199544,0.057376266650365174,nan
0.40200000000000014,7.300054822527999,7.279746941153673,0.061915995112252785,7.209148950316352
0.41400000000000015,7.149884710527998,7.131585313209874,0.036468363582544454,6.803683842208188
0.42600000000000016,6.996900308607998,7.003373658032918,0.05758554270791821,6.516001769756406
0.43800000000000017,6.841240962687998,6.835091101455959,0.04468125437073473,7.902296130876297
0.4500000000000002,6.683049999999998,6.668614984544887,0.04439421140191902,6.110536661648243
0.4620000000000002,6.522474729087998,6.50934382578382,0.06522645531475345,7.902296130876297
0.4740000000000002,6.359666439807997,6.3801021204009265,0.05227622935948845,6.2928582184421975
0.4860000000000002,6.194780403327997,6.208449703478549,0.06840104805831228,6.516001769756406
0.4980000000000002,6.027975872127997,6.048688289141041,0.0742948150411631,5.705071553540078
0.51,5.85941608,5.887822766696147,0.038352977048175946,5.822854589196461
0.5219999999999998,5.689268242048003,5.67567685578127,0.046052142661297014,6.110536661648243
0.5339999999999998,5.517703554688003,5.509466381809705,0.044318310456516505,5.705071553540078
0.5459999999999998,5.344897195648002,5.355858831759831,0.0628428924319966,5.822854589196461
0.5579999999999998,5.171028323968003,5.184803917246704,0.0559512400221601,5.011924372980133
0.5699999999999998,4.996280080000004,4.996991033352702,0.051180092023560386,4.811253677517981
0.5819999999999999,4.820839585408002,4.823146744199895,0.0531628246753211,5.1297074086365155
0.5939999999999999,4.644897943168003,4.662488434884773,0.05154283428497567,4.724242300528352
0.6059999999999999,4.468650237568001,4.476140388339487,0.05462073411378662,4.644199592854815
0.6179999999999999,4.292295534208001,4.311109568067186,0.040974314691551515,4.0956336411059775
0.6299999999999999,4.116036880000003,4.112134797360674,0.042719074789471026,4.2647099711499115
0.6419999999999999,3.940081303168002,3.9383137089661755,0.040942537324224634,3.8079515686541967
0.6539999999999999,3.7646398132480012,3.7540827899685687,0.04990737555241766,3.6538008888269387
0.6659999999999999,3.589927401088002,3.5904437754910066,0.052286654296803584,3.598231037672128
0.6779999999999999,3.416163038848,3.412597064668154,0.03610720480725069,3.3173286522057257
0.69,3.2435696800000002,3.238254370053409,0.041299387807568394,3.220164903752077
0.702,3.072374259328,3.0706027166779495,0.05904650952434112,3.248335780718774
0.714,2.902807692928001,2.901340236993491,0.04715869607585715,3.08201456527126
0.726,2.7351048782080003,2.7413837191260555,0.06118622745335071,2.6873603732673113
0.738,2.5695046938879997,2.5452464498800897,0.022547163617848698,2.5792861517378887
0.75,2.40625,2.3919968024407283,0.04310526371584788,2.545709856204285
0.762,2.2455876378879998,2.247220035178671,0.049925809758121525,2.2964940645803003
0.774,2.0877684302079995,2.091985448956206,0.038611596842368666,2.061654473502899
0.786,1.9330471809279999,1.9301162391071858,0.052250346565358194,1.9438714378465152
0.798,1.7816826753279997,1.772335721784674,0.04642329119886865,1.8455121176476723
0.81,1.633937679999999,1.6309196719619987,0.04121919039989702,1.6446285429936585
0.8220000000000001,1.4900789428479997,1.502079811801569,0.03489626088369038,1.495416144806983
0.8340000000000001,1.3503771930879989,1.368398366846112,0.03950665258567148,1.3051504289896458
0.8460000000000001,1.2151071412479992,1.2125559635860303,0.03358277443593302,1.182075975741002
0.8580000000000001,1.0845474791679992,1.0791911061314157,0.034407783126129084,1.1223742234040448
0.8700000000000001,0.9589808799999986,0.9694245759500338,0.038140959984005934,0.9019616706010667
0.8820000000000001,0.8386939982079991,0.8425578610323713,0.03464723597375692,0.8307227666647652
0.8940000000000001,0.7239774695679986,0.7244767738094464,0.03379220984614607,0.7146389667613415
0.9060000000000001,0.6151259111679989,0.609646036761752,0.032703952557157766,0.5804464170879413
0.9180000000000001,0.5124379214079988,0.5222829769122286,0.03470483914141754,0.5004545521324677
0.9300000000000002,0.4162160799999986,0.41908364212237226,0.04324612654650984,0.4235613053084224
0.9420000000000002,0.32676694796799854,0.3321748124194673,0.03283844811783435,0.3210863046799508
0.9540000000000002,0.24440106764799874,0.2267053582696925,0.03425820475504718,0.2502253847598155
0.9660000000000002,0.169432962687999,0.1588716312168158,0.032509555457057714,0.15254272460186025
0.9780000000000002,0.1021811380479988,0.10003002289833597,0.043618818731384394,0.10912178368709213
0.9900000000000002,0.042968079999999034,0.0543400388602501,0.024521818085115527,0.05063495298703158
1.0020000000000002,-0.007879743872000659,-0.010868007772051477,0.0049043636170237655,-0.010126990597407737
1.014,-0.05003188467200017,-0.05849569854323363,0.022161712233891587,-0.047853756775721124
1.0259999999999998,-0.08315391219199943,-0.08818994258276913,0.03379300428174115,-0.06809877631513173
1.0379999999999998,-0.1069074149119997,-0.09965682865479303,0.02623901113890998,-0.08692527793897886
1.0499999999999998,-0.12094999999999985,-0.10720474336102936,0.0324965785066933,-0.11764555680106747
1.0619999999999998,-0.12493529331200001,-0.13292038714966722,0.03938474089130074,-0.12876404936432095
1.0739999999999998,-0.11851293939200014,-0.12286831001310071,0.05056631373786251,-0.1027372137608129
1.0859999999999999,-0.10132860147200029,-0.11371229767138367,0.043598687258254366,-0.1003980314076407
1.0979999999999999,-0.07302396147200041,-0.07196586143718432,0.036122455682313113,-0.04750108528555508
1.1099999999999999,-0.03323672000000044,-0.030070341378965904,0.04001004034071044,-0.027550298866206635
1.1219999999999999,0.0183994036479993,0.020394629917176582,0.04415310295984971,0.01771962027997276
1.134,0.0822546714879997,0.09225548035794001,0.050226886108336866,0.09519284075031686
1.146,0.15870332684799915,0.14458311497496712,0.03756873864501388,0.19523347550582404
1.158,0.24812359436799936,0.2386656835390498,0.04520098918836488,0.27767714471689864
1.17,0.3508976799999992,0.3622548254762594,0.054197641333331374,0.37665615583476164
1.182,0.46741177100799924,0.4657357956564299,0.054923229941709735,0.4709964557203947
1.194,0.5980560359679996,0.5930686627554196,0.035375528837364736,0.5778061515277648
1.206,0.7432246247679992,0.7320744660974148,0.04092225191206174,0.7531645323188907
1.218,0.9033156686079991,0.9160552642555514,0.03442566514447231,0.9185061656181626
1.23,1.0787312799999995,1.084887428545948,0.037505901166351614,1.0426812272220949
1.242,1.2698775527680004,1.2631104141322855,0.04651445180894041,1.2795598069264575
1.254,1.4771645620480003,1.4716315006378318,0.05197092613861035,1.420719001599866
1.266,1.7010063642880007,1.6833561205769456,0.061041045183510646,1.6561893653947344
1.278,1.9418209972479996,1.9616954083711284,0.045760914329141485,1.8910289564721356
1.29,2.200030480000001,2.200202599779504,0.06856637519529268,2.2018525574856103
1.302,2.4760608129280013,2.5020843468344305,0.07161523045059966,2.5178010680872083
1.314,2.7703419777280027,2.7940027546941177,0.05938143939532335,2.6928099780348767
1.326,3.083307937408002,3.088412837851912,0.0686245717183142,3.0119470026545434
1.338,3.4153966362880017,3.4209258131349105,0.07160239007458169,3.3484192392757564
1.35,3.767050000000003,3.7739286449430574,0.06307684383345781,3.7434130475166256
1.362,4.1387139354880045,4.183444243630267,0.06385595327406407,4.188724064171989
1.374,4.530838331008004,4.578012107224899,0.14701369777297513,4.606459264871968
1.3860000000000001,4.943877056128004,4.935865265493756,0.12398833618918133,5.1942459297740875
1.3980000000000001,5.378287961728006,5.3893124315141385,0.09702602555663785,5.1297074086365155
1.4100000000000001,5.8345328800000065,5.929752393781219,0.16859290394248247,6.110536661648243
1.4220000000000002,6.313077624448006,6.229987272687496,0.19606700857925113,6.803683842208188
1.4340000000000002,6.814391989888008,6.9134586985905235,0.36508945771140716,6.803683842208188
1.4460000000000002,7.3389497524480065,7.356714685295944,0.3378686153855657,nan
1.4580000000000002,7.887228669568011,nan,nan,nan
1.4700000000000002,8.459710480000012,nan,nan,7.902296130876297
1.4820000000000002,9.056880903808011,nan,nan,7.902296130876297
1.4940000000000002,9.679229642368014,nan,nan,7.902296130876297
1.5060000000000002,10.327250378368014,nan,nan,nan
1.5180000000000002,11.001440775808014,nan,nan,nan
1.53,11.70230248,nan,nan,nan
1.5419999999999998,12.430341117567991,nan,nan,nan
1.5539999999999998,13.186066296447986,nan,nan,nan
1.5659999999999998,13.96999160588799,nan,nan,nan
1.5779999999999998,14.78263461644799,nan,nan,nan
1.5899999999999999,15.624516879999986,nan,nan,nan
1.6019999999999999,16.496163929727985,nan,nan,nan
1.6139999999999999,17.398105280127986,nan,nan,nan
1.626,18.33087442700799,nan,nan,nan
1.638,19.295008847487992,nan,nan,nan
1.65,20.29104999999999,nan,nan,nan
1.662,21.319543324288,nan,nan,nan
1.674,22.381038241408,nan,nan,nan
1.686,23.476088153727996,nan,nan,nan
1.698,24.605250444927993,nan,nan,nan
1.71,25.76908647999999,nan,nan,nan
1.722,26.968161605248,nan,nan,nan
1.734,28.20304514828799,nan,nan,nan
1.746,29.474310418047992,nan,nan,nan
1.758,30.782534704768004,nan,nan,nan
1.77,32.12829928000001,nan,nan,nan
1.782,33.51218939660801,nan,nan,nan
1.794,34.934794288768,nan,nan,nan
