sweep,chain_0,chain_1,chain_2,chain_3
0,-0.9832871255281266,-1.2160067956302232,-0.886662265207599,-1.128733834910797
100,-0.9765071057604873,-1.1330868831766094,-1.0734438095270082,-1.0323510341845787
200,-1.164391188104177,-1.1350532722394033,-0.9614330659375868,-1.1465969869225046
300,-1.1018189640048173,-1.257139469228918,-0.7659870161295823,-1.062563416902348
400,-1.1017451442439667,-0.9531556937815006,-1.0223124429634047,-0.8727923986174561
500,-1.2952015433277797,-1.0501125549527985,-0.8007981915814502,-1.1682839280771777
600,-0.9284061842891786,-0.940297667731853,-1.1680656798710571,-1.2178741380973788
700,-1.104300076946294,-1.0679977275916597,-1.1692571268185716,-1.0890821245937676
800,-1.1155419805406208,-1.1098400745104728,-1.243617933922246,-1.1744901347838772
900,-1.023631684279012,-1.0812141609923418,-1.0184279958594045,-1.2048586623749407
1000,-0.9078305352409177,-1.1358994861703937,-1.0289085934905926,-1.021732444483273
1100,-1.0435360311299844,-1.0750665381680777,-1.1389114813434087,-0.9795059592704222
1200,-1.1150620807403733,-0.8437073566927883,-1.0387678971844898,-1.2508643972410072
1300,-1.0904614438044573,-0.9951079709449518,-0.9920473249906266,-1.1932966522258603
1400,-1.0980720240387556,-1.1859173022951859,-1.1272515804609242,-1.0875091192691988
1500,-1.0554214144819394,-1.1843134142989826,-1.0672616663684118,-1.2003023359377962
1600,-1.0842622944593832,-0.6732153263418669,-0.7947525651786624,-0.9982365705999612
1700,-1.1479940727982816,-1.0686905267435474,-1.0325018392499623,-0.8813710811904631
1800,-0.9542487761697518,-1.098339062217815,-1.2055576105265844,-1.052658463535694
1900,-1.0415082438945253,-0.9349360127265222,-1.0927219860048123,-1.1559554481041696
2000,-1.1933587622068056,-1.1794264558007408,-0.8545978499515857,-1.1804668359675312
2100,-1.0176967018962182,-1.0987390948618936,-1.079157131289357,-0.9402327089685836
2200,-1.2173754763668483,-0.7140311561104457,-0.6213472052228821,-0.8789769863102109
2300,-1.4485615671474354,-1.0601973364970656,-1.2127246850791564,-0.9035749970394432
2400,-0.8089011608177199,-1.1186959259191,-0.966668000207982,-1.0357907081096323
2500,-0.85835750271373,-1.1234516818056364,-1.202483260464745,-1.171302480461772
2600,-1.0222601924280468,-1.139619642475806,-1.141462540261474,-1.0650756783373538
2700,-1.1381268578948582,-0.7529026047759129,-1.001749973221644,-1.1955961671352435
2800,-1.0026301209634172,-1.2792867875431402,-1.17333297825773,-0.9576879214883763
2900,-1.0596595921088428,-0.8277723285696916,-1.093333631330826,-1.049061794312736
3000,-1.095219900472344,-0.7612840795517779,-1.0630340859612784,-0.9010330720517652
3100,-1.021782953708864,-1.1280933292517996,-1.1899975361082222,-0.9075388244857472
3200,-1.0402327365592088,-1.0149758414955556,-0.9169849913985809,-1.1602647804220276
3300,-1.0187613304036272,-1.0835898657439598,-0.8029457400700939,-0.9776061982377275
3400,-1.1139851291738914,-1.0940773802561596,-1.035620253806777,-0.9946276746860744
3500,-1.0909934606721277,-1.1271180613292262,-0.9801662234817796,-1.0940348586674598
3600,-1.0108786356144883,-1.2651134369074402,-1.0538906845043514,-1.0966887516292165
3700,-1.363262843165575,-1.020844642675569,-1.0016813600868069,-0.9933094463234067
3800,-1.120415706485633,-1.0274789312678798,-1.0986688072841908,-1.1385682871649014
3900,-1.137073739249169,-0.958665226624983,-1.0732705813117078,-0.9314308970023827
4000,-0.9397095582711524,-0.8292574118058427,-0.9845776427087174,-1.082685812328756
4100,-1.254310983309081,-0.9453280879081922,-0.9953762176410077,-0.9024414120293849
4200,-0.9896907575845759,-0.9628869978848111,-1.2233282400160073,-1.0648841223518506
4300,-1.0984203261617769,-1.1504142848956151,-1.0780754654458384,-1.0429845602048753
4400,-1.038330510594998,-1.0010401458628104,-1.0530909509166353,-1.1548820323435929
4500,-1.0893142402483613,-1.1451498359416619,-0.9020727513991375,-1.0848281993959852
4600,-0.8727658990840526,-1.1066186618105078,-0.6912214313515985,-1.0285342265200914
4700,-1.0679249729561526,-1.0958517337819746,-0.9931286786252701,-0.9298805287878785
4800,-0.8622714016257103,-0.9144984853591646,-0.9323940112885096,-0.9887466352886964
4900,-0.7472852700897202,-1.1061306311198496,-0.7788170293975663,-0.8723857944969615
5000,-0.8677746106053299,-1.188647421865682,-1.0008585954196068,-0.8753457364035618
5100,-1.060546376084707,-1.0064956986722926,-0.9121756246414952,-0.969663831708239
5200,-0.9939608533551084,-1.0030492883194113,-1.2691674489626439,-1.0515010776111078
5300,-1.2042463881087513,-1.101999380268777,-1.1516715363913637,-0.9516871618258611
5400,-1.2921894522215316,-1.1245547566153256,-1.2314858025357736,-0.9553908091430896
5500,-1.0969350486701648,-0.9446827273110298,-1.0789311072264414,-1.1182297945548176
5600,-0.9807909729332902,-0.9940992184314363,-1.071621515970126,-1.1184834861798856
5700,-0.8023473974130946,-0.952765717978727,-0.8911764467510053,-1.2006197281381676
5800,-1.1047738457256608,-0.939160863686225,-0.950404504581493,-0.8439414331262682
5900,-1.0636687619391119,-1.0022589428496154,-1.0873089179286908,-0.930978608694179
6000,-0.7881164333175452,-1.1702900261597333,-1.018889089437878,-1.0460858434820566
6100,-1.1777016063024857,-0.7902480298948453,-1.0554022982448512,-1.1204030143556394
6200,-1.103856348693904,-1.1050281568277143,-1.168009492559595,-1.0669888492535717
6300,-0.9254854877219749,-1.0705801432125905,-1.0095607880520372,-1.305785326000349
6400,-1.0544634810298144,-1.2717670882216157,-1.1960024653316914,-1.004021723548584
6500,-1.2497449046934508,-1.0430076106310717,-0.8628661190085385,-1.011932543874686
6600,-1.1382962323020929,-1.147537822866666,-1.1574580177899654,-1.0292573193581362
6700,-0.856084332064224,-1.2741028519449278,-0.9085466573876355,-1.153048827001616
6800,-1.0843988674968652,-0.8730389654442736,-1.0296601017454698,-1.1737816583459746
6900,-1.171556215925001,-0.9701486013657994,-0.8972047648857109,-0.9498060028870815
7000,-1.0338716516413835,-0.9227525508805081,-1.0628141211332882,-1.1949216089223562
7100,-0.7210690489248702,-1.0950856643285218,-1.0549524530860024,-0.8574434221930379
7200,-1.0101822397300064,-1.1331905665190285,-1.1796935677004032,-1.0611612984839003
7300,-1.0906916946719105,-0.9864304541041763,-1.1485365527932916,-1.0075849068846991
7400,-1.1496339649731164,-1.022389631316772,-1.0089693665925379,-1.0954709146071366
7500,-1.1251275649420833,-0.9630106785130264,-1.2939861376275261,-1.1218158322725127
7600,-0.9894577541280961,-1.1441872008520066,-0.9508118871855769,-1.101915227413195
7700,-1.2047763605470694,-0.9695871976908468,-0.9587465671738173,-1.077134688267777
7800,-1.1966319487122112,-1.0086806431471997,-1.0551890549182288,-1.0618575415343225
7900,-1.0413714772569107,-1.210698562169891,-0.9436511683225035,-0.9818012309557658
8000,-0.7586289355891481,-0.8681900161278912,-1.0490662301245823,-1.097302026554764
8100,-1.1041719549341042,-0.9964157160353457,-0.8643196692625477,-1.2858016027678258
8200,-1.0521833625231507,-1.1561320886651711,-0.9828276079594478,-1.2654264636144177
8300,-1.0142284918362696,-0.9304016865418582,-1.0847926333835982,-1.023152125991649
8400,-0.9142033725412789,-0.9567437575902517,-1.199572818682511,-0.9883478376136667
8500,-0.9510915815093959,-1.0731752710832518,-1.1571062496905218,-0.96470809453965
8600,-0.9765357624475411,-1.1018412258731292,-0.9756463847119861,-0.9253745797785591
8700,-1.1476418837706255,-1.1174143958668266,-0.9333473527354988,-1.202073885799104
8800,-1.0866480064668544,-1.1368169309840865,-0.9043798925599331,-1.022238113120967
8900,-0.8494673509755476,-1.0468854414863689,-0.8636535938910492,-1.0711292070846847
9000,-1.1848327820393632,-1.088078584763978,-0.7217244605271816,-1.1464066873308447
9100,-1.0489916896761289,-1.2481472055309044,-0.9543439796392135,-1.0762245624167406
9200,-1.1207975673703245,-1.091636827870614,-1.0708666886689286,-1.2326929240070852
9300,-1.035779093835195,-0.7857386453627879,-1.1722700123417606,-1.0720488835556052
9400,-1.07775729481451,-0.98504814917769,-1.0551300740450398,-0.9054017476913737
9500,-1.2412764367110298,-1.1210834751722387,-1.1068374636803133,-1.114108522651113
9600,-0.9282971722609279,-1.0017254790929362,-1.1653194560736861,-1.1805789449955153
9700,-1.0618207617253896,-0.7968089586191571,-1.248794638902779,-1.0092302366149488
9800,-0.9615305271400525,-1.115744245170174,-0.9727314680558727,-0.7866425158278412
9900,-1.1306208374937068,-0.8395771234927976,-0.9967741760715323,-1.1657717117061022
10000,-0.9830687493682675,-0.9468714653973349,-1.0943570002844443,-0.9899316510435653
10100,-1.196180160334823,-1.103330726228625,-1.0785188774162269,-1.1052418069572498
10200,-0.8601370465024789,-1.0374255572776985,-1.110196179464711,-1.026224944869981
10300,-1.0253529799182899,-0.8634854695025903,-1.1752713811755942,-1.0850502694380346
10400,-1.1201307476642222,-0.8593740331077823,-1.1742269688027414,-0.8437325610504552
10500,-1.2734550777229932,-0.786362217129504,-0.8271401339238175,-0.9181392233178145
10600,-1.0810621670940137,-1.020701748305237,-1.0766788753045122,-0.9932574923556713
10700,-1.128419996561343,-1.0348409714189888,-1.161610470487677,-1.0611614237584364
10800,-0.9486911101879505,-1.2013775066738912,-1.088078735406267,-0.982548404306441
10900,-1.0269698434802312,-1.238259098043002,-1.1778373105943287,-1.1184317237688275
11000,-1.0070137614920438,-1.064850087630563,-1.0332389128659154,-1.0638164039829479
11100,-0.8959413409248059,-1.004272207264867,-1.1518470755666879,-1.1372281821116292
11200,-1.0861749584343512,-1.0554988485837637,-0.8922309955215136,-0.9746369328746576
11300,-1.1184119249108002,-1.0356984854857594,-1.1437835950608168,-0.7636736115719543
11400,-1.1843768052652852,-0.9262480466809728,-0.8238154584725951,-0.7807334398062685
11500,-0.9748701755693471,-0.9484292282501746,-0.6706938433122858,-0.7526361241761034
11600,-0.9915206947803133,-1.1376503729313483,-1.0384501140352576,-0.9586185046591496
11700,-1.0213322376567782,-1.0352129686343616,-1.1616012104222364,-1.071603670772748
11800,-1.1360201094810838,-1.088275296992578,-1.0537809407991923,-1.0623019782535583
11900,-0.8718824104253443,-1.0265545417180928,-1.071214378977105,-1.0266921331974979
12000,-1.0172808246255174,-1.1003236812106028,-1.0061261405526407,-1.088233032200547
12100,-1.0931286844580943,-1.1819369585412054,-1.2378610848884688,-1.2522743711193374
12200,-1.00220434159112,-0.8887989546538498,-0.8530564730278164,-0.8927070582451992
12300,-1.130507719326043,-1.06685366455851,-1.1186446999703439,-0.7695514724670489
12400,-0.915272898404414,-0.8860267387491809,-0.8343377183792104,-0.9808782208345812
12500,-1.11172132876357,-1.2060884494910935,-1.2127317549423182,-1.0883650629730344
12600,-1.2007235111679744,-1.2373449627891449,-1.1032743245152625,-0.9930882223033931
12700,-0.9668708459652011,-1.2165790633920306,-1.0336169248113123,-1.1209323306007541
12800,-1.0992189918340052,-0.8637201627040356,-1.034703325268282,-1.2388374734363743
12900,-0.8912675948542367,-0.7996342651525463,-1.2571479239463683,-1.2223374298528498
13000,-1.0332132950160555,-1.1364377538087582,-0.9697120585197461,-0.9678240721812545
13100,-1.0953681107436535,-1.1339454503266775,-1.0372720090457628,-0.9162521935541524
13200,-1.1010999169870688,-1.0750450978293293,-1.1956273623716125,-1.149918272281314
13300,-0.9123703129496132,-1.0188620177509236,-1.1229587100985647,-1.0709526644130243
13400,-1.0438227133794575,-0.9406353034946646,-0.7855326093918571,-1.174906697135966
13500,-1.1179922854710245,-1.1233288841493174,-0.9182197452895651,-0.795128379690305
13600,-0.8361235367856816,-1.158968297704736,-1.030235461106832,-1.0533899112142227
13700,-0.9084947291954686,-1.053125449581003,-0.9954039083303781,-1.0618467408297418
13800,-0.8724706059299913,-1.0168639631850867,-0.9393981517040443,-1.1435979152916853
13900,-0.7105289653751014,-1.0039293241133718,-0.9992206424809087,-1.058792902394735
14000,-1.1493971127083908,-0.9472339313659586,-1.0383518262031541,-1.1483883028835586
14100,-1.0723725746418382,-0.9897854060921413,-1.0247810286339734,-0.8703086623032399
14200,-1.0758827819248433,-1.0740261343731146,-0.7514357211148218,-0.982793353827605
14300,-0.9453854287115252,-0.9599425489361397,-1.0056353887336564,-0.9795272577478561
14400,-1.0568827579798554,-1.0712740720584353,-1.055764258180072,-1.0094529249425883
14500,-1.0836242158457172,-0.8918761119107157,-1.178190563610509,-1.155830713362859
14600,-1.1517598890675602,-0.9928237987189192,-1.1515115158090399,-0.9480700765185678
14700,-1.0322979432325996,-1.06442592111674,-1.0459060015483643,-0.8874456836928808
14800,-0.9247676303009109,-1.1154485913790424,-1.0137788260247533,-1.2034063743312262
14900,-1.2565178888760569,-0.9422073581497182,-0.6931121916313467,-0.9306491621601182
15000,-1.143294507581943,-1.1940188951851993,-1.1733869701636515,-0.9832300661737251
15100,-1.1103132134796503,-0.9128726488281081,-1.0747292164121824,-0.9633984613851061
15200,-1.0823420512631832,-1.1863446304823217,-0.8638696382738539,-1.148430167692945
15300,-1.1322074781116123,-0.940145032311029,-0.8399150117661338,-1.1861956523930373
15400,-0.9259120774977623,-1.1835296473981467,-1.1190879380308516,-0.7273759397678726
15500,-0.8678040593552875,-0.9987963955044931,-0.8330981652105154,-1.0996372723549646
15600,-1.1890536713339461,-1.1189118789178871,-1.0361543721428659,-1.0363070485780368
15700,-1.1104782009321432,-0.8743782904868074,-0.6745803856725651,-1.017106927391387
15800,-1.1322063834482736,-1.154811565957163,-0.7364244419981191,-1.0788918088621255
15900,-0.9278070967799498,-1.2099088569035872,-1.1522996531826655,-0.9972059450985679
16000,-1.0993482291062455,-0.9947064859965494,-0.6699348200134336,-1.1361832473737212
16100,-1.2611135653687315,-0.9493463761796922,-0.6365809782638603,-1.127716031167824
16200,-1.1671926953745762,-1.1526796811705353,-1.231152047690015,-1.1571008666828342
16300,-1.2569043318368909,-0.9319111417999132,-0.8816232375207759,-0.9589573032032124
16400,-0.9278741622531598,-1.319433100595651,-1.0120294227717268,-1.0526332904396196
16500,-1.199292516020288,-1.10385652218813,-1.1590905957662483,-0.863728637290252
16600,-1.0638500607506844,-1.0793820653573925,-0.8518799415176386,-1.201292238767796
16700,-1.0227756399996732,-1.0508541225933028,-0.968023475575706,-1.1322087664842528
16800,-0.9997883682694264,-0.9530602160847255,-1.1143339604867932,-0.9930336636628975
16900,-0.9807492328782951,-0.9462665663854202,-0.8946488077481745,-0.880530288248245
17000,-0.9815413089774336,-1.0145069522757741,-1.0088334421292737,-1.104415050558843
17100,-1.1194742531892345,-0.9670488081205943,-1.078494423187415,-1.2064320697434139
17200,-1.2195962480452038,-0.9596339947717847,-1.1467730524190642,-1.0001867496308317
17300,-1.184426798376861,-1.098136439405569,-1.208585518209268,-1.0891285534054003
17400,-0.9439501261509835,-1.1065900637811232,-0.9993608745349112,-1.089192445160099
17500,-0.9892659012541456,-1.0379680640219227,-0.9901239799225303,-0.8220505436711331
17600,-1.0406510098553081,-1.2736088863743866,-1.1578698468768147,-0.9362812446214472
17700,-1.3156587132269293,-1.1171161245986267,-1.1337086513986538,-1.1256760185907992
17800,-0.8284447882560257,-1.1507628112897246,-1.1318542262443916,-0.8565289894564885
17900,-1.12362625238252,-1.0279806136717389,-0.9218283620366781,-1.3015528161252115
18000,-1.0925637982326766,-0.664148120482412,-0.9065372156680584,-0.9704610133889384
18100,-1.0097088590851602,-1.1276964143265005,-0.9171773603402142,-1.0967478940733502
18200,-1.1085008619883845,-0.9576811418578498,-0.9864623514226657,-1.113784576718466
18300,-1.152723343243459,-1.1373764108310775,-0.9863546015986937,-1.135923444993544
18400,-1.1662103905856935,-1.1307980025305544,-1.1800328403098717,-0.946292610439527
18500,-1.2102619971484472,-1.2135509818279862,-1.18874062467982,-1.0406957298043733
18600,-1.0968021158128494,-0.7341777643145924,-1.2160407240504578,-0.9811402897862158
18700,-1.0966390544157505,-1.1110862077532335,-1.1048151855233195,-0.9516753683446437
18800,-1.0566174684238514,-0.9396842267430552,-1.0101314422544505,-1.1076028950630654
18900,-0.979968175362355,-1.1328036953152858,-0.919259862388742,-1.1093018804920562
19000,-1.0928258053822264,-1.1664929932706336,-1.1249188066052984,-0.9375635543684849
19100,-1.0766756917171638,-1.0921912943567154,-0.9276939668009371,-0.9487763101951232
19200,-1.0516198972738626,-0.8466113683181142,-1.1136124968626002,-1.0204222345860297
19300,-1.0247216970966695,-0.7121846835350604,-0.8109703953716678,-1.0593383863146335
19400,-0.9426963296069937,-1.0945763149173524,-1.0977215997005423,-0.5694580545811606
19500,-1.239329586643172,-0.9779634465596132,-0.9285420978243117,-1.0875942010207498
19600,-0.7109612873214955,-1.1334622478513596,-1.0138426468164952,-0.9067768737141488
19700,-1.2005797789468216,-1.3432330779295831,-0.985077732500193,-1.091820696070813
19800,-1.0508378946922297,-0.9968521253660428,-1.0946192769614542,-1.0323468414284789
19900,-0.9459158101615744,-1.0171018310833824,-0.975762578299723,-1.0688630007191249
20000,-1.0154378803007673,-1.092923059145766,-1.0104559130645363,-1.1557353019970964
20100,-1.3349975489133556,-0.8110778884190379,-0.9567438842764926,-1.0401805934649515
20200,-0.8656281870287343,-1.049697578309528,-1.1532615678220908,-1.1553686174128375
20300,-1.2303665075514256,-0.9253232685223417,-1.2204700661779782,-0.9025272345858952
20400,-0.9623175663260051,-1.0415963747704915,-1.1600821765526577,-1.0226392907967699
20500,-1.3181521535062446,-0.9122129089764212,-0.985643791121029,-1.1232638992942074
20600,-0.9285002641156256,-0.9227547135526263,-1.1083222176806429,-1.0816558207138927
20700,-1.051249996006256,-1.1043001128359593,-1.0542782359010303,-1.0268707838351765
20800,-1.0029921135739748,-0.7854077980138279,-1.2463365686167343,-1.028024125825271
20900,-1.1579591383477439,-1.0088035460894031,-1.0068004977011802,-1.0757187960792491
21000,-1.14648492005694,-1.2350106726194248,-1.031258364056439,-0.936544204647244
21100,-1.0189397797321815,-1.194351326194001,-0.8116964102944345,-1.0877318849641442
21200,-0.9951317960593745,-1.1121041697293943,-1.0702395167399916,-1.1294006882628265
21300,-1.124923797228888,-1.2522643933784015,-0.9642421103894492,-0.9998239727301982
21400,-1.066950621818266,-0.8368373082959286,-0.9248215862409448,-0.9322131486561422
21500,-0.8897030730738155,-0.7599854825166339,-1.0782462107021504,-0.965894177916622
21600,-1.104386781251437,-1.004004610789214,-1.1884585236253713,-0.6788653356756732
21700,-1.0018687467431386,-1.0223258054341604,-1.0022843821901197,-1.0038674157813474
21800,-0.9942000188770641,-1.014134175214673,-1.3113772636057153,-1.0271855684888989
21900,-0.8880614301405197,-0.8413756466552018,-1.2848842028137697,-1.0760750384869306
22000,-1.1478383427312768,-1.0305825191597697,-1.2265662270736153,-0.9725571769818947
22100,-0.9412150889964178,-1.2336051639538872,-1.0758821148644042,-0.9712934901844026
22200,-1.23089313103317,-0.9993929911922371,-1.1621862144659807,-1.154814434739625
22300,-1.06008255755486,-1.1326717357743632,-1.0648109810333062,-0.929767149605571
22400,-1.1051380724285758,-0.9664812588904458,-0.9550062453862693,-1.0110860061716387
22500,-1.0479097613365727,-1.0765995184841046,-1.2737083897317805,-1.0288025040916906
22600,-1.0572147388165345,-1.1825591902145105,-0.8948343446879213,-1.1611289665874214
22700,-1.195526598484253,-1.1364345629717536,-0.8387207136063114,-0.9809648603494818
22800,-0.9861303727262052,-0.8787071892986005,-1.0321389940320518,-1.238570696566934
22900,-1.1023987287895962,-0.933146585325208,-1.0852557442492397,-1.100294509375599
23000,-0.9846143774340503,-1.2810246797268046,-1.1933725712912433,-1.1593612836190355
23100,-1.211871288754368,-1.0880829927152895,-1.0825803081044445,-1.0872526610521056
23200,-1.2087414771392004,-0.7404487188388087,-1.0701916933290083,-0.8098309628322535
23300,-1.0414108047586197,-1.0221829547664436,-1.0256882160202356,-1.0138339282875222
23400,-1.0733854684720865,-0.854904615261216,-1.0925057098227666,-1.0230114953854934
23500,-0.8921672906704183,-1.066577819063736,-1.067472875609487,-0.8974530275643791
23600,-1.1448684988263214,-1.1570925680038964,-0.9117085994494372,-1.2970713262838616
23700,-1.106389769133932,-1.2783357415614818,-1.1635702875963474,-0.9480895303655956
23800,-0.8268903191481127,-1.0094698046561486,-1.2086399865095923,-0.9340092498081036
23900,-0.9246672254856445,-1.1036713331296342,-0.9554831592311667,-0.9572577028560156
24000,-1.1951732300756055,-0.9213679243294434,-1.092704731492668,-1.0393348743918307
24100,-1.0431400714739374,-1.0946610482882124,-0.8968741437691785,-0.9557658012604449
24200,-0.9833917985264974,-1.2691707437964193,-0.9816437169326073,-0.8806485271797164
24300,-1.0727894262893278,-0.854076148863698,-0.8812451722893063,-1.1938321984181566
24400,-1.1147409813546276,-0.8763834145587571,-0.9048880148594062,-1.1571294967657844
24500,-0.9987865416643127,-0.9619275900061489,-0.9592094545889309,-1.1315725019320377
24600,-0.815241488793304,-0.9908575440203684,-0.918598464085119,-0.9687057911878889
24700,-1.0664911031599937,-1.1405347104902612,-1.037861259410501,-0.8831520969140714
24800,-1.072536540406115,-1.2294139145430285,-0.6213885389999927,-0.8728637362636709
24900,-1.1789336222772515,-1.0255251845709703,-1.1792599991148307,-1.1751047996305708
25000,-1.1548508251140515,-0.9981203069374864,-1.2130495807679076,-0.9942229281800773
25100,-1.0789038037006982,-1.1249087372949509,-0.8514344718249871,-1.0512451906048785
25200,-1.0899279654486338,-1.1254566489344315,-1.1138676282624351,-1.100374289008852
25300,-1.151834489960456,-0.9960318625263913,-1.0944630728330564,-1.1445459062410166
25400,-1.0106630308498212,-1.0037545169474484,-1.0741076932794307,-0.8115794664329442
25500,-1.2243345388949793,-1.1077752448585187,-1.1065979784866622,-1.1964113496870368
25600,-1.098925534230535,-0.7233805465401895,-1.2091472083721828,-1.1126594301432258
25700,-1.1702546798524025,-0.8508274191177111,-1.218370479458908,-1.1774921198224675
25800,-1.0182759904700693,-1.1139814066388936,-1.0839187744396903,-1.1019909858827301
25900,-0.8242955892272601,-1.072121357287699,-1.0952456537380086,-0.9145711746475194
26000,-0.9446026003500931,-1.155869856676103,-1.1340884014467876,-1.047735389478831
26100,-1.333665700244281,-1.1800092679269822,-1.0792048427552157,-0.8495008586819169
26200,-1.0284434431257796,-0.9709543616265772,-1.0298695116359835,-1.0075090790093948
26300,-1.113402345949341,-1.2248952218769835,-1.1289060992583602,-1.372283660158327
26400,-1.0357114087140904,-0.9640538161986004,-0.9239123020348129,-0.8148445250978429
26500,-1.1264001567135429,-1.1716395059832736,-1.3200641879974073,-1.2110335769619964
26600,-0.7509308752742379,-1.0944875135010868,-1.082029900314496,-1.0025632845639008
26700,-0.972214657611112,-0.9756849453799491,-1.1173296184287727,-1.0883101147917298
26800,-1.2838064220028402,-0.8249009362601087,-1.0080280590051072,-0.8501274198143686
26900,-0.971058337921407,-0.9313586699434369,-1.023854396417026,-1.0265513241788546
27000,-0.7604576796470306,-1.0563027198745034,-1.1453675560364072,-1.1840476461833602
27100,-0.8885504244494127,-1.2058222948739752,-1.0324004932910444,-0.9664118377199216
27200,-0.9652669483869393,-1.114262847819006,-1.1585055482415032,-1.092673811324303
27300,-0.9975386908386018,-0.8023301790168754,-0.9542272540059005,-1.0788342397635438
27400,-0.9351941120565417,-1.0498355712959848,-1.1063028031506088,-1.065975993058701
27500,-0.7875275060890707,-0.9769102298573955,-1.0878899640265707,-1.0874190862606132
27600,-1.1900679700309367,-1.0914685634902588,-1.0752776528267765,-1.1915061637772095
27700,-1.0758742599220588,-1.2037832241632538,-1.1303881909859783,-1.0106050666221444
27800,-1.0474164341608783,-0.9450934093132229,-0.9202785925666275,-1.0127072004513553
27900,-0.9542634189627988,-1.121070334551693,-1.0293060422578326,-1.2365171220205267
28000,-1.0826603031744826,-1.1428857979278884,-1.046614119075893,-1.2241358462126106
28100,-0.9177301744883365,-1.1649919522984442,-1.0379637793379317,-1.0084558355277873
28200,-1.0677209440674384,-1.0851353634341143,-1.2868148559660264,-0.8332047232527826
28300,-0.9224810810235065,-0.7930006967042732,-0.9936270970145296,-1.235576791806144
28400,-1.139342462084972,-0.9249371089085577,-0.8470241074013048,-1.2369868896057097
28500,-1.057023986959617,-1.0645725805444064,-1.2320875705421634,-1.039898827059715
28600,-1.2789306453272968,-0.8687980877519768,-0.9832822884068162,-0.8751394642071179
28700,-1.150996489128304,-1.181111227288267,-0.9437123022889268,-0.8103175094101758
28800,-0.9818151404050988,-1.044315673264613,-1.15129555578958,-0.8322517721108895
28900,-1.1307937952666698,-0.9017246439960581,-1.1516984003342363,-1.2058957443016438
29000,-1.1954179932324136,-1.0236234412016438,-1.2117159044753463,-1.07871206514545
29100,-1.191231712185482,-1.1762383194780388,-0.941799687969318,-0.7957314407359157
29200,-1.116044792936375,-0.9321136493347564,-1.1756737512078752,-1.1135200740406357
29300,-1.1650913306488917,-1.1234386703718457,-0.983470684057648,-1.1591973272279656
29400,-1.0508183271418838,-1.1867098842550599,-1.1771248295919827,-1.1808150119355731
29500,-0.9646889454363419,-1.0123889738452998,-1.0959280730206176,-0.9158903522517248
29600,-1.0509409738222502,-0.9781584104202612,-0.9098440292253002,-1.1425920092423083
29700,-1.2176426116311543,-0.8929794405745498,-0.9198657378866197,-1.0960819484342272
29800,-1.1261689081693531,-1.1948494030011447,-0.9209908722965239,-1.1311026529256336
29900,-1.099273571006328,-1.0729349925866054,-1.2070332400692314,-1.1584414373319603
30000,-1.09191559671789,-1.1114183818251095,-0.9849799594098756,-0.9464455277168078
30100,-0.9653132378979843,-1.1437844348996742,-0.9892375396196235,-1.1830288667041748
30200,-1.1618863973105436,-0.6998018644390662,-1.0806222882546135,-0.9693075864429395
30300,-0.7102899505601665,-1.0932397067949278,-1.2271486083038659,-0.8033716510221953
30400,-1.101630702734579,-0.9717907157013814,-0.9430930624171414,-1.0167632359755336
30500,-1.1941601380862046,-0.9057263318050139,-0.9739738678453007,-1.1892386024872217
30600,-1.0108940722548891,-1.0484378559624754,-1.1084153503948257,-1.0025637144135946
30700,-1.0999155161320628,-0.8413858515226207,-0.9291990010867747,-0.9875855823894211
30800,-1.0786309632949604,-1.0111688153343448,-1.1415436027862715,-0.8400288303282939
30900,-1.133844394591321,-1.0853435128551552,-1.0316085673291029,-1.094882357874579
31000,-1.0188197765984137,-1.0402354550339754,-0.9580907239731842,-0.931113693679551
31100,-1.309900225360998,-0.9618855064361422,-0.9534823945209828,-1.0584170568184443
31200,-1.2131916981506465,-1.0234309186054935,-1.0232416114125884,-0.9399818307476588
31300,-0.9775790551922549,-0.995135528229714,-0.8055627325254271,-0.9840368709917574
31400,-0.9758188767157335,-0.8943856987521606,-1.1497984487483262,-1.1228302047551288
31500,-1.0446015681163956,-1.0883267025712626,-0.6604650609963398,-0.9479465927147368
31600,-0.9007398226402906,-1.2176997735326005,-1.242117380248397,-0.9725385689738957
31700,-1.147295983622541,-0.9487166685321221,-1.1422735766549328,-1.0737001548718512
31800,-1.0197239812139975,-0.8319802976836395,-0.8458050649037094,-1.2856429480110718
31900,-1.135077339033959,-1.167187646258406,-1.0594948393978847,-1.0946323056633018
32000,-1.0061163691939925,-0.9111074364738928,-1.2133696538687537,-0.9707811206770707
32100,-1.0252261233171873,-1.1328327062033738,-1.0972852867391496,-1.1305653080950202
32200,-1.0454113171530086,-0.8753566645118452,-0.8748315097352118,-1.1190992214235274
32300,-1.1436931057376591,-1.1516660079372603,-0.9280246564569261,-1.0849605270340277
32400,-0.9911092198973199,-1.0682875093965822,-0.9200830019234181,-1.0983987779132625
32500,-0.8821820228744326,-1.1660631100934487,-1.1349479730392367,-1.1536475372500021
32600,-1.2566227835490902,-0.8476450818758329,-1.1798933584578568,-1.056807072292492
32700,-1.111747663832589,-1.0358585010297217,-1.0671314122284563,-1.1127066181930172
32800,-1.203454965916924,-1.1416120489631645,-1.0910618879151897,-0.78152001070269
32900,-1.0387387243912138,-0.9981346936881845,-0.9722196613132873,-0.7748676589781374
33000,-1.148890429400476,-1.1855386641638175,-0.9691774538205697,-1.138329174026693
33100,-1.1321666448961467,-0.9190975943217364,-1.054877906340318,-0.8967085861749723
33200,-0.9289898814111377,-1.1694497322449062,-0.8324901459444264,-1.0050107786566558
33300,-0.8753567311377513,-1.127196417979372,-1.160545193758615,-1.0044592883741734
33400,-1.0448746407247889,-0.7556495913502409,-1.0727886314451838,-1.2501476927043205
33500,-1.0918992178996267,-0.9927859379056682,-1.1693085684808535,-0.9786585187881398
33600,-1.111605315546476,-1.240979452952604,-0.904664212953745,-0.7934848825598841
33700,-1.1212895156604363,-1.2294152548957735,-1.0552888784140768,-1.1285072867005033
33800,-1.0990794786671843,-1.0520353445730803,-1.232494538562467,-1.2159099768184198
33900,-1.1165219036147764,-0.8898752315871474,-1.2529170797484335,-1.0980145946599085
34000,-1.110675672217618,-1.096578327746935,-0.9577798128482042,-1.2059882918707756
34100,-1.2059743203197457,-1.1532929671114205,-1.0486860950179853,-1.070529383213477
34200,-0.9626070549792927,-1.00711027562505,-0.7922358259201786,-1.0058007405043035
34300,-1.0490119291914182,-1.2093417937162643,-1.0403574850777344,-0.939825513358659
34400,-0.8385060241140067,-0.9927987104825486,-1.0689846534050045,-1.0583860736801007
34500,-1.2430724396982813,-1.1128233829052203,-1.0730873426575092,-0.9870643733336706
34600,-1.1900665448028267,-1.075991532292714,-1.2153134283543094,-1.0697592970979821
34700,-1.0483783596008083,-0.7440847403545898,-0.8580104538096883,-1.1619682574805665
34800,-1.0949697107193652,-1.07058012179797,-0.9643262569139064,-1.0348407126499748
34900,-0.9326388261836952,-1.0727902023814195,-1.1410166555808101,-1.1881661242227233
35000,-0.982405214081898,-1.0233049065457471,-1.2288231883683463,-1.0151208400483511
35100,-1.0885282117972932,-1.1077004938865405,-0.9698066988027546,-0.8799163920564967
35200,-1.2266669006488407,-0.885186225550353,-1.1245183977827031,-0.9600731710177061
35300,-1.033436322799813,-1.2229402829489804,-0.8377531861226795,-1.1047552534051792
35400,-1.0001249192388226,-1.1446103931167537,-0.9619388406154071,-1.1262679050827356
35500,-0.9234301979386818,-0.8866087246403203,-1.12724207406361,-1.0959501202041597
35600,-0.8909663961883881,-1.0361462414784348,-0.9768366525696973,-1.025914650016355
35700,-0.7977461188619103,-0.9657931183607059,-0.8528970706393876,-1.2340752219884836
35800,-1.0507009629266826,-1.067703254508526,-1.1392797806712305,-0.8063930296863749
35900,-1.0976495877591,-0.8304256365306298,-1.045146303965319,-0.9052717951573124
36000,-0.9911634609075959,-1.1503558746561742,-1.0074004655715725,-1.0817836296617374
36100,-0.9908992041811638,-1.065465652483644,-1.0445912906613455,-1.2097421557677959
36200,-1.120051455711198,-1.116954657338654,-1.00122729986343,-1.1968044531389683
36300,-0.8776936005882165,-0.974339989246569,-1.03448794699524,-1.115857726904476
36400,-1.044883379118278,-1.0330199076965378,-0.9704262023247265,-1.1896044032538189
36500,-1.2096577979293555,-1.1413778826545724,-1.103134389912246,-0.8223602905315985
36600,-1.1513837927468582,-1.1970686811890556,-1.2212033512875022,-1.3015971304166492
36700,-1.077145560868244,-0.9453870689707319,-1.07993823911942,-0.9363549622321514
36800,-1.06007676858627,-0.9462079900667427,-1.0290355379607459,-1.2963385651457324
36900,-1.301614447840016,-1.036252381053746,-1.1636947812216258,-1.0659856016882965
37000,-1.1949305238010044,-1.119397522501011,-1.1237621876451127,-1.0421619476636026
37100,-1.0494787349436614,-1.0649363821704,-1.1849281205737452,-0.9692359705855239
37200,-1.0354931039256767,-1.1373471607218681,-0.9745377451942372,-1.0138162264725883
37300,-1.0944400908949379,-1.0092121176271494,-1.0516948446025323,-0.9690116825012771
37400,-1.1063576064530969,-1.1647037051002556,-1.1452444316179795,-1.0410831800763134
37500,-0.9856962679269614,-0.9360636308362964,-0.8086270988765379,-1.1277509033695112
37600,-0.9863068774075817,-1.1242502550083622,-1.1871149211673078,-1.0975580178702746
37700,-1.168298182298708,-1.08372479243895,-0.9945147486621432,-1.1454971066771573
37800,-1.152934623593766,-0.9697781164698788,-1.0335631991842507,-1.0304324923280739
37900,-1.0259391430705596,-1.2076932928814323,-0.9473743221856978,-1.1832062063238291
38000,-1.0014367120256762,-1.1227673878587612,-1.0825552629232358,-1.0866851657885457
38100,-1.1660046378949593,-0.9221693157579558,-0.9846259757398483,-1.1050560650925132
38200,-1.1298266619175057,-1.0865493644587494,-1.0656059341475004,-1.1985816529338547
38300,-1.11113845889485,-1.227147589635214,-1.2369006685284525,-0.9944831047937464
38400,-1.2652611771986366,-1.1898315754311202,-1.1180335123032967,-1.2240545145309467
38500,-0.9886640684896528,-0.9752941584515055,-1.1833520943975455,-1.1493435862687527
38600,-1.0991283524595474,-1.0506637439358257,-0.9031227655454819,-1.103389638152991
38700,-1.0113447912344922,-1.2767717517071293,-1.100603023040794,-1.0132393630931396
38800,-0.8671661689050165,-1.154871343637923,-1.0496687475391613,-1.2891409295970253
38900,-0.9895597328012937,-0.7671577257845851,-1.2502782150384022,-1.1365040460441291
39000,-0.9058888155851946,-1.0455826406925388,-0.9334371256753293,-1.0383884439896216
39100,-0.9894916012053305,-1.1393756262893586,-0.7814766954655575,-1.0072400134911415
39200,-0.965261711777543,-1.0001747323619232,-0.9335905940179724,-1.0556972205089012
39300,-1.1088905277814736,-1.0597425844421777,-1.0365036844315036,-1.2398545841302304
39400,-1.1865911553917872,-1.0584039712370468,-1.0303463087271478,-0.968978549187923
39500,-0.9884633900300722,-0.9828979490840586,-1.2009041266736264,-0.9968148832095042
39600,-1.1156075200742477,-0.9987762917634081,-1.1644461308373368,-0.9871895366460463
39700,-1.0403505578681367,-1.0798747297945792,-0.9759834643819081,-0.793792255542579
39800,-1.0449731402743732,-1.0365431945092776,-1.0266077574564207,-1.2015286751844072
39900,-1.1548810787126187,-0.9109781475569501,-0.7003443102103631,-1.1011656477810632
