beta_blue,Cv_blue_over_kB,beta_red,Cv_red_over_kB
2.229845626072040954e+00,1.191137370753323488e+00,2.367066895368782120e+00,1.192909896602658781e+00
2.264150943396226356e+00,1.185819793205317385e+00,2.401372212692967523e+00,1.187592319054652901e+00
2.298456260720411759e+00,1.178729689807976211e+00,2.435677530017152481e+00,1.180502215657311504e+00
2.332761578044596718e+00,1.171639586410635037e+00,2.469982847341337884e+00,1.176070901033973382e+00
2.367066895368782120e+00,1.158345642540620446e+00,2.504288164665523286e+00,1.162776957163958569e+00
2.401372212692967523e+00,1.146824224519940927e+00,2.538593481989708245e+00,1.152141802067946807e+00
2.435677530017152481e+00,1.132644017725258356e+00,2.572898799313893647e+00,1.139734121122599753e+00
2.469982847341337884e+00,1.122008862629246595e+00,2.607204116638079050e+00,1.129985228951255527e+00
2.504288164665523286e+00,1.108714918759231782e+00,2.641509433962264008e+00,1.116691285081240714e+00
2.538593481989708245e+00,1.098079763663220021e+00,2.675814751286449411e+00,1.107828655834564247e+00
2.572898799313893647e+00,1.084785819793205208e+00,2.710120068610634814e+00,1.094534711964549434e+00
2.607204116638079050e+00,1.074150664697193447e+00,2.744425385934819772e+00,1.084785819793205208e+00
2.641509433962264008e+00,1.061742983751846392e+00,2.778730703259005175e+00,1.070605612998522860e+00
2.675814751286449411e+00,1.051994091580502166e+00,2.813036020583190577e+00,1.062629246676513928e+00
2.710120068610634814e+00,1.039586410635155111e+00,2.847341337907375536e+00,1.049335302806499115e+00
2.744425385934819772e+00,1.030723781388478644e+00,2.881646655231560938e+00,1.039586410635155111e+00
2.778730703259005175e+00,1.017429837518463831e+00,2.915951972555746341e+00,1.026292466765140299e+00
2.813036020583190577e+00,1.008567208271787141e+00,2.950257289879931299e+00,1.017429837518463831e+00
2.847341337907375536e+00,9.961595273264400863e-01,2.984562607204116702e+00,1.005908419497784312e+00
2.881646655231560938e+00,9.881831610044312653e-01,3.018867924528302105e+00,9.970457902511078441e-01
2.915951972555746341e+00,9.766617429837517461e-01,3.053173241852487063e+00,9.846381093057606781e-01
2.950257289879931299e+00,9.677991137370752783e-01,3.087478559176672466e+00,9.757754800590842104e-01
2.984562607204116702e+00,9.571639586410635170e-01,3.121783876500857424e+00,9.651403249630723380e-01
3.018867924528302105e+00,9.491875923190546960e-01,3.156089193825042827e+00,9.562776957163958702e-01
3.053173241852487063e+00,9.394387001477104704e-01,3.190394511149228229e+00,9.456425406203838868e-01
3.087478559176672466e+00,9.323485967503691851e-01,3.224699828473413188e+00,9.367799113737074190e-01
3.121783876500857424e+00,9.234859675036927174e-01,3.259005145797598590e+00,9.270310192023633045e-01
3.156089193825042827e+00,9.155096011816837853e-01,3.293310463121783993e+00,9.190546528803543724e-01
3.190394511149228229e+00,9.066469719350073175e-01,3.327615780445968952e+00,9.101920236336779046e-01
3.224699828473413188e+00,8.995568685376660323e-01,3.361921097770154354e+00,9.013293943870014369e-01
3.259005145797598590e+00,8.915805022156573223e-01,3.396226415094339757e+00,8.924667651403248581e-01
3.293310463121783993e+00,8.853766617429836838e-01,3.430531732418524715e+00,8.853766617429836838e-01
3.327615780445968952e+00,8.765140324963072160e-01,3.464837049742710118e+00,8.765140324963072160e-01
3.361921097770154354e+00,8.711964549483013354e-01,3.499142367066895520e+00,8.685376661742983950e-01
3.396226415094339757e+00,8.632200886262925144e-01,3.533447684391080479e+00,8.605612998522894630e-01
3.430531732418524715e+00,8.579025110782866337e-01,3.567753001715265881e+00,8.525849335302805310e-01
3.464837049742710118e+00,8.499261447562777017e-01,3.602058319039451284e+00,8.446085672082718210e-01
3.499142367066895520e+00,8.446085672082718210e-01,3.636363636363636243e+00,8.357459379615952422e-01
3.533447684391080479e+00,8.384047267355981825e-01,3.670668953687821645e+00,8.002954209748892600e-01
3.567753001715265881e+00,8.322008862629246551e-01,3.704974271012007048e+00,7.932053175775478637e-01
3.602058319039451284e+00,8.268833087149187744e-01,3.739279588336192006e+00,7.870014771048744473e-01
3.636363636363636243e+00,8.215657311669128937e-01,3.773584905660377409e+00,7.807976366322008088e-01
3.670668953687821645e+00,8.171344165435745488e-01,3.807890222984562811e+00,7.737075332348596346e-01
3.704974271012007048e+00,8.118168389955686681e-01,3.842195540308747770e+00,7.683899556868537539e-01
3.739279588336192006e+00,8.064992614475626764e-01,3.876500857632933172e+00,7.630723781388477622e-01
3.773584905660377409e+00,8.011816838995569068e-01,3.910806174957118575e+00,7.550960118168390522e-01
3.807890222984562811e+00,7.976366322008862086e-01,3.945111492281303534e+00,7.462333825701624734e-01
3.842195540308747770e+00,7.932053175775478637e-01,3.979416809605488936e+00,7.373707533234860056e-01
3.876500857632933172e+00,7.896602658788772766e-01,4.013722126929674339e+00,7.302806499261446094e-01
3.910806174957118575e+00,7.843426883308713959e-01,4.048027444253859741e+00,7.223042836041358994e-01
3.945111492281303534e+00,7.807976366322008088e-01,4.082332761578044256e+00,7.152141802067947252e-01
3.979416809605488936e+00,7.763663220088625749e-01,4.116638078902229658e+00,7.063515509601181463e-01
4.013722126929674339e+00,7.728212703101919878e-01,4.150943396226415061e+00,7.001477104874445079e-01
4.048027444253859741e+00,7.692762186115214007e-01,4.185248713550600463e+00,6.912850812407680401e-01
4.082332761578044256e+00,7.666174298375183493e-01,4.219554030874785866e+00,6.841949778434268659e-01
4.116638078902229658e+00,7.630723781388477622e-01,4.253859348198971269e+00,6.753323485967503981e-01
4.150943396226415061e+00,7.604135893648449329e-01,4.288164665523155783e+00,6.700147710487444064e-01
4.185248713550600463e+00,7.577548005908418816e-01,4.322469982847341186e+00,6.611521418020679386e-01
4.219554030874785866e+00,7.550960118168390522e-01,4.356775300171526588e+00,6.540620384047266533e-01
4.253859348198971269e+00,7.515509601181684651e-01,4.391080617495711991e+00,6.460856720827178323e-01
4.288164665523155783e+00,7.497784342688330605e-01,4.425385934819897393e+00,6.398818316100443049e-01
4.322469982847341186e+00,7.462333825701624734e-01,4.459691252144081908e+00,6.319054652880353729e-01
4.356775300171526588e+00,7.444608567208271799e-01,4.493996569468267310e+00,6.265878877400294922e-01
4.391080617495711991e+00,7.418020679468242395e-01,4.528301886792452713e+00,6.186115214180206712e-01
4.425385934819897393e+00,7.400295420974888350e-01,4.562607204116638115e+00,6.124076809453471437e-01
4.459691252144081908e+00,7.382570162481536524e-01,4.596912521440823518e+00,6.053175775480058585e-01
4.493996569468267310e+00,7.364844903988182478e-01,4.631217838765008921e+00,5.982274741506646842e-01
4.528301886792452713e+00,7.347119645494830653e-01,4.665523156089193435e+00,5.920236336779910458e-01
4.562607204116638115e+00,7.338257016248151965e-01,4.699828473413378838e+00,5.858197932053175183e-01
4.596912521440823518e+00,7.320531757754801250e-01,4.734133790737564240e+00,5.787296898079763441e-01
4.631217838765008921e+00,7.302806499261446094e-01,4.768439108061749643e+00,5.725258493353027056e-01
4.665523156089193435e+00,7.293943870014770736e-01,4.802744425385935045e+00,5.663220088626292892e-01
4.699828473413378838e+00,7.285081240768095379e-01,4.837049742710120448e+00,5.601181683899556507e-01
4.734133790737564240e+00,7.267355982274740223e-01,4.871355060034304962e+00,5.539143279172821233e-01
4.768439108061749643e+00,7.258493353028064865e-01,4.905660377358490365e+00,5.477104874446084848e-01
4.802744425385935045e+00,7.249630723781389507e-01,4.939965694682675768e+00,5.406203840472673106e-01
4.837049742710120448e+00,7.240768094534711929e-01,4.974271012006861170e+00,5.361890694239291877e-01
4.871355060034304962e+00,7.231905465288034351e-01,5.008576329331046573e+00,5.290989660265877914e-01
4.905660377358490365e+00,7.223042836041358994e-01,5.042881646655231975e+00,5.228951255539142640e-01
4.939965694682675768e+00,7.223042836041358994e-01,5.077186963979416490e+00,5.166912850812407365e-01
4.974271012006861170e+00,7.223042836041358994e-01,5.111492281303601892e+00,5.113737075332348558e-01
5.008576329331046573e+00,7.214180206794683636e-01,5.145797598627787295e+00,5.051698670605613284e-01
5.042881646655231975e+00,7.205317577548004948e-01,5.180102915951972697e+00,4.998522895125554477e-01
5.077186963979416490e+00,7.205317577548004948e-01,5.214408233276158100e+00,4.945347119645494005e-01
5.111492281303601892e+00,7.205317577548004948e-01,5.248713550600342614e+00,4.883308714918759286e-01
5.145797598627787295e+00,7.205317577548004948e-01,5.283018867924528017e+00,4.821270310192023456e-01
5.180102915951972697e+00,7.205317577548004948e-01,5.317324185248713420e+00,4.776957163958640562e-01
5.214408233276158100e+00,7.205317577548004948e-01,5.351629502572898822e+00,4.723781388478581755e-01
5.248713550600342614e+00,7.205317577548004948e-01,5.385934819897084225e+00,4.670605612998522949e-01
5.283018867924528017e+00,7.205317577548004948e-01,5.420240137221269627e+00,4.617429837518464142e-01
5.317324185248713420e+00,7.205317577548004948e-01,5.454545454545454142e+00,4.564254062038404225e-01
5.351629502572898822e+00,7.205317577548004948e-01,5.488850771869639544e+00,4.511078286558345418e-01
5.385934819897084225e+00,7.205317577548004948e-01,5.523156089193824947e+00,4.457902511078286611e-01
5.420240137221269627e+00,7.214180206794683636e-01,5.557461406518010349e+00,4.404726735598227805e-01
5.454545454545454142e+00,7.223042836041358994e-01,5.591766723842195752e+00,4.360413589364844911e-01
5.488850771869639544e+00,7.223042836041358994e-01,5.626072041166381155e+00,4.316100443131461462e-01
5.523156089193824947e+00,7.223042836041358994e-01,5.660377358490565669e+00,4.262924667651402655e-01
5.557461406518010349e+00,7.223042836041358994e-01,5.694682675814751072e+00,4.218611521418021426e-01
5.591766723842195752e+00,7.240768094534711929e-01,5.728987993138936474e+00,4.165435745937960954e-01
5.626072041166381155e+00,7.240768094534711929e-01,5.763293310463121877e+00,4.112259970457902147e-01
5.660377358490565669e+00,7.240768094534711929e-01,5.797598627787307279e+00,4.059084194977843341e-01
5.694682675814751072e+00,7.249630723781389507e-01,5.831903945111492682e+00,4.023633677991137469e-01
5.728987993138936474e+00,7.258493353028064865e-01,5.866209262435677196e+00,3.970457902511078663e-01
5.763293310463121877e+00,7.267355982274740223e-01,5.900514579759862599e+00,3.917282127031018746e-01
5.797598627787307279e+00,7.276218611521417801e-01,5.934819897084048002e+00,3.872968980797636962e-01
5.831903945111492682e+00,7.276218611521417801e-01,5.969125214408233404e+00,3.828655834564254068e-01
5.866209262435677196e+00,7.293943870014770736e-01,6.003430531732418807e+00,3.784342688330871174e-01
5.900514579759862599e+00,7.293943870014770736e-01,6.037735849056604209e+00,3.748892171344165303e-01
5.934819897084048002e+00,7.302806499261446094e-01,6.072041166380788724e+00,3.704579025110783519e-01
5.969125214408233404e+00,7.311669128508123672e-01,6.106346483704974126e+00,3.660265878877400625e-01
6.003430531732418807e+00,7.320531757754801250e-01,6.140651801029159529e+00,3.615952732644017176e-01
6.037735849056604209e+00,7.329394387001476607e-01,6.174957118353344931e+00,3.571639586410634282e-01
6.072041166380788724e+00,7.338257016248151965e-01,6.209262435677530334e+00,3.536189069423928411e-01
6.106346483704974126e+00,7.347119645494830653e-01,6.243567753001714848e+00,3.483013293943869604e-01
6.140651801029159529e+00,7.355982274741507121e-01,6.277873070325900251e+00,3.447562776957163733e-01
6.174957118353344931e+00,7.364844903988182478e-01,6.312178387650085654e+00,3.412112259970457862e-01
6.209262435677530334e+00,7.373707533234860056e-01,6.346483704974271056e+00,3.367799113737074967e-01
6.243567753001714848e+00,7.391432791728212992e-01,6.380789022298456459e+00,3.323485967503693184e-01
6.277873070325900251e+00,7.400295420974888350e-01,6.415094339622641861e+00,3.288035450516986202e-01
6.312178387650085654e+00,7.409158050221565928e-01,6.449399656946826376e+00,3.252584933530280331e-01
6.346483704974271056e+00,7.418020679468242395e-01,6.483704974271011778e+00,3.208271787296898547e-01
6.380789022298456459e+00,7.426883308714918863e-01,6.518010291595197181e+00,3.172821270310191566e-01
6.415094339622641861e+00,7.435745937961594221e-01,6.552315608919382584e+00,3.137370753323485695e-01
6.449399656946826376e+00,7.444608567208271799e-01,6.586620926243567986e+00,3.101920236336779824e-01
6.483704974271011778e+00,7.462333825701624734e-01,6.620926243567753389e+00,3.048744460856721017e-01
6.518010291595197181e+00,7.471196454948301202e-01,6.655231560891937903e+00,3.022156573116690503e-01
6.552315608919382584e+00,7.480059084194978780e-01,6.689536878216123306e+00,2.977843426883309275e-01
6.586620926243567986e+00,7.488921713441654138e-01,6.723842195540308708e+00,2.942392909896603403e-01
6.620926243567753389e+00,7.497784342688330605e-01,6.758147512864494111e+00,2.906942392909895867e-01
6.655231560891937903e+00,7.506646971935007073e-01,6.792452830188679513e+00,2.880354505169867019e-01
6.689536878216123306e+00,7.515509601181684651e-01,6.826758147512864916e+00,2.844903988183161148e-01
6.723842195540308708e+00,7.533234859675036477e-01,6.861063464837049430e+00,2.809453471196455276e-01
6.758147512864494111e+00,7.533234859675036477e-01,6.895368782161234833e+00,2.774002954209748295e-01
6.792452830188679513e+00,7.550960118168390522e-01,6.929674099485420236e+00,2.747415066469719447e-01
6.826758147512864916e+00,7.559822747415065880e-01,6.963979416809605638e+00,2.711964549483013576e-01
6.861063464837049430e+00,7.568685376661742348e-01,6.998284734133791041e+00,2.676514032496306594e-01
6.895368782161234833e+00,7.577548005908418816e-01,7.032590051457975555e+00,2.641063515509600723e-01
6.929674099485420236e+00,7.586410635155096394e-01,7.066895368782160958e+00,2.614475627769571875e-01
6.963979416809605638e+00,7.604135893648449329e-01,7.101200686106346360e+00,2.579025110782866004e-01
6.998284734133791041e+00,7.612998522895125797e-01,7.135506003430531763e+00,2.543574593796159022e-01
7.032590051457975555e+00,7.621861152141802265e-01,7.169811320754717165e+00,2.508124076809453151e-01
7.066895368782160958e+00,7.630723781388477622e-01,7.204116638078902568e+00,2.490398818316099938e-01
7.101200686106346360e+00,7.639586410635155200e-01,7.238421955403087082e+00,2.454948301329394067e-01
7.135506003430531763e+00,7.648449039881831668e-01,7.272727272727272485e+00,2.419497784342688196e-01
7.169811320754717165e+00,7.657311669128508136e-01,7.307032590051457888e+00,2.384047267355982325e-01
7.204116638078902568e+00,7.666174298375183493e-01,7.341337907375643290e+00,2.366322008862629389e-01
7.238421955403087082e+00,7.675036927621861071e-01,7.375643224699828693e+00,2.330871491875923518e-01
7.272727272727272485e+00,7.683899556868537539e-01,7.409948542024014095e+00,2.304283604135893559e-01
7.307032590051457888e+00,7.692762186115214007e-01,7.444253859348198610e+00,2.277695716395863323e-01
7.341337907375643290e+00,7.701624815361889365e-01,7.478559176672384012e+00,2.242245199409157730e-01
7.375643224699828693e+00,7.710487444608566943e-01,7.512864493996569415e+00,2.215657311669128882e-01
7.409948542024014095e+00,7.719350073855243410e-01,7.547169811320754818e+00,2.189069423929098923e-01
7.444253859348198610e+00,7.728212703101919878e-01,7.581475128644940220e+00,2.162481536189068687e-01
7.478559176672384012e+00,7.737075332348596346e-01,7.615780445969125623e+00,2.135893648449040116e-01
7.512864493996569415e+00,7.737075332348596346e-01,7.650085763293310137e+00,2.109305760709009880e-01
7.547169811320754818e+00,7.745937961595273924e-01,7.684391080617495540e+00,2.082717872968981310e-01
7.581475128644940220e+00,7.754800590841949282e-01,7.718696397941680942e+00,2.056129985228951074e-01
7.615780445969125623e+00,7.763663220088625749e-01,7.753001715265866345e+00,2.029542097488921115e-01
7.650085763293310137e+00,7.772525849335302217e-01,7.787307032590051747e+00,2.002954209748892267e-01
7.684391080617495540e+00,7.772525849335302217e-01,7.821612349914237150e+00,1.985228951255539331e-01
7.718696397941680942e+00,7.781388478581979795e-01,7.855917667238421664e+00,1.949778434268833460e-01
7.753001715265866345e+00,7.790251107828655153e-01,7.890222984562607067e+00,1.932053175775480525e-01
7.787307032590051747e+00,7.790251107828655153e-01,7.924528301886792470e+00,1.914327917282126201e-01
7.821612349914237150e+00,7.807976366322008088e-01,7.958833619210977872e+00,1.870014771048744695e-01
7.855917667238421664e+00,7.807976366322008088e-01,7.993138936535163275e+00,1.861152141802067395e-01
7.890222984562607067e+00,7.807976366322008088e-01,8.027444253859348677e+00,1.843426883308714459e-01
7.924528301886792470e+00,7.807976366322008088e-01,8.061749571183533192e+00,1.807976366322008588e-01
7.958833619210977872e+00,7.816838995568685666e-01,8.096054888507719483e+00,1.781388478581978629e-01
7.993138936535163275e+00,7.816838995568685666e-01,8.130360205831903997e+00,1.763663220088625694e-01
8.027444253859348677e+00,7.816838995568685666e-01,8.164665523156088511e+00,1.737075332348596846e-01
8.061749571183533192e+00,7.834564254062037492e-01,8.198970840480274802e+00,1.710487444608566887e-01
8.096054888507719483e+00,7.843426883308713959e-01,8.233276157804459316e+00,1.692762186115213952e-01
8.130360205831903997e+00,7.843426883308713959e-01,8.267581475128645607e+00,1.675036927621861016e-01
8.164665523156088511e+00,7.843426883308713959e-01,8.301886792452830122e+00,1.648449039881831057e-01
8.198970840480274802e+00,7.843426883308713959e-01,8.336192109777014636e+00,1.621861152141802209e-01
8.233276157804459316e+00,7.843426883308713959e-01,8.370497427101200927e+00,1.604135893648449274e-01
8.267581475128645607e+00,7.852289512555391537e-01,8.404802744425385441e+00,1.586410635155096338e-01
8.301886792452830122e+00,7.861152141802066895e-01,8.439108061749571732e+00,1.568685376661743403e-01
8.336192109777014636e+00,7.861152141802066895e-01,8.473413379073756246e+00,1.550960118168390467e-01
8.370497427101200927e+00,7.861152141802066895e-01,8.507718696397942537e+00,1.524372230428360508e-01
8.404802744425385441e+00,7.861152141802066895e-01,8.542024013722127052e+00,1.497784342688330272e-01
8.439108061749571732e+00,7.861152141802066895e-01,8.576329331046311566e+00,1.480059084194977337e-01
8.473413379073756246e+00,7.861152141802066895e-01,8.610634648370497857e+00,1.462333825701624401e-01
8.507718696397942537e+00,7.861152141802066895e-01,8.644939965694682371e+00,1.444608567208271466e-01
8.542024013722127052e+00,7.861152141802066895e-01,8.679245283018868662e+00,1.426883308714918530e-01
8.576329331046311566e+00,7.861152141802066895e-01,8.713550600343053176e+00,1.409158050221565595e-01
8.610634648370497857e+00,7.861152141802066895e-01,8.747855917667237691e+00,1.391432791728212659e-01
8.644939965694682371e+00,7.861152141802066895e-01,8.782161234991423981e+00,1.373707533234859723e-01
8.679245283018868662e+00,7.861152141802066895e-01,8.816466552315608496e+00,1.355982274741506788e-01
8.713550600343053176e+00,7.861152141802066895e-01,8.850771869639794787e+00,1.338257016248153852e-01
8.747855917667237691e+00,7.861152141802066895e-01,8.885077186963979301e+00,1.311669128508123894e-01
8.782161234991423981e+00,7.861152141802066895e-01,8.919382504288163815e+00,1.293943870014770958e-01
8.816466552315608496e+00,7.861152141802066895e-01,8.953687821612350106e+00,1.276218611521418023e-01
8.850771869639794787e+00,7.861152141802066895e-01,8.987993138936534621e+00,1.267355982274740722e-01
8.885077186963979301e+00,7.852289512555391537e-01,9.022298456260720911e+00,1.249630723781387925e-01
8.919382504288163815e+00,7.843426883308713959e-01,9.056603773584905426e+00,1.223042836041359216e-01
8.953687821612350106e+00,7.843426883308713959e-01,9.090909090909091717e+00,1.214180206794682054e-01
8.987993138936534621e+00,7.843426883308713959e-01,9.125214408233276231e+00,1.196454948301329119e-01
9.022298456260720911e+00,7.843426883308713959e-01,9.159519725557460745e+00,1.178729689807976183e-01
9.056603773584905426e+00,7.843426883308713959e-01,9.193825042881647036e+00,1.169867060561300409e-01
9.090909090909091717e+00,7.843426883308713959e-01,9.228130360205831551e+00,1.152141802067947474e-01
9.125214408233276231e+00,7.825701624815361024e-01,9.262435677530017841e+00,1.134416543574593150e-01
9.159519725557460745e+00,7.825701624815361024e-01,9.296740994854202356e+00,1.116691285081240215e-01
9.193825042881647036e+00,7.825701624815361024e-01,9.331046312178386870e+00,1.098966026587887279e-01
9.228130360205831551e+00,7.807976366322008088e-01,9.365351629502573161e+00,1.081240768094534344e-01
9.262435677530017841e+00,7.807976366322008088e-01,9.399656946826757675e+00,1.072378138847858570e-01
9.296740994854202356e+00,7.807976366322008088e-01,9.433962264150943966e+00,1.054652880354505634e-01
9.331046312178386870e+00,7.799113737075331620e-01,9.468267581475128480e+00,1.045790251107828472e-01
9.365351629502573161e+00,7.790251107828655153e-01,9.502572898799314771e+00,1.028064992614475537e-01
9.399656946826757675e+00,7.790251107828655153e-01,9.536878216123499286e+00,1.010339734121122601e-01
9.433962264150943966e+00,7.772525849335302217e-01,9.571183533447683800e+00,9.926144756277696657e-02
9.468267581475128480e+00,7.772525849335302217e-01,9.605488850771870091e+00,9.926144756277696657e-02
9.502572898799314771e+00,7.772525849335302217e-01,9.639794168096054605e+00,9.748892171344167301e-02
9.536878216123499286e+00,7.754800590841949282e-01,9.674099485420240896e+00,9.571639586410637945e-02
9.571183533447683800e+00,7.754800590841949282e-01,9.708404802744425410e+00,9.394387001477108590e-02
9.605488850771870091e+00,7.737075332348596346e-01,9.742710120068609925e+00,9.394387001477108590e-02
9.639794168096054605e+00,7.737075332348596346e-01,9.777015437392796215e+00,9.217134416543579234e-02
9.674099485420240896e+00,7.728212703101919878e-01,9.811320754716980730e+00,9.039881831610049878e-02
9.708404802744425410e+00,7.719350073855243410e-01,9.845626072041167021e+00,8.951255539143278261e-02
9.742710120068609925e+00,7.710487444608566943e-01,9.879931389365351535e+00,8.862629246676508032e-02
9.777015437392796215e+00,7.701624815361889365e-01,9.914236706689536049e+00,8.685376661742978677e-02
9.811320754716980730e+00,7.692762186115214007e-01,9.948542024013722340e+00,8.596750369276219550e-02
9.845626072041167021e+00,7.683899556868537539e-01,9.982847341337906855e+00,8.508124076809449321e-02
9.879931389365351535e+00,7.675036927621861071e-01,1.001715265866209315e+01,8.330871491875919965e-02
9.914236706689536049e+00,7.657311669128508136e-01,1.005145797598627766e+01,8.153618906942390610e-02
9.948542024013722340e+00,7.648449039881831668e-01,1.008576329331046395e+01,8.153618906942390610e-02
9.982847341337906855e+00,7.639586410635155200e-01,1.012006861063464846e+01,7.976366322008861254e-02
1.001715265866209315e+01,7.621861152141802265e-01,1.015437392795883298e+01,7.887740029542102127e-02
1.005145797598627766e+01,7.621861152141802265e-01,1.018867924528301927e+01,7.799113737075331898e-02
1.008576329331046395e+01,7.604135893648449329e-01,1.022298456260720378e+01,7.621861152141802542e-02
1.012006861063464846e+01,7.595273264401771751e-01,1.025728987993139008e+01,7.533234859675030926e-02
1.015437392795883298e+01,7.586410635155096394e-01,1.029159519725557459e+01,7.444608567208273187e-02
1.018867924528301927e+01,7.568685376661742348e-01,1.032590051457975910e+01,7.355982274741501570e-02
1.022298456260720378e+01,7.550960118168390522e-01,1.036020583190394539e+01,7.267355982274743831e-02
1.025728987993139008e+01,7.550960118168390522e-01,1.039451114922812991e+01,7.090103397341214475e-02
1.029159519725557459e+01,7.533234859675036477e-01,1.042881646655231620e+01,7.001477104874442858e-02
1.032590051457975910e+01,7.515509601181684651e-01,1.046312178387650071e+01,6.912850812407685119e-02
1.036020583190394539e+01,7.497784342688330605e-01,1.049742710120068523e+01,6.824224519940913503e-02
1.039451114922812991e+01,7.497784342688330605e-01,1.053173241852487152e+01,6.735598227474155764e-02
1.042881646655231620e+01,7.480059084194978780e-01,1.056603773584905603e+01,6.646971935007384147e-02
1.046312178387650071e+01,7.462333825701624734e-01,1.060034305317324232e+01,6.558345642540626408e-02
1.049742710120068523e+01,7.444608567208271799e-01,1.063464837049742684e+01,6.469719350073854791e-02
1.053173241852487152e+01,7.435745937961594221e-01,1.066895368782161313e+01,6.381093057607083174e-02
1.056603773584905603e+01,7.426883308714918863e-01,1.070325900514579764e+01,6.292466765140325435e-02
1.060034305317324232e+01,7.409158050221565928e-01,1.073756432246998216e+01,6.203840472673553819e-02
1.063464837049742684e+01,7.391432791728212992e-01,1.077186963979416845e+01,6.115214180206796080e-02
1.066895368782161313e+01,7.373707533234860056e-01,1.080617495711835296e+01,6.026587887740024463e-02
1.070325900514579764e+01,7.355982274741507121e-01,1.084048027444253925e+01,5.937961595273266724e-02
1.073756432246998216e+01,7.347119645494830653e-01,1.087478559176672377e+01,5.849335302806495107e-02
1.077186963979416845e+01,7.338257016248151965e-01,1.090909090909090828e+01,5.760709010339737368e-02
1.080617495711835296e+01,7.320531757754801250e-01,1.094339622641509457e+01,5.672082717872965751e-02
1.084048027444253925e+01,7.302806499261446094e-01,1.097770154373927909e+01,5.583456425406208012e-02
1.087478559176672377e+01,7.285081240768095379e-01,1.101200686106346538e+01,5.494830132939436396e-02
1.090909090909090828e+01,7.267355982274740223e-01,1.104631217838764989e+01,5.406203840472678657e-02
1.094339622641509457e+01,7.249630723781389507e-01,1.108061749571183618e+01,5.317577548005907040e-02
1.097770154373927909e+01,7.231905465288034351e-01,1.111492281303602070e+01,5.228951255539149301e-02
1.101200686106346538e+01,7.214180206794683636e-01,1.114922813036020521e+01,5.228951255539149301e-02
1.104631217838764989e+01,7.196454948301328480e-01,1.118353344768439150e+01,5.051698670605606761e-02
1.108061749571183618e+01,7.187592319054653123e-01,1.121783876500857602e+01,5.051698670605606761e-02
1.111492281303602070e+01,7.169867060561299077e-01,1.125214408233276231e+01,5.051698670605606761e-02
1.114922813036020521e+01,7.152141802067947252e-01,1.128644939965694682e+01,4.874446085672077406e-02
1.118353344768439150e+01,7.134416543574593206e-01,1.132075471698113134e+01,4.874446085672077406e-02
1.121783876500857602e+01,7.116691285081241380e-01,1.135506003430531763e+01,4.697193500738548050e-02
1.125214408233276231e+01,7.098966026587887335e-01,1.138936535162950214e+01,4.697193500738548050e-02
1.128644939965694682e+01,7.081240768094534399e-01,1.142367066895368843e+01,4.608567208271789617e-02
1.132075471698113134e+01,7.063515509601181463e-01,1.145797598627787295e+01,4.519940915805018694e-02
1.135506003430531763e+01,7.045790251107828528e-01,1.149228130360205746e+01,4.519940915805018694e-02
1.138936535162950214e+01,7.028064992614475592e-01,1.152658662092624375e+01,4.342688330871489338e-02
1.142367066895368843e+01,7.001477104874445079e-01,1.156089193825042827e+01,4.342688330871489338e-02
1.145797598627787295e+01,6.983751846381093253e-01,1.159519725557461456e+01,4.342688330871489338e-02
1.149228130360205746e+01,6.957163958641063850e-01,1.162950257289879907e+01,4.254062038404730905e-02
1.152658662092624375e+01,6.939438700147709804e-01,1.166380789022298536e+01,4.165435745937959983e-02
1.156089193825042827e+01,6.921713441654357979e-01,1.169811320754716988e+01,4.165435745937959983e-02
1.159519725557461456e+01,6.903988183161003933e-01,1.173241852487135439e+01,3.988183161004430627e-02
1.162950257289879907e+01,6.886262924667652108e-01,1.176672384219554068e+01,3.988183161004430627e-02
1.166380789022298536e+01,6.868537666174298062e-01,1.180102915951972520e+01,3.988183161004430627e-02
1.169811320754716988e+01,6.850812407680946237e-01,1.183533447684391149e+01,3.810930576070901271e-02
1.173241852487135439e+01,6.833087149187592191e-01,1.186963979416809600e+01,3.810930576070901271e-02
1.176672384219554068e+01,6.815361890694239255e-01,1.190394511149228052e+01,3.810930576070901271e-02
1.180102915951972520e+01,6.779911373707533384e-01,1.193825042881646681e+01,3.633677991137371915e-02
1.183533447684391149e+01,6.762186115214180449e-01,1.197255574614065132e+01,3.633677991137371915e-02
1.186963979416809600e+01,6.744460856720827513e-01,1.200686106346483761e+01,3.633677991137371915e-02
1.190394511149228052e+01,6.726735598227474577e-01,1.204116638078902213e+01,3.545051698670600299e-02
1.193825042881646681e+01,6.709010339734121642e-01,1.207547169811320842e+01,3.456425406203842560e-02
1.197255574614065132e+01,6.691285081240768706e-01,1.210977701543739293e+01,3.456425406203842560e-02
1.200686106346483761e+01,6.664697193500738193e-01,1.214408233276157745e+01,3.367799113737070943e-02
1.204116638078902213e+01,6.638109305760707679e-01,1.217838765008576374e+01,3.279172821270313204e-02
1.207547169811320842e+01,6.620384047267356964e-01,1.221269296740994825e+01,3.279172821270313204e-02
1.210977701543739293e+01,6.602658788774001808e-01,1.224699828473413454e+01,3.279172821270313204e-02
1.214408233276157745e+01,6.584933530280651093e-01,1.228130360205831906e+01,3.190546528803541587e-02
1.217838765008576374e+01,6.558345642540620579e-01,1.231560891938250357e+01,3.101920236336783501e-02
1.221269296740994825e+01,6.531757754800590066e-01,1.234991423670668986e+01,3.101920236336783501e-02
1.224699828473413454e+01,6.514032496307237130e-01,1.238421955403087438e+01,3.101920236336783501e-02
1.228130360205831906e+01,6.496307237813884194e-01,1.241852487135506067e+01,2.924667651403254146e-02
1.231560891938250357e+01,6.478581979320531259e-01,1.245283018867924518e+01,2.924667651403254146e-02
1.234991423670668986e+01,6.443131462333824278e-01,1.248713550600342970e+01,2.924667651403254146e-02
1.238421955403087438e+01,6.425406203840472452e-01,1.252144082332761599e+01,2.924667651403254146e-02
1.241852487135506067e+01,6.407680945347118406e-01,1.255574614065180050e+01,2.836041358936482876e-02
1.245283018867924518e+01,6.381093057607090113e-01,1.259005145797598679e+01,2.747415066469724790e-02
1.248713550600342970e+01,6.363367799113737178e-01,1.262435677530017131e+01,2.747415066469724790e-02
1.252144082332761599e+01,6.336779911373706664e-01,1.265866209262435760e+01,2.747415066469724790e-02
1.255574614065180050e+01,6.319054652880353729e-01,1.269296740994854211e+01,2.658788774002953520e-02
1.259005145797598679e+01,6.301329394387000793e-01,1.272727272727272663e+01,2.570162481536195434e-02
1.262435677530017131e+01,6.274741506646971390e-01,1.276157804459691292e+01,2.570162481536195434e-02
1.265866209262435760e+01,6.248153618906941986e-01,1.279588336192109743e+01,2.570162481536195434e-02
1.269296740994854211e+01,6.230428360413589051e-01,1.283018867924528372e+01,2.570162481536195434e-02
1.272727272727272663e+01,6.203840472673559647e-01,1.286449399656946824e+01,2.392909896602652894e-02
1.276157804459691292e+01,6.186115214180206712e-01,1.289879931389365275e+01,2.392909896602652894e-02
1.279588336192109743e+01,6.159527326440177308e-01,1.293310463121783904e+01,2.392909896602652894e-02
1.283018867924528372e+01,6.141802067946823263e-01,1.296740994854202356e+01,2.392909896602652894e-02
1.286449399656946824e+01,6.115214180206794969e-01,1.300171526586620985e+01,2.304283604135894808e-02
1.289879931389365275e+01,6.088626292466765566e-01,1.303602058319039436e+01,2.215657311669123539e-02
1.293310463121783904e+01,6.070901033973411520e-01,1.307032590051457888e+01,2.215657311669123539e-02
1.296740994854202356e+01,6.044313146233381007e-01,1.310463121783876517e+01,2.215657311669123539e-02
1.300171526586620985e+01,6.026587887740030292e-01,1.313893653516294968e+01,2.215657311669123539e-02
1.303602058319039436e+01,5.999999999999999778e-01,1.317324185248713597e+01,2.215657311669123539e-02
1.307032590051457888e+01,5.973412112259969264e-01,1.320754716981132049e+01,2.127031019202365453e-02
1.310463121783876517e+01,5.955686853766616329e-01,1.324185248713550678e+01,2.038404726735594183e-02
1.313893653516294968e+01,5.929098966026588036e-01,1.327615780445969129e+01,2.038404726735594183e-02
1.317324185248713597e+01,5.911373707533235100e-01,1.331046312178387581e+01,2.038404726735594183e-02
1.320754716981132049e+01,5.884785819793204587e-01,1.334476843910806210e+01,2.038404726735594183e-02
1.324185248713550678e+01,5.867060561299851651e-01,1.337907375643224661e+01,1.861152141802064827e-02
1.327615780445969129e+01,5.840472673559822248e-01,1.341337907375643290e+01,1.861152141802064827e-02
1.331046312178387581e+01,5.813884785819792844e-01,1.344768439108061742e+01,1.861152141802064827e-02
1.334476843910806210e+01,5.796159527326439909e-01,1.348198970840480193e+01,1.861152141802064827e-02
1.337907375643224661e+01,5.769571639586410505e-01,1.351629502572898822e+01,1.861152141802064827e-02
1.341337907375643290e+01,5.742983751846379992e-01,1.355060034305317274e+01,1.861152141802064827e-02
1.344768439108061742e+01,5.725258493353027056e-01,1.358490566037735903e+01,1.861152141802064827e-02
1.348198970840480193e+01,5.698670605612998763e-01,1.361921097770154354e+01,1.861152141802064827e-02
1.351629502572898822e+01,5.680945347119645827e-01,1.365351629502572983e+01,1.683899556868535471e-02
1.355060034305317274e+01,5.654357459379615314e-01,1.368782161234991435e+01,1.683899556868535471e-02
1.358490566037735903e+01,5.636632200886262378e-01,1.372212692967409886e+01,1.683899556868535471e-02
1.361921097770154354e+01,5.610044313146232975e-01,1.375643224699828515e+01,1.683899556868535471e-02
1.365351629502572983e+01,5.583456425406203572e-01,1.379073756432246967e+01,1.683899556868535471e-02
1.368782161234991435e+01,5.565731166912850636e-01,1.382504288164665596e+01,1.595273264401777386e-02
1.372212692967409886e+01,5.539143279172821233e-01,1.385934819897084047e+01,1.506646971935006116e-02
1.375643224699828515e+01,5.512555391432791829e-01,1.389365351629502499e+01,1.506646971935006116e-02
1.379073756432246967e+01,5.494830132939438894e-01,1.392795883361921128e+01,1.506646971935006116e-02
1.382504288164665596e+01,5.468242245199409490e-01,1.396226415094339579e+01,1.506646971935006116e-02
1.385934819897084047e+01,5.450516986706056555e-01,1.399656946826758208e+01,1.506646971935006116e-02
1.389365351629502499e+01,5.423929098966026041e-01,1.403087478559176660e+01,1.506646971935006116e-02
1.392795883361921128e+01,5.397341211225997748e-01,1.406518010291595111e+01,1.506646971935006116e-02
1.396226415094339579e+01,5.379615952732644812e-01,1.409948542024013740e+01,1.506646971935006116e-02
1.399656946826758208e+01,5.353028064992614299e-01,1.413379073756432192e+01,1.418020679468248030e-02
1.403087478559176660e+01,5.335302806499261363e-01,1.416809605488850821e+01,1.329394387001476760e-02
1.406518010291595111e+01,5.308714918759230850e-01,1.420240137221269272e+01,1.329394387001476760e-02
1.409948542024013740e+01,5.282127031019202557e-01,1.423670668953687901e+01,1.329394387001476760e-02
1.413379073756432192e+01,5.264401772525849621e-01,1.427101200686106353e+01,1.329394387001476760e-02
1.416809605488850821e+01,5.237813884785819107e-01,1.430531732418524804e+01,1.329394387001476760e-02
1.420240137221269272e+01,5.220088626292466172e-01,1.433962264150943433e+01,1.329394387001476760e-02
1.423670668953687901e+01,5.193500738552436768e-01,1.437392795883361885e+01,1.329394387001476760e-02
1.427101200686106353e+01,5.175775480059083833e-01,1.440823327615780514e+01,1.240768094534705490e-02
1.430531732418524804e+01,5.149187592319054430e-01,1.444253859348198965e+01,1.152141802067947404e-02
1.433962264150943433e+01,5.122599704579025026e-01,1.447684391080617416e+01,1.152141802067947404e-02
1.437392795883361885e+01,5.104874446085672091e-01,1.451114922813036046e+01,1.152141802067947404e-02
1.440823327615780514e+01,5.078286558345641577e-01,1.454545454545454497e+01,1.152141802067947404e-02
1.444253859348198965e+01,5.051698670605613284e-01,1.457975986277873126e+01,1.152141802067947404e-02
1.447684391080617416e+01,5.033973412112260348e-01,1.461406518010291578e+01,1.152141802067947404e-02
1.451114922813036046e+01,5.007385524372229835e-01,1.464837049742710207e+01,1.152141802067947404e-02
1.454545454545454497e+01,4.980797636632201542e-01,1.468267581475128658e+01,1.152141802067947404e-02
1.457975986277873126e+01,4.963072378138846941e-01,1.471698113207547109e+01,1.152141802067947404e-02
1.461406518010291578e+01,4.936484490398818092e-01,1.475128644939965739e+01,1.152141802067947404e-02
1.464837049742710207e+01,4.918759231905465157e-01,1.478559176672384190e+01,1.152141802067947404e-02
1.468267581475128658e+01,4.892171344165435198e-01,1.481989708404802819e+01,1.063515509601176134e-02
1.471698113207547109e+01,4.865583456425406350e-01,1.485420240137221271e+01,1.063515509601176134e-02
1.475128644939965739e+01,4.847858197932052304e-01,1.488850771869639722e+01,9.748892171344180485e-03
1.478559176672384190e+01,4.821270310192023456e-01,1.492281303602058351e+01,9.748892171344180485e-03
1.481989708404802819e+01,4.803545051698670521e-01,1.495711835334476802e+01,9.748892171344180485e-03
1.485420240137221271e+01,4.776957163958640562e-01,1.499142367066895432e+01,9.748892171344180485e-03
1.488850771869639722e+01,4.750369276218611714e-01,1.502572898799313883e+01,9.748892171344180485e-03
1.492281303602058351e+01,4.732644017725258778e-01,1.506003430531732334e+01,9.748892171344180485e-03
1.495711835334476802e+01,4.706056129985228820e-01,1.509433962264150964e+01,9.748892171344180485e-03
1.499142367066895432e+01,4.688330871491875884e-01,1.512864493996569415e+01,9.748892171344180485e-03
1.502572898799313883e+01,4.661742983751845926e-01,1.516295025728988044e+01,9.748892171344180485e-03
1.506003430531732334e+01,4.644017725258492990e-01,1.519725557461406495e+01,8.862629246676467787e-03
1.509433962264150964e+01,4.617429837518464142e-01,1.523156089193825125e+01,7.976366322008886928e-03
1.512864493996569415e+01,4.590841949778434183e-01,1.526586620926243576e+01,7.976366322008886928e-03
1.516295025728988044e+01,4.573116691285081248e-01,1.530017152658662027e+01,7.976366322008886928e-03
1.519725557461406495e+01,4.546528803545051289e-01,1.533447684391080656e+01,7.976366322008886928e-03
1.523156089193825125e+01,4.528803545051698354e-01,1.536878216123499108e+01,7.976366322008886928e-03
1.526586620926243576e+01,4.502215657311669506e-01,1.540308747855917737e+01,7.976366322008886928e-03
1.530017152658662027e+01,4.475627769571639547e-01,1.543739279588336188e+01,7.976366322008886928e-03
1.533447684391080656e+01,4.457902511078286611e-01,1.547169811320754640e+01,7.976366322008886928e-03
1.536878216123499108e+01,4.440177252584933676e-01,1.550600343053173269e+01,7.976366322008886928e-03
1.540308747855917737e+01,4.413589364844903717e-01,1.554030874785591720e+01,7.976366322008886928e-03
1.543739279588336188e+01,4.395864106351550782e-01,1.557461406518010349e+01,7.976366322008886928e-03
1.547169811320754640e+01,4.369276218611521934e-01,1.560891938250428801e+01,7.090103397341174229e-03
1.550600343053173269e+01,4.351550960118168998e-01,1.564322469982847430e+01,7.090103397341174229e-03
1.554030874785591720e+01,4.324963072378139040e-01,1.567753001715265881e+01,7.090103397341174229e-03
1.557461406518010349e+01,4.307237813884786104e-01,1.571183533447684333e+01,7.090103397341174229e-03
1.560891938250428801e+01,4.280649926144755590e-01,1.574614065180102962e+01,7.090103397341174229e-03
1.564322469982847430e+01,4.262924667651402655e-01,1.578044596912521413e+01,6.203840472673594238e-03
1.567753001715265881e+01,4.236336779911374362e-01,1.581475128644940042e+01,6.203840472673594238e-03
1.571183533447684333e+01,4.218611521418021426e-01,1.584905660377358494e+01,6.203840472673594238e-03
1.574614065180102962e+01,4.192023633677990913e-01,1.588336192109776945e+01,6.203840472673594238e-03
1.578044596912521413e+01,4.174298375184637977e-01,1.591766723842195574e+01,6.203840472673594238e-03
1.581475128644940042e+01,4.156573116691285041e-01,1.595197255574614026e+01,6.203840472673594238e-03
1.584905660377358494e+01,4.129985228951255083e-01,1.598627787307032655e+01,6.203840472673594238e-03
1.588336192109776945e+01,4.103397341211226235e-01,1.602058319039451106e+01,6.203840472673594238e-03
1.591766723842195574e+01,4.085672082717873299e-01,1.605488850771869735e+01,6.203840472673594238e-03
1.595197255574614026e+01,4.067946824224519253e-01,1.608919382504288009e+01,6.203840472673594238e-03
1.598627787307032655e+01,4.050221565731166318e-01,1.612349914236706638e+01,6.203840472673594238e-03
1.602058319039451106e+01,4.023633677991137469e-01,1.615780445969125267e+01,6.203840472673594238e-03
1.605488850771869735e+01,3.997045790251107511e-01,1.619210977701543897e+01,6.203840472673594238e-03
1.608919382504288009e+01,3.979320531757754575e-01,1.622641509433962170e+01,6.203840472673594238e-03
1.612349914236706638e+01,3.961595273264401640e-01,1.626072041166380799e+01,6.203840472673594238e-03
1.615780445969125267e+01,3.943870014771048704e-01,1.629502572898799428e+01,6.203840472673594238e-03
1.619210977701543897e+01,3.926144756277695769e-01,1.632933104631217702e+01,6.203840472673594238e-03
1.622641509433962170e+01,3.890694239290989898e-01,1.636363636363636331e+01,6.203840472673594238e-03
1.626072041166380799e+01,3.872968980797636962e-01,1.639794168096054960e+01,6.203840472673594238e-03
1.629502572898799428e+01,3.855243722304284026e-01,1.643224699828473589e+01,6.203840472673594238e-03
1.632933104631217702e+01,3.837518463810931091e-01,1.646655231560891863e+01,6.203840472673594238e-03
1.636363636363636331e+01,3.819793205317577045e-01,1.650085763293310492e+01,5.317577548005880672e-03
1.639794168096054960e+01,3.802067946824224109e-01,1.653516295025729121e+01,5.317577548005880672e-03
1.643224699828473589e+01,3.766617429837518238e-01,1.656946826758147395e+01,5.317577548005880672e-03
1.646655231560891863e+01,3.748892171344165303e-01,1.660377358490566024e+01,5.317577548005880672e-03
1.650085763293310492e+01,3.731166912850812367e-01,1.663807890222984653e+01,5.317577548005880672e-03
1.653516295025729121e+01,3.713441654357459432e-01,1.667238421955402927e+01,5.317577548005880672e-03
1.656946826758147395e+01,3.695716395864106496e-01,1.670668953687821556e+01,5.317577548005880672e-03
1.660377358490566024e+01,3.677991137370753560e-01,1.674099485420240185e+01,5.317577548005880672e-03
1.663807890222984653e+01,3.660265878877400625e-01,1.677530017152658814e+01,5.317577548005880672e-03
1.667238421955402927e+01,3.642540620384047689e-01,1.680960548885077088e+01,5.317577548005880672e-03
1.670668953687821556e+01,3.607090103397341818e-01,1.684391080617495717e+01,5.317577548005880672e-03
1.674099485420240185e+01,3.589364844903988883e-01,1.687821612349914346e+01,5.317577548005880672e-03
1.677530017152658814e+01,3.571639586410634282e-01,1.691252144082332620e+01,5.317577548005880672e-03
1.680960548885077088e+01,3.553914327917281346e-01,1.694682675814751249e+01,5.317577548005880672e-03
1.684391080617495717e+01,3.536189069423928411e-01,1.698113207547169878e+01,5.317577548005880672e-03
1.687821612349914346e+01,3.518463810930575475e-01,1.701543739279588507e+01,5.317577548005880672e-03
1.691252144082332620e+01,3.500738552437222539e-01,1.704974271012006781e+01,5.317577548005880672e-03
1.694682675814751249e+01,3.483013293943869604e-01,1.708404802744425410e+01,5.317577548005880672e-03
1.698113207547169878e+01,3.456425406203840756e-01,1.711835334476844039e+01,5.317577548005880672e-03
1.701543739279588507e+01,3.438700147710486710e-01,1.715265866209262313e+01,5.317577548005880672e-03
1.704974271012006781e+01,3.412112259970457862e-01,1.718696397941680942e+01,5.317577548005880672e-03
1.708404802744425410e+01,3.394387001477104926e-01,1.722126929674099571e+01,5.317577548005880672e-03
1.711835334476844039e+01,3.376661742983751990e-01,1.725557461406517845e+01,5.317577548005880672e-03
1.715265866209262313e+01,3.358936484490399055e-01,1.728987993138936474e+01,5.317577548005880672e-03
1.718696397941680942e+01,3.341211225997046119e-01,1.732418524871355103e+01,5.317577548005880672e-03
1.722126929674099571e+01,3.323485967503693184e-01,1.735849056603773732e+01,5.317577548005880672e-03
1.725557461406517845e+01,3.305760709010339138e-01,1.739279588336192006e+01,5.317577548005880672e-03
1.728987993138936474e+01,3.288035450516986202e-01,1.742710120068610635e+01,5.317577548005880672e-03
1.732418524871355103e+01,3.270310192023633267e-01,1.746140651801029264e+01,5.317577548005880672e-03
1.735849056603773732e+01,3.252584933530280331e-01,1.749571183533447538e+01,5.317577548005880672e-03
1.739279588336192006e+01,3.234859675036927396e-01,1.753001715265866167e+01,5.317577548005880672e-03
1.742710120068610635e+01,3.217134416543574460e-01,1.756432246998284796e+01,5.317577548005880672e-03
1.746140651801029264e+01,3.190546528803544502e-01,1.759862778730703425e+01,5.317577548005880672e-03
1.749571183533447538e+01,3.181683899556868589e-01,1.763293310463121699e+01,4.431314623338300680e-03
1.753001715265866167e+01,3.155096011816838630e-01,1.766723842195540328e+01,4.431314623338300680e-03
1.756432246998284796e+01,3.137370753323485695e-01,1.770154373927958957e+01,4.431314623338300680e-03
1.759862778730703425e+01,3.128508124076809782e-01,1.773584905660377231e+01,4.431314623338300680e-03
1.763293310463121699e+01,3.101920236336779824e-01,1.777015437392795860e+01,4.431314623338300680e-03
1.766723842195540328e+01,3.084194977843426888e-01,1.780445969125214489e+01,4.431314623338300680e-03
1.770154373927958957e+01,3.066469719350073952e-01,1.783876500857632763e+01,4.431314623338300680e-03
1.773584905660377231e+01,3.048744460856721017e-01,1.787307032590051392e+01,4.431314623338300680e-03
1.777015437392795860e+01,3.031019202363368081e-01,1.790737564322470021e+01,4.431314623338300680e-03
1.780445969125214489e+01,3.013293943870015146e-01,1.794168096054888650e+01,4.431314623338300680e-03
1.783876500857632763e+01,2.995568685376662210e-01,1.797598627787306924e+01,4.431314623338300680e-03
1.787307032590051392e+01,2.977843426883309275e-01,1.801029159519725553e+01,4.431314623338300680e-03
1.790737564322470021e+01,2.960118168389956339e-01,1.804459691252144182e+01,4.431314623338300680e-03
1.794168096054888650e+01,2.942392909896603403e-01,1.807890222984562456e+01,4.431314623338300680e-03
1.797598627787306924e+01,2.924667651403248803e-01,1.811320754716981085e+01,4.431314623338300680e-03
1.801029159519725553e+01,2.915805022156572890e-01,1.814751286449399714e+01,4.431314623338300680e-03
1.804459691252144182e+01,2.898079763663219954e-01,1.818181818181818343e+01,4.431314623338300680e-03
1.807890222984562456e+01,2.880354505169867019e-01,1.821612349914236617e+01,4.431314623338300680e-03
1.811320754716981085e+01,2.862629246676514083e-01,1.825042881646655246e+01,4.431314623338300680e-03
1.814751286449399714e+01,2.844903988183161148e-01,1.828473413379073875e+01,4.431314623338300680e-03
1.818181818181818343e+01,2.827178729689808212e-01,1.831903945111492149e+01,4.431314623338300680e-03
1.821612349914236617e+01,2.809453471196455276e-01,1.835334476843910778e+01,4.431314623338300680e-03
1.825042881646655246e+01,2.791728212703101231e-01,1.838765008576329407e+01,4.431314623338300680e-03
1.828473413379073875e+01,2.774002954209748295e-01,1.842195540308747681e+01,4.431314623338300680e-03
1.831903945111492149e+01,2.756277695716395360e-01,1.845626072041166310e+01,4.431314623338300680e-03
1.835334476843910778e+01,2.747415066469719447e-01,1.849056603773584939e+01,4.431314623338300680e-03
1.838765008576329407e+01,2.729689807976366511e-01,1.852487135506003568e+01,4.431314623338300680e-03
1.842195540308747681e+01,2.711964549483013576e-01,1.855917667238421842e+01,4.431314623338300680e-03
1.845626072041166310e+01,2.694239290989660640e-01,1.859348198970840471e+01,4.431314623338300680e-03
1.849056603773584939e+01,2.676514032496306594e-01,1.862778730703259100e+01,4.431314623338300680e-03
1.852487135506003568e+01,2.658788774002953659e-01,1.866209262435677374e+01,4.431314623338300680e-03
1.855917667238421842e+01,2.649926144756277746e-01,1.869639794168096003e+01,4.431314623338300680e-03
1.859348198970840471e+01,2.632200886262924810e-01,1.873070325900514632e+01,4.431314623338300680e-03
1.862778730703259100e+01,2.614475627769571875e-01,1.876500857632933261e+01,4.431314623338300680e-03
1.866209262435677374e+01,2.605612998522894852e-01,1.879931389365351535e+01,4.431314623338300680e-03
1.869639794168096003e+01,2.587887740029541916e-01,1.883361921097770164e+01,4.431314623338300680e-03
1.873070325900514632e+01,2.570162481536188981e-01,1.886792452830188793e+01,4.431314623338300680e-03
1.876500857632933261e+01,2.552437223042836045e-01,1.890222984562607067e+01,4.431314623338300680e-03
1.879931389365351535e+01,2.534711964549483110e-01,1.893653516295025696e+01,4.431314623338300680e-03
1.883361921097770164e+01,2.516986706056130174e-01,1.897084048027444325e+01,4.431314623338300680e-03
1.886792452830188793e+01,2.499261447562777239e-01,1.900514579759862954e+01,4.431314623338300680e-03
1.890222984562607067e+01,2.490398818316099938e-01,1.903945111492281228e+01,4.431314623338300680e-03
1.893653516295025696e+01,2.481536189069424303e-01,1.907375643224699857e+01,4.431314623338300680e-03
1.897084048027444325e+01,2.463810930576071367e-01,1.910806174957118486e+01,4.431314623338300680e-03
1.900514579759862954e+01,2.446085672082718432e-01,1.914236706689536760e+01,4.431314623338300680e-03
1.903945111492281228e+01,2.428360413589365496e-01,1.917667238421955389e+01,4.431314623338300680e-03
1.907375643224699857e+01,2.410635155096011173e-01,1.921097770154374018e+01,4.431314623338300680e-03
1.910806174957118486e+01,2.401772525849335260e-01,1.924528301886792292e+01,4.431314623338300680e-03
1.914236706689536760e+01,2.392909896602658237e-01,1.927958833619210921e+01,4.431314623338300680e-03
1.917667238421955389e+01,2.375184638109305302e-01,1.931389365351629550e+01,4.431314623338300680e-03
1.921097770154374018e+01,2.357459379615952366e-01,1.934819897084048179e+01,4.431314623338300680e-03
1.924528301886792292e+01,2.339734121122599431e-01,1.938250428816466453e+01,4.431314623338300680e-03
1.927958833619210921e+01,2.322008862629246495e-01,1.941680960548885082e+01,4.431314623338300680e-03
1.931389365351629550e+01,2.322008862629246495e-01,1.945111492281303711e+01,4.431314623338300680e-03
1.934819897084048179e+01,2.304283604135893559e-01,1.948542024013721985e+01,4.431314623338300680e-03
1.938250428816466453e+01,2.286558345642540624e-01,1.951972555746140614e+01,4.431314623338300680e-03
1.941680960548885082e+01,2.268833087149187688e-01,1.955403087478559243e+01,4.431314623338300680e-03
1.945111492281303711e+01,2.251107828655834753e-01,1.958833619210977872e+01,4.431314623338300680e-03
1.948542024013721985e+01,2.251107828655834753e-01,1.962264150943396146e+01,4.431314623338300680e-03
1.951972555746140614e+01,2.233382570162481817e-01,1.965694682675814775e+01,4.431314623338300680e-03
1.955403087478559243e+01,2.215657311669128882e-01,1.969125214408233404e+01,4.431314623338300680e-03
1.958833619210977872e+01,2.197932053175775946e-01,1.972555746140651678e+01,4.431314623338300680e-03
1.962264150943396146e+01,2.197932053175775946e-01,1.975986277873070307e+01,4.431314623338300680e-03
1.965694682675814775e+01,2.180206794682423010e-01,1.979416809605488936e+01,4.431314623338300680e-03
1.969125214408233404e+01,2.162481536189068687e-01,1.982847341337907210e+01,4.431314623338300680e-03
1.972555746140651678e+01,2.144756277695715752e-01,1.986277873070325839e+01,4.431314623338300680e-03
1.975986277873070307e+01,2.127031019202362816e-01,nan,nan
1.979416809605488936e+01,2.118168389955687181e-01,nan,nan
1.982847341337907210e+01,2.109305760709009880e-01,nan,nan
1.986277873070325839e+01,2.091580502215656945e-01,nan,nan
1.989708404802744468e+01,2.073855243722304009e-01,nan,nan
1.993138936535163097e+01,2.073855243722304009e-01,nan,nan
