beta,E_no_GP,Cv_no_GP_over_kB,E_GP,Cv_GP_over_kB
4.000000000000000222e-01,1.249999999999911626e+00,4.999999999988219979e-01,1.249999999999473088e+00,4.999999999935104134e-01
4.392785571142284740e-01,1.138229927007296194e+00,4.999999999999460987e-01,1.138229927007273767e+00,4.999999999996196376e-01
4.785571142284569257e-01,1.044807370184254403e+00,5.000000000000015543e-01,1.044807370184253514e+00,4.999999999999741873e-01
5.178356713426853775e-01,9.655572755417914932e-01,5.000000000000766054e-01,9.655572755417997088e-01,4.999999999999219513e-01
5.571142284569138292e-01,8.974820143884371104e-01,5.000000000009705570e-01,8.974820143885412493e-01,4.999999999990293875e-01
5.963927855711422810e-01,8.383736559135096522e-01,5.000000000086979313e-01,8.383736559144473466e-01,4.999999999913017912e-01
6.356713426853708437e-01,7.865699873864682168e-01,5.000000000589337468e-01,7.865699873928503338e-01,4.999999999410661977e-01
6.749498997995992955e-01,7.407957244483124315e-01,5.000000003171375385e-01,7.407957244828038412e-01,4.999999996828625726e-01
7.142284569138277472e-01,7.000561166458628692e-01,5.000000014084718947e-01,7.000561167997038092e-01,4.999999985915278833e-01
7.535070140280561990e-01,6.635638294953490890e-01,5.000000053217001916e-01,6.635638300791186772e-01,4.999999946782995308e-01
7.927855711422846507e-01,6.306875622296588269e-01,5.000000175271116509e-01,6.306875641606340954e-01,4.999999824728882380e-01
8.320641282565131025e-01,6.009152187407411638e-01,5.000000513191336093e-01,6.009152244191815484e-01,4.999999486808661131e-01
8.713426853707415543e-01,5.738270393747002540e-01,5.000001357553890413e-01,5.738270544615463598e-01,4.999998642446109587e-01
9.106212424849700060e-01,5.490756858752254832e-01,5.000003287969514432e-01,5.490757225754786530e-01,4.999996712030475576e-01
9.498997995991984578e-01,5.263712666900774995e-01,5.000007372456970467e-01,5.263713493436779078e-01,4.999992627542970691e-01
9.891783567134269095e-01,5.054699292320984361e-01,5.000015447564432058e-01,5.054701031828130464e-01,4.999984552435283724e-01
1.028456913827655361e+00,4.861650653155934476e-01,5.000030485777570144e-01,4.861654101325780797e-01,4.999969514221236921e-01
1.067735470941883813e+00,4.682804567120308348e-01,5.000057048212023236e-01,4.682811048495428285e-01,4.999942951783447054e-01
1.107014028056112265e+00,4.516648788704752948e-01,5.000101811000896568e-01,4.516660407530279087e-01,4.999898188983488145e-01
1.146292585170340717e+00,4.361878130323191827e-01,5.000174144593317882e-01,4.361898093454357750e-01,4.999825855357353799e-01
1.185571142284569168e+00,4.217360097487873882e-01,5.000286717680791915e-01,4.217393114145487343e-01,4.999713282175189399e-01
1.224849699398797620e+00,4.082107128116732597e-01,5.000456092600835678e-01,4.082159887600652071e-01,4.999543907007471533e-01
1.264128256513026072e+00,3.955254001454302504e-01,5.000703277295124316e-01,3.955335725903105781e-01,4.999296721705928648e-01
1.303406813627254524e+00,3.836039328406319338e-01,5.001054200215347967e-01,3.836162393676074145e-01,4.998945797381599832e-01
1.342685370741483197e+00,3.723790290067559017e-01,5.001540078585872129e-01,3.723970904111257862e-01,4.998459915933156084e-01
1.381963927855711649e+00,3.617909980808802217e-01,5.002197656505416035e-01,3.618168905826427695e-01,4.997802331587122282e-01
1.421242484969940101e+00,3.517866854558039380e-01,5.003069296738200666e-01,3.518230156833584976e-01,4.996930678520633551e-01
1.460521042084168553e+00,3.423185880606138265e-01,5.004202917945456131e-01,3.423685690447270669e-01,4.995797032709846652e-01
1.499799599198397004e+00,3.333441097468338166e-01,5.005651776861111957e-01,3.334116361035677767e-01,4.994348128363814143e-01
1.539078156312625456e+00,3.248249316576453105e-01,5.007474101980404768e-01,3.249146521586854242e-01,4.992525722207198369e-01
1.578356713426853908e+00,3.167264776609852173e-01,5.009732591324242978e-01,3.168438634827902556e-01,4.990267092849600683e-01
1.617635270541082360e+00,3.090174587574013865e-01,5.012493791543017885e-01,3.091688658542454116e-01,4.987505657750936905e-01
1.656913827655310811e+00,3.016694833870833814e-01,5.015827378946865478e-01,3.018622076331964332e-01,4.984171686946698987e-01
1.696192384769539263e+00,2.946567229483802453e-01,5.019805365026376309e-01,2.948990469264866077e-01,4.980193090706585557e-01
1.735470941883767715e+00,2.879556237452582379e-01,5.024501249771844424e-01,2.882568543090416879e-01,4.975496257552904922e-01
1.774749498997996167e+00,2.815446581112119318e-01,5.029989145779246718e-01,2.819151541051643228e-01,4.970006919394447942e-01
1.814028056112224618e+00,2.754041086937424332e-01,5.036342894944857429e-01,2.758552984648996453e-01,4.963651021740330127e-01
1.853306613226453070e+00,2.695158808889664415e-01,5.043635197703407735e-01,2.700602694626572653e-01,4.956355578840968557e-01
1.892585170340681522e+00,2.638633392380164144e-01,5.051936772455842828e-01,2.645145052474813241e-01,4.948049495960313848e-01
1.931863727454909974e+00,2.584311642726013769e-01,5.061315560242609646e-01,2.592037469256865401e-01,4.938664343632861442e-01
1.971142284569138425e+00,2.532052268551471808e-01,5.071835987003264767e-01,2.541149033875079177e-01,4.928135071541937529e-01
2.010420841683366877e+00,2.481724775218213941e-01,5.083558293051966270e-01,2.492359317239688787e-01,4.916400652441251795e-01
2.049699398797595329e+00,2.433208487221976413e-01,5.096537936792560064e-01,2.445557312373395908e-01,4.903404649225190925e-01
2.088977955911823781e+00,2.386391681713954938e-01,5.110825077270889638e-01,2.400640493433785494e-01,4.889095700757140617e-01
2.128256513026052232e+00,2.341170818004815746e-01,5.126464137967663426e-01,2.357513979080013145e-01,4.873427924334861050e-01
2.167535070140280684e+00,2.297449850177714359e-01,5.143493452302860813e-01,2.316089787646480325e-01,4.856361234674089755e-01
2.206813627254509136e+00,2.255139611847488401e-01,5.161944989666723549e-01,2.276286173290493764e-01,4.837861581009486045e-01
2.246092184368737588e+00,2.214157263715716972e-01,5.181844159413463435e-01,2.238027033714431735e-01,4.817901105343523893e-01
2.285370741482966039e+00,2.174425795934515904e-01,5.203209689142019867e-01,2.201241381274640085e-01,4.796458226026628080e-01
2.324649298597194491e+00,2.135873578445896814e-01,5.226053572726810925e-01,2.165862870318782385e-01,4.773517651742140155e-01
2.363927855711422943e+00,2.098433953441623534e-01,5.250381082928656795e-01,2.131829374472353211e-01,4.749070331618562291e-01
2.403206412825651395e+00,2.062044864918387566e-01,5.276190842986951957e-01,2.099082608349364110e-01,4.723113347624004477e-01
2.442484969939879846e+00,2.026648521007926307e-01,5.303474951343030153e-01,2.067567788812595397e-01,4.695649755639860201e-01
2.481763527054108298e+00,1.992191085360776603e-01,5.332219153545365575e-01,2.037233331472212972e-01,4.666688381689543252e-01
2.521042084168336750e+00,1.958622394371966058e-01,5.362403055414872721e-01,2.008030578601776028e-01,4.636243579739469101e-01
2.560320641282565202e+00,1.925895697470774715e-01,5.394000371679589234e-01,1.979913555078965381e-01,4.604334957318271804e-01
2.599599198396793653e+00,1.893967418066313524e-01,5.426979204500985698e-01,1.952838749334029345e-01,4.570987074939444894e-01
2.638877755511022105e+00,1.862796933055843041e-01,5.461302346589779200e-01,1.926764916619536638e-01,4.536229124982835703e-01
2.678156312625250557e+00,1.832346369071736203e-01,5.496927603930609196e-01,1.901652902206944773e-01,4.500094595310467627e-01
2.717434869739479009e+00,1.802580413872784948e-01,5.533808133487425618e-01,1.877465482373922856e-01,4.462620922477964491e-01
2.756713426853707460e+00,1.773466141482108460e-01,5.571892791632740982e-01,1.854167221275716537e-01,4.423849138968359296e-01
2.795991983967935912e+00,1.744972849842220952e-01,5.611126489423565733e-01,1.831724341997860439e-01,4.383823518432246602e-01
2.835270541082164364e+00,1.717071909902197213e-01,5.651450551226294694e-01,1.810104610269284431e-01,4.342591222476426260e-01
2.874549098196392816e+00,1.689736625175882190e-01,5.692803073565536609e-01,1.789277229477036213e-01,4.300201952110522252e-01
2.913827655310621267e+00,1.662942100916816046e-01,5.735119281432363714e-01,1.769212745768740935e-01,4.256707606543763678e-01
2.953106212424849719e+00,1.636665122147634710e-01,5.778331879631826151e-01,1.749882962158456623e-01,4.212161951626713363e-01
2.992384769539078171e+00,1.610884039861275041e-01,5.822371397075095656e-01,1.731260860667530876e-01,4.166620299858958543e-01
3.031663326653306623e+00,1.585578664780306624e-01,5.867166522225968350e-01,1.713320531635835753e-01,4.120139203535809758e-01
3.070941883767535074e+00,1.560730168120673111e-01,5.912644428194133717e-01,1.696037109431721701e-01,4.072776162286513291e-01
3.110220440881763526e+00,1.536320988858418668e-01,5.958731086227432305e-01,1.679386713872264014e-01,4.024589345963859310e-01
3.149498997995991978e+00,1.512334747043698469e-01,6.005351566592812551e-01,1.663346396739948108e-01,3.975637333580612776e-01
3.188777555110220430e+00,1.488756162746528444e-01,6.052430326051030374e-01,1.647894092848693481e-01,3.925978868751222040e-01
3.228056112224448881e+00,1.465570980254110589e-01,6.099891481323932441e-01,1.633008575171904786e-01,3.875672631887148167e-01
3.267334669338677333e+00,1.442765897170862066e-01,6.147659068126722914e-01,1.618669413598725071e-01,3.824777029209530665e-01
3.306613226452905785e+00,1.420328498100060233e-01,6.195657285491563693e-01,1.604856936932514133e-01,3.773349998482461443e-01
3.345891783567134237e+00,1.398247192610804768e-01,6.243810725244850479e-01,1.591552197788362877e-01,3.721448831232429533e-01
3.385170340681362688e+00,1.376511157216187831e-01,6.292044586619502944e-01,1.578736940084667917e-01,3.669130011102668121e-01
3.424448897795591140e+00,1.355110281108494741e-01,6.340284876086966781e-01,1.566393568857926410e-01,3.616449067893732217e-01
3.463727454909819592e+00,1.334035115415283523e-01,6.388458592582820783e-01,1.554505122160360076e-01,3.563460446761820277e-01
3.503006012024048044e+00,1.313276825756498900e-01,6.436493898375814648e-01,1.543055244827120087e-01,3.510217391982529689e-01
3.542284569138276495e+00,1.292827147897623041e-01,6.484320275894384089e-01,1.532028163924019359e-01,3.456771844638223956e-01
3.581563126252504947e+00,1.272678346307428154e-01,6.531868670878160366e-01,1.521408665708253172e-01,3.403174353550525999e-01
3.620841683366733399e+00,1.252823175441310499e-01,6.579071622265855179e-01,1.511182073953724059e-01,3.349473998754062265e-01
3.660120240480961851e+00,1.233254843582606147e-01,6.625863379266166975e-01,1.501334229509583840e-01,3.295718326792184127e-01
3.699398797595190302e+00,1.213966979084834252e-01,6.672180006086008142e-01,1.491851470975714133e-01,3.241953297108543519e-01
3.738677354709418754e+00,1.194953598867523059e-01,6.717959474811304732e-01,1.482720616392243784e-01,3.188223238809132498e-01
3.777955911823647206e+00,1.176209079027342036e-01,6.763141746950409594e-01,1.473928945852078787e-01,3.134570817076335891e-01
3.817234468937875658e+00,1.157728127434616561e-01,6.807668844160108534e-01,1.465464184955904692e-01,3.081037008529005639e-01
3.856513026052104109e+00,1.139505758193154611e-01,6.851484908679161823e-01,1.457314489038414318e-01,3.027661084839289862e-01
3.895791583166332561e+00,1.121537267848584096e-01,6.894536253995755537e-01,1.449468428102708706e-01,2.974480603937476042e-01
3.935070140280561013e+00,1.103818213237230811e-01,6.936771406272950191e-01,1.441914972407058182e-01,2.921531408159449006e-01
3.974348697394789465e+00,1.086344390873941745e-01,6.978141137051300236e-01,1.434643478654583915e-01,2.868847628716981735e-01
4.013627254509017916e+00,1.069111817783261198e-01,7.018598487740197456e-01,1.427643676742043066e-01,2.816461695898425655e-01
4.052905811623246812e+00,1.052116713683958205e-01,7.058098786400022195e-01,1.420905657028833369e-01,2.764404354435826550e-01
4.092184368737474820e+00,1.035355484442205265e-01,7.096599657305840969e-01,1.414419858091682802e-01,2.712704683503838754e-01
4.131462925851703716e+00,1.018824706713653133e-01,7.134061023770694732e-01,1.408177054934292294e-01,2.661390120845360530e-01
4.170741482965932612e+00,1.002521113699324229e-01,7.170445104692730887e-01,1.402168347624553890e-01,2.610486490548626914e-01
4.210020040080160619e+00,9.864415819446517575e-02,7.205716405275652825e-01,1.396385150334877590e-01,2.560018034029905576e-01
4.249298597194389515e+00,9.705831191151025050e-02,7.239841702356564213e-01,1.390819180763745722e-01,2.510007443805046812e-01
4.288577154308617523e+00,9.549428526857775545e-02,7.272790024759300254e-01,1.385462449918832273e-01,2.460475899661562216e-01
4.327855711422846419e+00,9.395180194860096312e-02,7.304532629075203287e-01,1.380307252244001859e-01,2.411443106870530262e-01
4.367134268537074426e+00,9.243059560434940813e-02,7.335042971256641176e-01,1.375346156074202519e-01,2.362927336104393150e-01
4.406412825651303322e+00,9.093040896757323410e-02,7.364296674392122322e-01,1.370571994403758098e-01,2.314945464752415916e-01
4.445691382765531330e+00,8.945099302796810647e-02,7.392271493015272199e-01,1.365977855954877973e-01,2.267513019350286818e-01
4.484969939879760226e+00,8.799210627733947132e-02,7.418947274283481663e-01,1.361557076534319344e-01,2.220644218863838393e-01
4.524248496993988233e+00,8.655351401462246796e-02,7.444305916345763663e-01,1.357303230667141203e-01,2.174352018589306157e-01
4.563527054108217129e+00,8.513498770767069512e-02,7.468331324203346666e-01,1.353210123497338158e-01,2.128648154453699759e-01
4.602805611222445137e+00,8.373630440797480423e-02,7.491009363350725758e-01,1.349271782945902221e-01,2.083543187518988871e-01
4.642084168336674033e+00,8.235724621470098816e-02,7.512327811469619032e-01,1.345482452117504613e-01,2.039046548512581380e-01
4.681362725450902040e+00,8.099759978465950749e-02,7.532276308433084600e-01,1.341836581947574436e-01,1.995166582224397189e-01
4.720641282565130936e+00,7.965715588501717792e-02,7.550846304862555147e-01,1.338328824082032353e-01,1.951910591627338543e-01
4.759919839679358944e+00,7.833570898576498742e-02,7.568031009466298364e-01,1.334954023982393712e-01,1.909284881593552308e-01
4.799198396793587840e+00,7.703305688913171523e-02,7.583825335374017040e-01,1.331707214249318871e-01,1.867294802093216743e-01
4.838476953907815847e+00,7.574900039331085300e-02,7.598225845669041023e-01,1.328583608158042939e-01,1.825944790776097004e-01
4.877755511022044743e+00,7.448334298802852804e-02,7.611230698306691300e-01,1.325578593399401039e-01,1.785238414848439592e-01
4.917034068136272751e+00,7.323589057963576787e-02,7.622839590595037462e-01,1.322687726020435883e-01,1.745178412169369753e-01
4.956312625250501647e+00,7.200645124355209425e-02,7.633053703402356005e-01,1.319906724558806421e-01,1.705766731501448252e-01
4.995591182364729654e+00,7.079483500202504720e-02,7.641875645244133874e-01,1.317231464365426208e-01,1.667004571859884710e-01
5.034869739478958550e+00,6.960085362529883080e-02,7.649309396391584803e-01,1.314657972109948836e-01,1.628892420913768957e-01
5.074148296593186558e+00,6.842432045440671740e-02,7.655360253133014492e-01,1.312182420463892107e-01,1.591430092400926422e-01
5.113426853707415454e+00,6.726505024391583876e-02,7.660034772309479711e-01,1.309801122956339436e-01,1.554616762525435070e-01
5.152705410821643461e+00,6.612285902306164198e-02,7.663340716236453076e-01,1.307510528997316845e-01,1.518451005313664059e-01
5.191983967935872357e+00,6.499756397381009632e-02,7.665286998114173578e-01,1.305307219064056612e-01,1.482930826910857369e-01
5.231262525050100365e+00,6.388898332448134099e-02,7.665883628020591090e-01,1.303187900045501557e-01,1.448053698805890632e-01
5.270541082164329261e+00,6.279693625765882248e-02,7.665141659572562993e-01,1.301149400740509721e-01,1.413816589976830129e-01
5.309819639278557268e+00,6.172124283119239524e-02,7.663073137333039631e-01,1.299188667505329908e-01,1.380215997954526430e-01
5.349098196392786164e+00,6.066172391118335172e-02,7.659691045034585644e-01,1.297302760046032122e-01,1.347247978805437563e-01
5.388376753507014172e+00,5.961820111591489835e-02,7.655009254682437758e-01,1.295488847351666806e-01,1.314908176038612764e-01
5.427655310621243068e+00,5.859049676976081644e-02,7.649042476593634898e-01,1.293744203764037592e-01,1.283191848444874550e-01
5.466933867735471964e+00,5.757843386617338133e-02,7.641806210422447121e-01,1.292066205180050498e-01,1.252093896879173940e-01
5.506212424849699971e+00,5.658183603891112773e-02,7.633316697216310232e-01,1.290452325382712706e-01,1.221608889999526576e-01
5.545490981963928867e+00,5.560052754072833392e-02,7.623590872540912944e-01,1.288900132496930973e-01,1.191731088978166264e-01
5.584769539078156875e+00,5.463433322880103388e-02,7.612646320707697756e-01,1.287407285566352366e-01,1.162454471202424289e-01
5.624048096192385771e+00,5.368307855621657493e-02,7.600501230132187258e-01,1.285971531247580568e-01,1.133772752984470861e-01
5.663326653306613778e+00,5.274658956890299066e-02,7.587174349846725896e-01,1.284590700618180592e-01,1.105679411300455606e-01
5.702605210420842674e+00,5.182469290741817391e-02,7.572684947186993920e-01,1.283262706094970840e-01,1.078167704580724751e-01
5.741883767535070682e+00,5.091721581306343780e-02,7.557052766667508026e-01,1.281985538459191054e-01,1.051230692573784237e-01
5.781162324649299578e+00,5.002398613782418207e-02,7.540297990057424071e-01,1.280757263985206895e-01,1.024861255307418229e-01
5.820440881763527585e+00,4.914483235767925368e-02,7.522441197664585522e-01,1.279576021669499020e-01,9.990521111710311264e-02
5.859719438877756481e+00,4.827958358885478529e-02,7.503503330832265172e-01,1.278440020556768641e-01,9.737958341437004395e-02
5.898997995991984489e+00,4.742806960663183830e-02,7.483505655650110056e-01,1.277347537160062052e-01,9.490848701927945275e-02
5.938276553106213385e+00,4.659012086634704841e-02,7.462469727877879544e-01,1.276296912971902897e-01,9.249115528681819964e-02
5.977555110220441392e+00,4.576556852625534438e-02,7.440417359077978743e-01,1.275286552063496781e-01,9.012681181171910971e-02
6.016833667334670288e+00,4.495424447194973361e-02,7.417370583950393392e-01,1.274314918769147154e-01,8.781467183454455538e-02
6.056112224448898296e+00,4.415598134205914876e-02,7.393351628861338787e-01,1.273380535453101370e-01,8.555394357486573176e-02
6.095390781563127192e+00,4.337061255496793555e-02,7.368382881554965680e-01,1.272481980356117426e-01,8.334382949402466267e-02
6.134669338677355199e+00,4.259797233632370977e-02,7.342486862035614292e-01,1.271617885519117919e-01,8.118352748994846213e-02
6.173947895791584095e+00,4.183789574711918591e-02,7.315686194606323411e-01,1.270786934781369393e-01,7.907223202645186078e-02
6.213226452905812103e+00,4.109021871215462474e-02,7.288003581047938217e-01,1.269987861850697675e-01,7.700913519943386465e-02
6.252505010020040999e+00,4.035477804870341023e-02,7.259461774921587285e-01,1.269219448443316967e-01,7.499342774233246078e-02
6.291783567134269006e+00,3.963141149522143164e-02,7.230083556976225623e-01,1.268480522490929574e-01,7.302429997316302324e-02
6.331062124248497902e+00,3.891995773995516467e-02,7.199891711641771552e-01,1.267769956412807264e-01,7.110094268541637674e-02
6.370340681362725910e+00,3.822025644931866667e-02,7.168909004587334932e-01,1.267086665450641858e-01,6.922254798504803852e-02
6.409619238476954806e+00,3.753214829592240592e-02,7.137158161323325922e-01,1.266429606064020663e-01,6.738831007573618803e-02
6.448897795591182813e+00,3.685547498614939049e-02,7.104661846825320870e-01,1.265797774384433139e-01,6.559742599453712020e-02
6.488176352705411709e+00,3.619007928718572659e-02,7.071442646157048983e-01,1.265190204725794854e-01,6.384909630000962233e-02
6.527454909819639717e+00,3.553580505342330415e-02,7.037523046069265042e-01,1.264605968149525306e-01,6.214252571482735410e-02
6.566733466933868613e+00,3.489249725216191089e-02,7.002925417550850407e-01,1.264044171082281676e-01,6.047692372484111262e-02
6.606012024048096620e+00,3.426000198854777662e-02,6.967671999308072683e-01,1.263503953984504991e-01,5.885150513649757553e-02
6.645290581162325516e+00,3.363816652969333493e-02,6.931784882147780102e-01,1.262984490068001231e-01,5.726549059446354312e-02
6.684569138276553524e+00,3.302683932793135102e-02,6.895285994239903626e-01,1.262484984060828208e-01,5.571810706124907808e-02
6.723847695390782420e+00,3.242587004316323934e-02,6.858197087234720879e-01,1.262004671017815660e-01,5.420858826056564744e-02
6.763126252505010427e+00,3.183510956426853500e-02,6.820539723210096161e-01,1.261542815175105137e-01,5.273617508610033144e-02
6.802404809619239323e+00,3.125441002954801317e-02,6.782335262423978550e-01,1.261098708847142036e-01,5.130011597732972439e-02
6.841683366733467331e+00,3.068362484617913680e-02,6.743604851847504467e-01,1.260671671364604896e-01,4.989966726394451380e-02
6.880961923847696227e+00,3.012260870866675586e-02,6.704369414454035558e-01,1.260261048051812272e-01,4.853409348039870036e-02
6.920240480961924234e+00,2.957121761627793180e-02,6.664649639239779155e-01,1.259866209242184176e-01,4.720266765204649689e-02
6.959519038076153130e+00,2.902930888945273735e-02,6.624465971951647436e-01,1.259486549330396665e-01,4.590467155427502277e-02
6.998797595190381138e+00,2.849674118518747551e-02,6.583838606498333412e-01,1.259121485859900358e-01,4.463939594599139471e-02
7.038076152304610034e+00,2.797337451139034897e-02,6.542787477020834963e-01,1.258770458644528911e-01,4.340614077877028021e-02
7.077354709418838041e+00,2.745907024021263312e-02,6.501332250598943485e-01,1.258432928922957605e-01,4.220421538292036534e-02
7.116633266533066937e+00,2.695369112036093140e-02,6.459492320570471291e-01,1.258108378544823824e-01,4.103293863167820077e-02
7.155911823647294945e+00,2.645710128839980427e-02,6.417286800440460404e-01,1.257796309187351469e-01,3.989163908469210706e-02
7.195190380761523841e+00,2.596916627905499625e-02,6.374734518357870749e-01,1.257496241601370746e-01,3.877965511191171916e-02
7.234468937875751848e+00,2.548975303453089244e-02,6.331854012137722032e-01,1.257207714885654748e-01,3.769633499895531925e-02
7.273747494989980744e+00,2.501872991285668951e-02,6.288663524806974436e-01,1.256930285788539214e-01,3.664103703498187287e-02
7.313026052104208752e+00,2.455596669527828832e-02,6.245181000653011738e-01,1.256663528035820709e-01,3.561312958405436074e-02
7.352304609218437648e+00,2.410133459271347409e-02,6.201424081753837969e-01,1.256407031683967890e-01,3.461199114093835988e-02
7.391583166332665655e+00,2.365470625129028823e-02,6.157410104969713860e-01,1.256160402497715212e-01,3.363701037224117729e-02
7.430861723446894551e+00,2.321595575698844061e-02,6.113156099376321206e-01,1.255923261351135634e-01,3.268758614375738558e-02
7.470140280561122559e+00,2.278495863940575156e-02,6.068678784120059566e-01,1.255695243651328563e-01,3.176312753485021484e-02
7.509418837675351455e+00,2.236159187467130077e-02,6.023994566676519336e-01,1.255475998783882052e-01,3.086305384066119137e-02
7.548697394789579462e+00,2.194573388752860815e-02,5.979119541493691514e-01,1.255265189579302942e-01,2.998679456290648596e-02
7.587975951903808358e+00,2.153726455261200518e-02,5.934069489001922992e-01,1.255062491799640301e-01,2.913378938998359077e-02
7.627254509018036366e+00,2.113606519494030250e-02,5.888859874973140229e-01,1.254867593644542478e-01,2.830348816708042059e-02
7.666533066132265262e+00,2.074201858965170342e-02,5.843505850212317165e-01,1.254680195276035026e-01,2.749535085694682079e-02
7.705811623246493269e+00,2.035500896100483556e-02,5.798022250564683899e-01,1.254500008361311425e-01,2.670884749195844010e-02
7.745090180360722165e+00,1.997492198067009686e-02,5.752423597222637852e-01,1.254326755632871049e-01,2.594345811807333146e-02
7.784368737474950173e+00,1.960164476533640676e-02,5.706724097316784317e-01,1.254160170465352941e-01,2.519867273125420484e-02
7.823647294589179069e+00,1.923506587365772513e-02,5.660937644776047328e-01,1.253999996468441736e-01,2.447399120690112867e-02
7.862925851703407076e+00,1.887507530256440219e-02,5.615077821442256978e-01,1.253845987095242032e-01,2.376892322281452807e-02
7.902204408817635972e+00,1.852156448296343738e-02,5.569157898425038944e-01,1.253697905265543089e-01,2.308298817618187337e-02
7.941482965931864868e+00,1.817442627485239132e-02,5.523190837683394916e-01,1.253555523003414829e-01,2.241571509505882465e-02
7.980761523046092876e+00,1.783355496187092812e-02,5.477189293820718952e-01,1.253418621088593643e-01,2.176664254479097546e-02
8.020040080160320883e+00,1.749884624531378510e-02,5.431165616080505520e-01,1.253286988721143136e-01,2.113531852980089776e-02
8.059318637274548891e+00,1.717019723762896327e-02,5.385131850530456843e-01,1.253160423198887985e-01,2.052130039114368615e-02
8.098597194388778675e+00,1.684750645542417574e-02,5.339099742423069062e-01,1.253038729607140189e-01,1.992415470021325144e-02
8.137875751503006683e+00,1.653067381200454267e-02,5.293080738721313017e-01,1.252921720520253634e-01,1.934345714896241325e-02
8.177154308617234690e+00,1.621960060946388282e-02,5.247085990778311837e-01,1.252809215714559832e-01,1.877879243698023920e-02
8.216432865731462698e+00,1.591418953035179940e-02,5.201126357160477109e-01,1.252701041892258782e-01,1.822975415575294605e-02
8.255711422845692482e+00,1.561434462893806531e-02,5.155212406603865150e-01,1.252597032415844469e-01,1.769594467041619296e-02
8.294989979959920490e+00,1.531997132209556196e-02,5.109354421093921239e-01,1.252497027052672796e-01,1.717697499929088378e-02
8.334268537074148497e+00,1.503097637982220985e-02,5.063562399059241548e-01,1.252400871729282827e-01,1.667246469147785903e-02
8.373547094188376505e+00,1.474726791542250136e-02,5.017846058670265563e-01,1.252308418295106918e-01,1.618204170277228252e-02
8.412825651302606289e+00,1.446875537536792058e-02,4.972214841234255389e-01,1.252219524295208608e-01,1.570534227014352621e-02
8.452104208416834297e+00,1.419534952885575727e-02,4.926677914678221359e-01,1.252134052751709969e-01,1.524201078501249799e-02
8.491382765531062304e+00,1.392696245708477561e-02,4.881244177111840332e-01,1.252051871953576700e-01,1.479169966554484163e-02
8.530661322645292088e+00,1.366350754226610190e-02,4.835922260462744982e-01,1.251972855254443739e-01,1.435406922816606472e-02
8.569939879759520096e+00,1.340489945638697299e-02,4.790720534176913237e-01,1.251896880878176910e-01,1.392878755849214119e-02
8.609218436873748104e+00,1.315105414974427483e-02,4.745647108977114059e-01,1.251823831731874448e-01,1.351553038185730402e-02
8.648496993987976111e+00,1.290188883926484190e-02,4.700709840672853135e-01,1.251753595226028359e-01,1.311398093361024718e-02
8.687775551102205895e+00,1.265732199662838835e-02,4.655916334015398061e-01,1.251686063101570545e-01,1.272382982933874078e-02
8.727054108216433903e+00,1.241727333620881897e-02,4.611273946591856188e-01,1.251621131263543074e-01,1.234477493517285515e-02
8.766332665330661911e+00,1.218166380284883658e-02,4.566789792752490307e-01,1.251558699621139470e-01,1.197652123830710014e-02
8.805611222444889918e+00,1.195041555948269871e-02,4.522470747565854876e-01,1.251498671933876095e-01,1.161878071787293167e-02
8.844889779559119702e+00,1.172345197462101689e-02,4.478323450796451444e-01,1.251440955663655485e-01,1.127127221628397916e-02
8.884168336673347710e+00,1.150069760971129604e-02,4.434354310899977780e-01,1.251385461832503765e-01,1.093372131116819405e-02
8.923446893787575718e+00,1.128207820638725892e-02,4.390569509031431172e-01,1.251332104885759522e-01,1.060586018799291284e-02
8.962725450901803725e+00,1.106752067361969384e-02,4.346975003061612775e-01,1.251280802560507943e-01,1.028742751348171204e-02
9.002004008016033509e+00,1.085695307478092182e-02,4.303576531597773092e-01,1.251231475759064238e-01,9.978168309914230497e-03
9.041282565130261517e+00,1.065030461463465673e-02,4.260379618004407343e-01,1.251184048427304851e-01,9.677833830393740150e-03
9.080561122244489525e+00,1.044750562626234683e-02,4.217389574420365439e-01,1.251138447437669388e-01,9.386181435160208600e-03
9.119839679358717532e+00,1.024848755793705997e-02,4.174611505768735520e-01,1.251094602476651441e-01,9.102974469021094320e-03
9.159118236472947316e+00,1.005318295995506934e-02,4.132050313756082671e-01,1.251052445936605695e-01,8.827982139965641351e-03
9.198396793587175324e+00,9.861525471435227119e-03,4.089710700857884240e-01,1.251011912811707816e-01,8.560979399023276037e-03
9.237675350701403332e+00,9.673449807095486561e-03,4.047597174287111410e-01,1.250972940597909477e-01,8.301746821421067055e-03
9.276953907815631339e+00,9.488891744015908944e-03,4.005714049943189248e-01,1.250935469196730598e-01,8.050070489090659781e-03
9.316232464929861123e+00,9.307788108396719551e-03,3.964065456338669580e-01,1.250899440822749731e-01,7.805741874569934423e-03
9.355511022044089131e+00,9.130076762319822709e-03,3.922655338501112032e-01,1.250864799914644110e-01,7.568557726340414959e-03
9.394789579158317139e+00,8.955696590521675798e-03,3.881487461847876186e-01,1.250831493049646137e-01,7.338319955636947445e-03
9.434068136272545146e+00,8.784587487185187976e-03,3.840565416031662127e-01,1.250799468861287234e-01,7.114835524762533683e-03
9.473346693386774930e+00,8.616690342757840973e-03,3.799892618754758811e-01,1.250768677960300002e-01,6.897916336936974445e-03
9.512625250501002938e+00,8.451947030802955257e-03,3.759472319550147268e-01,1.250739072858558232e-01,6.687379127704743721e-03
9.551903807615230946e+00,8.290300394890526975e-03,3.719307603527669537e-01,1.250710607895942073e-01,6.483045357923816233e-03
9.591182364729458953e+00,8.131694235534085366e-03,3.679401395083724546e-01,1.250683239170010674e-01,6.284741108354278613e-03
9.630460921843688737e+00,7.976073297179255353e-03,3.639756461572914437e-01,1.250656924468377951e-01,6.092296975862334166e-03
9.669739478957916745e+00,7.823383255249789781e-03,3.600375416940354567e-01,1.250631623203688481e-01,5.905547971252539038e-03
9.709018036072144753e+00,7.673570703256237316e-03,3.561260725313308839e-01,1.250607296351091136e-01,5.724333418738404046e-03
9.748296593186372760e+00,7.526583139972384262e-03,3.522414704551074527e-01,1.250583906388116340e-01,5.548496857059101624e-03
9.787575150300602544e+00,7.382368956684116738e-03,3.483839529752019715e-01,1.250561417236865647e-01,5.377885942247516773e-03
9.826853707414830552e+00,7.240877424515227388e-03,3.445537236716857965e-01,1.250539794208422040e-01,5.212352352052791390e-03
9.866132264529058560e+00,7.102058681834301328e-03,3.407509725367281472e-01,1.250519003949399355e-01,5.051751692018256225e-03
9.905410821643286567e+00,6.965863721746698954e-03,3.369758763119216072e-01,1.250499014390544505e-01,4.895943403214018420e-03
9.944689378757516351e+00,6.832244379675320167e-03,3.332285988209994776e-01,1.250479794697318681e-01,4.744790671621292900e-03
9.983967935871744359e+00,6.701153321033642869e-03,3.295092912978894173e-01,1.250461315222377023e-01,4.598160339164191097e-03
1.002324649298597237e+01,6.572544028994197277e-03,3.258180927100454150e-01,1.250443547459875737e-01,4.455922816382816565e-03
1.006252505010020037e+01,6.446370792355634108e-03,3.221551300770187365e-01,1.250426464001538618e-01,4.317951996740307906e-03
1.010180360721443016e+01,6.322588693511130981e-03,3.185205187842296559e-01,1.250410038494410847e-01,4.184125172554916880e-03
1.014108216432865817e+01,6.201153596520774663e-03,3.149143628919064408e-01,1.250394245600238985e-01,4.054322952547036001e-03
1.018036072144288617e+01,6.082022135290288817e-03,3.113367554391683889e-01,1.250379060956412769e-01,3.928429180989787169e-03
1.021963927855711418e+01,5.965151701858457771e-03,3.077877787432355405e-01,1.250364461138410987e-01,3.806330858450937635e-03
1.025891783567134397e+01,5.850500434795187499e-03,3.042675046937501349e-01,1.250350423623689533e-01,3.687918064112621994e-03
1.029819639278557197e+01,5.738027207712181367e-03,3.007759950422036477e-01,1.250336926756960565e-01,3.573083879654633758e-03
1.033747494989979998e+01,5.627691617887837887e-03,2.973133016864638045e-01,1.250323949716807825e-01,3.461724314686053482e-03
1.037675350701402799e+01,5.519453975008068759e-03,2.938794669504081192e-01,1.250311472483583985e-01,3.353738233709378444e-03
1.041603206412825777e+01,5.413275290024313104e-03,2.904745238586664002e-01,1.250299475808545890e-01,3.249027284600403392e-03
1.045531062124248578e+01,5.309117264130120036e-03,2.870984964064855482e-01,1.250287941184176355e-01,3.147495828586658207e-03
1.049458917835671379e+01,5.206942277857310071e-03,2.837513998247291891e-01,1.250276850815647545e-01,3.049050871706422087e-03
1.053386773547094357e+01,5.106713380292807365e-03,2.804332408400330712e-01,1.250266187593382927e-01,2.953601997730044993e-03
1.057314629258517158e+01,5.008394278416935554e-03,2.771440179301356554e-01,1.250255935066674762e-01,2.861061302524634496e-03
1.061242484969939959e+01,4.911949326563935271e-03,2.738837215744109876e-01,1.250246077418317725e-01,2.771343329842820922e-03
1.065170340681362759e+01,4.817343516005307899e-03,2.706523344996302760e-01,1.250236599440218421e-01,2.684365008516006665e-03
1.069098196392785738e+01,4.724542464656534581e-03,2.674498319209857033e-01,1.250227486509941643e-01,2.600045591032085733e-03
1.073026052104208539e+01,4.633512406907533930e-03,2.642761817784081702e-01,1.250218724568163686e-01,2.518306593477412283e-03
1.076953907815631339e+01,4.544220183577139457e-03,2.611313449682143295e-01,1.250210300096988025e-01,2.439071736822479887e-03
1.080881763527054140e+01,4.456633231991870801e-03,2.580152755701259903e-01,1.250202200099100880e-01,2.362266889530697817e-03
1.084809619238477119e+01,4.370719576189046468e-03,2.549279210696968057e-01,1.250194412077724748e-01,2.287820011469360489e-03
1.088737474949899919e+01,4.286447817244293593e-03,2.518692225761935410e-01,1.250186924017346324e-01,2.215661099101865449e-03
1.092665330661322720e+01,4.203787123723364515e-03,2.488391150359727522e-01,1.250179724365184653e-01,2.145722131940068760e-03
1.096593186372745521e+01,4.122707222258164758e-03,2.458375274414024703e-01,1.250172802013374829e-01,2.077937020235694383e-03
1.100521042084168499e+01,4.043178388246737413e-03,2.428643830353732491e-01,1.250166146281833646e-01,2.012241553889573212e-03
1.104448897795591300e+01,3.965171436676957588e-03,2.399195995114508928e-01,1.250159746901789437e-01,1.948573352557565709e-03
1.108376753507014101e+01,3.888657713073526232e-03,2.370030892097176878e-01,1.250153593999942803e-01,1.886871816931942700e-03
1.112304609218436902e+01,3.813609084567925502e-03,2.341147593083570677e-01,1.250147678083237679e-01,1.827078081177157219e-03
1.116232464929859880e+01,3.739997931090778376e-03,2.312545120110312546e-01,1.250141990024219996e-01,1.769134966498876272e-03
1.120160320641282681e+01,3.667797136686157169e-03,2.284222447301085812e-01,1.250136521046957827e-01,1.712986935825313401e-03
1.124088176352705482e+01,3.596980080947166994e-03,2.256178502657907869e-01,1.250131262713506386e-01,1.658580049579924795e-03
1.128016032064128282e+01,3.527520630572251667e-03,2.228412169811987975e-01,1.250126206910890658e-01,1.605861922524730962e-03
1.131943887775551261e+01,3.459393131041479160e-03,2.200922289734709159e-01,1.250121345838593190e-01,1.554781681653578506e-03
1.135871743486974061e+01,3.392572398412100135e-03,2.173707662409299357e-01,1.250116671996520101e-01,1.505289925114862903e-03
1.139799599198396862e+01,3.327033711232592426e-03,2.146767048463754102e-01,1.250112178173431732e-01,1.457338682143335387e-03
1.143727454909819663e+01,3.262752802574404344e-03,2.120099170765591401e-01,1.250107857435820702e-01,1.410881373980862451e-03
1.147655310621242641e+01,3.199705852180513392e-03,2.093702715978995321e-01,1.250103703117213527e-01,1.365872775766131418e-03
1.151583166332665442e+01,3.137869478729969890e-03,2.067576336084948896e-01,1.250099708807890231e-01,1.322268979373517972e-03
1.155511022044088243e+01,3.077220732217433689e-03,2.041718649864896207e-01,1.250095868344993644e-01,1.280027357181522628e-03
1.159438877755511044e+01,3.017737086446848748e-03,2.016128244348559251e-01,1.250092175803024230e-01,1.239106526751430470e-03
1.163366733466934022e+01,2.959396431638209105e-03,1.990803676226432506e-01,1.250088625484699068e-01,1.199466316397030698e-03
1.167294589178356823e+01,2.902177067146478190e-03,1.965743473227593296e-01,1.250085211912161653e-01,1.161067731626490079e-03
1.171222444889779624e+01,2.846057694291584221e-03,1.940946135463351152e-01,1.250081929818532833e-01,1.123872922437692571e-03
1.175150300601202424e+01,2.791017409298499410e-03,1.916410136737349001e-01,1.250078774139785076e-01,1.087845151448626254e-03
1.179078156312625403e+01,2.737035696346316622e-03,1.892133925822676310e-01,1.250075740006930392e-01,1.052948762844621404e-03
1.183006012024048204e+01,2.684092420725253149e-03,1.868115927706568979e-01,1.250072822738508005e-01,1.019149152124512649e-03
1.186933867735471004e+01,2.632167822100460984e-03,1.844354544803261386e-01,1.250070017833363745e-01,9.864127366280297203e-04
1.190861723446893805e+01,2.581242507881584530e-03,1.820848158135570938e-01,1.250067320963705042e-01,9.547069268270350854e-04
1.194789579158316783e+01,2.531297446696879633e-03,1.797595128485760529e-01,1.250064727968424327e-01,9.240000983634249522e-04
1.198717434869739584e+01,2.482313961970824059e-03,1.774593797516265670e-01,1.250062234846679166e-01,8.942615648168289770e-04
1.202645290581162385e+01,2.434273725604002049e-03,1.751842488860800851e-01,1.250059837751721359e-01,8.654615511854676967e-04
1.206573146292585186e+01,2.387158751754174003e-03,1.729339509186447188e-01,1.250057532984960584e-01,8.375711680638431777e-04
1.210501002004008164e+01,2.340951390717330854e-03,1.707083149227232588e-01,1.250055316990258958e-01,8.105623865011667064e-04
1.214428857715430965e+01,2.295634322907580405e-03,1.685071684789763713e-01,1.250053186348444867e-01,7.844080135247303827e-04
1.218356713426853766e+01,2.251190552934672576e-03,1.663303377731440991e-01,1.250051137772038023e-01,7.590816683126659420e-04
1.222284569138276566e+01,2.207603403778008681e-03,1.641776476911791238e-01,1.250049168100176855e-01,7.345577590008534269e-04
1.226212424849699545e+01,2.164856511055936444e-03,1.620489219117453028e-01,1.250047274293742405e-01,7.108114601089717509e-04
1.230140280561122346e+01,2.122933817389167661e-03,1.599439829961330495e-01,1.250045453430669584e-01,6.878186905709775516e-04
1.234068136272545146e+01,2.081819566857085520e-03,1.578626524756419347e-01,1.250043702701438830e-01,6.655560923555518989e-04
1.237995991983967947e+01,2.041498299545820103e-03,1.558047509364844929e-01,1.250042019404740690e-01,6.440010096623504038e-04
1.241923847695390926e+01,2.001954846186857796e-03,1.537700981022593893e-01,1.250040400943309982e-01,6.231314686801287450e-04
1.245851703406813726e+01,1.963174322885022360e-03,1.517585129140441302e-01,1.250038844819916783e-01,6.029261578931080327e-04
1.249779559118236527e+01,1.925142125934630258e-03,1.497698136081571652e-01,1.250037348633514234e-01,5.833644089221856708e-04
1.253707414829659328e+01,1.887843926722663395e-03,1.478038177916379814e-01,1.250035910075534829e-01,5.644261778878849030e-04
1.257635270541082306e+01,1.851265666717759719e-03,1.458603425154924582e-01,1.250034526926327438e-01,5.460920272821770350e-04
1.261563126252505107e+01,1.815393552543862875e-03,1.439392043457515813e-01,1.250033197051733103e-01,5.283431083365798531e-04
1.265490981963927908e+01,1.780214051137353481e-03,1.420402194323892864e-01,1.250031918399792386e-01,5.111611438741790574e-04
1.269418837675350709e+01,1.745713884986509938e-03,1.401632035761468109e-01,1.250030688997579575e-01,4.945284116334955652e-04
1.273346693386773687e+01,1.711880027452133057e-03,1.383079722933072686e-01,1.250029506948158731e-01,4.784277280523448303e-04
1.277274549098196488e+01,1.678699698168190004e-03,1.364743408784671042e-01,1.250028370427656299e-01,4.628424325001073811e-04
1.281202404809619289e+01,1.646160358521322467e-03,1.346621244653458949e-01,1.250027277682448090e-01,4.477563719470480856e-04
1.285130260521042089e+01,1.614249707208092761e-03,1.328711380856803514e-01,1.250026227026451997e-01,4.331538860595950851e-04
1.289058116232465068e+01,1.582955675868833812e-03,1.311011967262439848e-01,1.250025216838528963e-01,4.190197927107001626e-04
1.292985971943887868e+01,1.552266424796987796e-03,1.293521153840348492e-01,1.250024245559979152e-01,4.053393738946557451e-04
1.296913827655310669e+01,1.522170338722794378e-03,1.276237091196717188e-01,1.250023311692139150e-01,3.920983620359627447e-04
1.300841683366733648e+01,1.492656022670257789e-03,1.259157931090410243e-01,1.250022413794067699e-01,3.792829266820903753e-04
1.304769539078156448e+01,1.463712297886281873e-03,1.242281826932339905e-01,1.250021550480324428e-01,3.668796615701787616e-04
1.308697394789579249e+01,1.435328197840864389e-03,1.225606934268117648e-01,1.250020720418830722e-01,3.548755720579611613e-04
1.312625250501002050e+01,1.407492964297315597e-03,1.209131411244401683e-01,1.250019922328815258e-01,3.432580629094118233e-04
1.316553106212425028e+01,1.380196043451392424e-03,1.192853419059295289e-01,1.250019154978837532e-01,3.320149264258292219e-04
1.320480961923847829e+01,1.353427082138321030e-03,1.176771122397185509e-01,1.250018417184887154e-01,3.211343309132835291e-04
1.324408817635270630e+01,1.327175924106627908e-03,1.160882689848379556e-01,1.250017707808559198e-01,3.106048094775597668e-04
1.328336673346693431e+01,1.301432606357776208e-03,1.145186294313906838e-01,1.250017025755294775e-01,3.004152491379457365e-04
1.332264529058116409e+01,1.276187355550550614e-03,1.129680113395838820e-01,1.250016369972694885e-01,2.905548802513999249e-04
1.336192384769539210e+01,1.251430584469192869e-03,1.114362329773474908e-01,1.250015739448894492e-01,2.810132662388464407e-04
1.340120240480962011e+01,1.227152888554267074e-03,1.099231131565732572e-01,1.250015133211002938e-01,2.717802936055272638e-04
1.344048096192384811e+01,1.203345042495271820e-03,1.084284712680084750e-01,1.250014550323601259e-01,2.628461622475465717e-04
1.347975951903807790e+01,1.179997996884007971e-03,1.069521273148367063e-01,1.250013989887300558e-01,2.542013760369165720e-04
1.351903807615230590e+01,1.157102874927731524e-03,1.054939019449783050e-01,1.250013451037353118e-01,2.458367336776096958e-04
1.355831663326653391e+01,1.134650969221121615e-03,1.040536164821418003e-01,1.250012932942318467e-01,2.377433198252918507e-04
1.359759519038076192e+01,1.112633738576127365e-03,1.026310929556580737e-01,1.250012434802780514e-01,2.299124964636027895e-04
1.363687374749499170e+01,1.091042804908737285e-03,1.012261541291269579e-01,1.250011955850114098e-01,2.223358945300100606e-04
1.367615230460921971e+01,1.069869950181760298e-03,9.983862352790737194e-02,1.250011495345298984e-01,2.150054057844437178e-04
1.371543086172344772e+01,1.049107113402678601e-03,9.846832546547855392e-02,1.250011052577779669e-01,2.079131749140785280e-04
1.375470941883767573e+01,1.028746387675690899e-03,9.711508506870311641e-02,1.250010626864369034e-01,2.010515918678025136e-04
1.379398797595190551e+01,1.008780017307034198e-03,9.577872830201855647e-02,1.250010217548193914e-01,1.944132844140634509e-04
1.383326653306613352e+01,9.892003949627144188e-04,9.445908199058603016e-02,1.250009823997682290e-01,1.879911109159500726e-04
1.387254509018036153e+01,9.700000588777550441e-04,9.315597384242230161e-02,1.250009445605587965e-01,1.817781533175085709e-04
1.391182364729458953e+01,9.511716901161283103e-04,9.186923246954241395e-02,1.250009081788054088e-01,1.757677103354586253e-04
1.395110220440881932e+01,9.327081098805010484e-04,9.059868740813860344e-02,1.250008731983711929e-01,1.699532908506102289e-04
1.399038076152304733e+01,9.146022768709697638e-04,8.934416913782110281e-02,1.250008395652815185e-01,1.643286074934345879e-04
1.402965931863727533e+01,8.968472846919449187e-04,8.810550909994509239e-02,1.250008072276406479e-01,1.588875704183754286e-04
1.406893787575150334e+01,8.794363593063883947e-04,8.688253971504947271e-02,1.250007761355517721e-01,1.536242812616375069e-04
1.410821643286573313e+01,8.623628565365850209e-04,8.567509439943023219e-02,1.250007462410399339e-01,1.485330272773125251e-04
1.414749498997996113e+01,8.456202596106643984e-04,8.448300758087236295e-02,1.250007174979779756e-01,1.436082756468436865e-04
1.418677354709418914e+01,8.292021767540852387e-04,8.330611471356312581e-02,1.250006898620154572e-01,1.388446679569529062e-04
1.422605210420841715e+01,8.131023388253207822e-04,8.214425229220891078e-02,1.250006632905101833e-01,1.342370148412887296e-04
1.426533066132264693e+01,7.973145969949775721e-04,8.099725786537807781e-02,1.250006377424623949e-01,1.297802907811695635e-04
1.430460921843687494e+01,7.818329204676096765e-04,7.986497004809102462e-02,1.250006131784515140e-01,1.254696290609236189e-04
1.434388777555110295e+01,7.666513942454741869e-04,7.874722853367778497e-02,1.250005895605753314e-01,1.213003168734387913e-04
1.438316633266533096e+01,7.517642169335235882e-04,7.764387410492526453e-02,1.250005668523915259e-01,1.172677905716600712e-04
1.442244488977956074e+01,7.371656985849021860e-04,7.655474864453272466e-02,1.250005450188614031e-01,1.133676310618750657e-04
1.446172344689378875e+01,7.228502585862514032e-04,7.547969514489616394e-02,1.250005240262958839e-01,1.095955593347472168e-04
1.450100200400801675e+01,7.088124235821206213e-04,7.441855771724002755e-02,1.250005038423034343e-01,1.059474321301554102e-04
1.454028056112224476e+01,6.950468254378114720e-04,7.337118160011585344e-02,1.250004844357402167e-01,1.024192377320123221e-04
1.457955911823647455e+01,6.815481992399702533e-04,7.233741316728561910e-02,1.250004657766619065e-01,9.900709188933007093e-05
1.461883767535070255e+01,6.683113813342771896e-04,7.131709993500831568e-02,1.250004478362775617e-01,9.570723385990507082e-05
1.465811623246493056e+01,6.553313073995635854e-04,7.031009056874631957e-02,1.250004305869052146e-01,9.251602257308891254e-05
1.469739478957915857e+01,6.426030105577336697e-04,6.931623488931042132e-02,1.250004140019290444e-01,8.942993290821224300e-05
1.473667334669338835e+01,6.301216195188397455e-04,6.833538387845811135e-02,1.250003980557584937e-01,8.644555208531625509e-05
1.477595190380761636e+01,6.178823567607042485e-04,6.736738968396399629e-02,1.250003827237886056e-01,8.355957616494177008e-05
1.481523046092184437e+01,6.058805367424583603e-04,6.641210562417579344e-02,1.250003679823621372e-01,8.076880665380962228e-05
1.485450901803607238e+01,5.941115641514095385e-04,6.546938619207375021e-02,1.250003538087330890e-01,7.807014721331893066e-05
1.489378757515030216e+01,5.825709321826342798e-04,6.453908705884733865e-02,1.250003401810315384e-01,7.546060046786718701e-05
1.493306613226453017e+01,5.712542208507176943e-04,6.362106507700508728e-02,1.250003270782299447e-01,7.293726491008404558e-05
1.497234468937875818e+01,5.601570953330570245e-04,6.271517828303127540e-02,1.250003144801107025e-01,7.049733190014573984e-05
1.501162324649298618e+01,5.492753043441723701e-04,6.182128589960445009e-02,1.250003023672348612e-01,6.813808275642060312e-05
1.505090180360721597e+01,5.386046785404640866e-04,6.093924833739144953e-02,1.250002907209122605e-01,6.585688593476688715e-05
1.509018036072144398e+01,5.281411289548685771e-04,6.006892719643040779e-02,1.250002795231726638e-01,6.365119429388320556e-05
1.512945891783567198e+01,5.178806454608725438e-04,5.921018526711578633e-02,1.250002687567378923e-01,6.151854244417912290e-05
1.516873747494989999e+01,5.078192952653622473e-04,5.836288653079894917e-02,1.250002584049953458e-01,5.945654417770991390e-05
1.520801603206412977e+01,4.979532214297811756e-04,5.752689616001667450e-02,1.250002484519723012e-01,5.746288997678231292e-05
1.524729458917835778e+01,4.882786414190861150e-04,5.670208051835952390e-02,1.250002388823112098e-01,5.553534459890971956e-05
1.528657314629258579e+01,4.787918456779936198e-04,5.588830715999246190e-02,1.250002296812460501e-01,5.367174473585653577e-05
1.532585170340681380e+01,4.694891962340311579e-04,5.508544482883968862e-02,1.250002208345796229e-01,5.186999674457887650e-05
1.536513026052104358e+01,4.603671253268941995e-04,5.429336345744442682e-02,1.250002123286614586e-01,5.012807444792702219e-05
1.540440881763527159e+01,4.514221340636401150e-04,5.351193416551572324e-02,1.250002041503669448e-01,4.844401700303820437e-05
1.544368737474949960e+01,4.426507910992387961e-04,5.274102925817217985e-02,1.250001962870769534e-01,4.681592683540401626e-05
1.548296593186372938e+01,4.340497313420263177e-04,5.198052222389398791e-02,1.250001887266583844e-01,4.524196763665743539e-05
1.552224448897795739e+01,4.256156546836003651e-04,5.123028773219348575e-02,1.250001814574455694e-01,4.372036242417708996e-05
1.556152304609218540e+01,4.173453247527103560e-04,5.049020163101376052e-02,1.250001744682220362e-01,4.224939166066127495e-05
1.560080160320641340e+01,4.092355676927068972e-04,4.976014094386608383e-02,1.250001677482034390e-01,4.082739143187841355e-05
1.564008016032064319e+01,4.012832709621128274e-04,4.903998386671487575e-02,1.250001612870207390e-01,3.945275168084999112e-05
1.567935871743487120e+01,3.934853821578968036e-04,4.832960976462024466e-02,1.250001550747043555e-01,3.812391449677344043e-05
1.571863727454909920e+01,3.858389078610244228e-04,4.762889916814655455e-02,1.250001491016686783e-01,3.683937245703934930e-05
1.575791583166332721e+01,3.783409125038857796e-04,4.693773376954659543e-02,1.250001433586972466e-01,3.559766702074726170e-05
1.579719438877755699e+01,3.709885172591884366e-04,4.625599641872947532e-02,1.250001378369287042e-01,3.439738697216757627e-05
1.583647294589178500e+01,3.637788989499249012e-04,4.558357111902096304e-02,1.250001325278429221e-01,3.323716691264405956e-05
1.587575150300601301e+01,3.567092889800213659e-04,4.492034302272419205e-02,1.250001274232479531e-01,3.211568579947300320e-05
1.591503006012024102e+01,3.497769722852878647e-04,4.426619842648909370e-02,1.250001225152674311e-01,3.103166553033978370e-05
1.595430861723447080e+01,3.429792863042939498e-04,4.362102476649815097e-02,1.250001177963283028e-01,2.998386957193277812e-05
1.599358717434869881e+01,3.363136199687997985e-04,4.298471061347598071e-02,1.250001132591492814e-01,2.897110163139584560e-05
1.603286573146292682e+01,3.297774127133781862e-04,4.235714566753019661e-02,1.250001088967294116e-01,2.799220436931881337e-05
1.607214428857715305e+01,3.233681535038762070e-04,4.173822075283088739e-02,1.250001047023375500e-01,2.704605815300450139e-05
1.611142284569138283e+01,3.170833798843594427e-04,4.112782781213534383e-02,1.250001006695016792e-01,2.613157984878609696e-05
1.615070140280561262e+01,3.109206770422043753e-04,4.052585990116550768e-02,1.250000967919991379e-01,2.524772165220654633e-05
1.618997995991983885e+01,3.048776768909894960e-04,3.993221118284379784e-02,1.250000930638469621e-01,2.439346995490417671e-05
1.622925851703406863e+01,2.989520571708615304e-04,3.934677692139450234e-02,1.250000894792925588e-01,2.356784424708447290e-05
1.626853707414829842e+01,2.931415405660510324e-04,3.876945347631701594e-02,1.250000860328049912e-01,2.276989605449107897e-05
1.630781563126252465e+01,2.874438938392123006e-04,3.820013829623656459e-02,1.250000827190662911e-01,2.199870790881888378e-05
1.634709418837675443e+01,2.818569269822748823e-04,3.763872991263848833e-02,1.250000795329633541e-01,2.125339235054564600e-05
1.638637274549098066e+01,2.763784923835031944e-04,3.708512793349232062e-02,1.250000764695800293e-01,2.053309096318841603e-05
1.642565130260521045e+01,2.710064840104506561e-04,3.653923303677041046e-02,1.250000735241894867e-01,1.983697343801836831e-05
1.646492985971943668e+01,2.657388366085236238e-04,3.600094696386761661e-02,1.250000706922470006e-01,1.916423666830001046e-05
1.650420841683366646e+01,2.605735249148479708e-04,3.547017251292613332e-02,1.250000679693828998e-01,1.851410387214418192e-05
1.654348697394789625e+01,2.555085628871657999e-04,3.494681353207180347e-02,1.250000653513957394e-01,1.788582374309550654e-05
1.658276553106212248e+01,2.505420029474690656e-04,3.443077491256607559e-02,1.250000628342459730e-01,1.727866962759770148e-05
1.662204408817635226e+01,2.456719352400971580e-04,3.392196258187866326e-02,1.250000604140496796e-01,1.669193872850763288e-05
1.666132264529058205e+01,2.408964869040311106e-04,3.342028349668615950e-02,1.250000580870724298e-01,1.612495133385378565e-05
1.670060120240480828e+01,2.362138213591088022e-04,3.292564563580027692e-02,1.250000558497237069e-01,1.557705007005738716e-05
1.673987975951903806e+01,2.316221376059043316e-04,3.243795799303078597e-02,1.250000536985513000e-01,1.504759917885938769e-05
1.677915831663326429e+01,2.271196695390163974e-04,3.195713056998764068e-02,1.250000516302359477e-01,1.453598381721885922e-05
1.681843687374749408e+01,2.227046852735050156e-04,3.148307436882558791e-02,1.250000496415861750e-01,1.404160937946920775e-05
1.685771543086172386e+01,2.183754864842385901e-04,3.101570138493659270e-02,1.250000477295335477e-01,1.356390084104228541e-05
1.689699398797595009e+01,2.141304077578991532e-04,3.055492459959281704e-02,1.250000458911277590e-01,1.310230212308884791e-05
1.693627254509017988e+01,2.099678159574099598e-04,3.010065797254471431e-02,1.250000441235321058e-01,1.265627547734573359e-05
1.697555110220440966e+01,2.058861095985551530e-04,2.965281643457800750e-02,1.250000424240191865e-01,1.222530089061947514e-05
1.701482965931863589e+01,2.018837182385525408e-04,2.921131588003259005e-02,1.250000407899666821e-01,1.180887550827414244e-05
1.705410821643286567e+01,1.979591018763580913e-04,2.877607315928716256e-02,1.250000392188532483e-01,1.140651307613078482e-05
1.709338677354709191e+01,1.941107503644841131e-04,2.834700607121353258e-02,1.250000377082546021e-01,1.101774340020382014e-05
1.713266533066132169e+01,1.903371828321020283e-04,2.792403335560250319e-02,1.250000362558399414e-01,1.064211182371585586e-05
1.717194388777555147e+01,1.866369471192293238e-04,2.750707468556623861e-02,1.250000348593681421e-01,1.027917872085135501e-05
1.721122244488977771e+01,1.830086192217790161e-04,2.709605065991861628e-02,1.250000335166844556e-01,9.928519006724108577e-06
1.725050100200400749e+01,1.794508027472721903e-04,2.669088279553760365e-02,1.250000322257171503e-01,9.589721663050565514e-06
1.728977955911823727e+01,1.759621283810109478e-04,2.629149351971225845e-02,1.250000309844742086e-01,9.262389279036565781e-06
1.732905811623246350e+01,1.725412533625096429e-04,2.589780616247679829e-02,1.250000297910404123e-01,8.946137606999226167e-06
1.736833667334669329e+01,1.691868609719920675e-04,2.550974494893488986e-02,1.250000286435742902e-01,8.640595132261045004e-06
1.740761523046091952e+01,1.658976600267653124e-04,2.512723499157681895e-02,1.250000275403053140e-01,8.345402656867698080e-06
1.744689378757514930e+01,1.626723843872762037e-04,2.475020228259141794e-02,1.250000264795310956e-01,8.060212896693490133e-06
1.748617234468937909e+01,1.595097924726742139e-04,2.437857368617616857e-02,1.250000254596148885e-01,7.784690091513466218e-06
1.752545090180360532e+01,1.564086667856933886e-04,2.401227693084700271e-02,1.250000244789829518e-01,7.518509627632606107e-06
1.756472945891783510e+01,1.533678134466779741e-04,2.365124060175042425e-02,1.250000235361221623e-01,7.261357672676035027e-06
1.760400801603206489e+01,1.503860617365805489e-04,2.329539413298037723e-02,1.250000226295776840e-01,7.012930822156238207e-06
1.764328657314629112e+01,1.474622636487571826e-04,2.294466779990171970e-02,1.250000217579507467e-01,6.772935757444584716e-06
1.768256513026052090e+01,1.445952934493933051e-04,2.259899271148211458e-02,1.250000209198963708e-01,6.541088914786505833e-06
1.772184368737474713e+01,1.417840472463991993e-04,2.225830080263517530e-02,1.250000201141214795e-01,6.317116165010780322e-06
1.776112224448897692e+01,1.390274425666072043e-04,2.192252482657571291e-02,1.250000193393827341e-01,6.100752503593561163e-06
1.780040080160320670e+01,1.363244179411185670e-04,2.159159834718983595e-02,1.250000185944847297e-01,5.891741750749239497e-06
1.783967935871743293e+01,1.336739324986400783e-04,2.126545573142120393e-02,1.250000178782780802e-01,5.689836261229436095e-06
1.787895791583166272e+01,1.310749655666584065e-04,2.094403214167503760e-02,1.250000171896576695e-01,5.494796643521890133e-06
1.791823647294589250e+01,1.285265162803060862e-04,2.062726352824223452e-02,1.250000165275609310e-01,5.306391488150567057e-06
1.795751503006011873e+01,1.260276031987670766e-04,2.031508662174431878e-02,1.250000158909663206e-01,5.124397104787098687e-06
1.799679358717434852e+01,1.235772639290798303e-04,2.000743892560120571e-02,1.250000152788914853e-01,4.948597267893139360e-06
1.803607214428857830e+01,1.211745547571990700e-04,1.970425870852346439e-02,1.250000146903920417e-01,4.778782970621983646e-06
1.807535070140280453e+01,1.188185502861725318e-04,1.940548499702995575e-02,1.250000141245599383e-01,4.614752186715746482e-06
1.811462925851703432e+01,1.165083430812994977e-04,1.911105756799254263e-02,1.250000135805220680e-01,4.456309640143097147e-06
1.815390781563126055e+01,1.142430433221386387e-04,1.882091694120935355e-02,1.250000130574389912e-01,4.303266582230495514e-06
1.819318637274549033e+01,1.120217784612292385e-04,1.853500437200723133e-02,1.250000125545035756e-01,4.155440576047097438e-06
1.823246492985972012e+01,1.098436928894035662e-04,1.825326184387539644e-02,1.250000120709398033e-01,4.012655287811724210e-06
1.827174348697394635e+01,1.077079476075585061e-04,1.797563206113075157e-02,1.250000116060015487e-01,3.874740285096837738e-06
1.831102204408817613e+01,1.056137199047652291e-04,1.770205844161628489e-02,1.250000111589713581e-01,3.741530841611951288e-06
1.835030060120240591e+01,1.035602030425966972e-04,1.743248510943377211e-02,1.250000107291595330e-01,3.612867748355702236e-06
1.838957915831663215e+01,1.015466059455504835e-04,1.716685688771137433e-02,1.250000103159028264e-01,3.488597130932101216e-06
1.842885771543086193e+01,9.957215289745178100e-05,1.690511929140736669e-02,1.250000099185635816e-01,3.368570272833232638e-06
1.846813627254508816e+01,9.763608324372346321e-05,1.664721852015108028e-02,1.250000095365287334e-01,3.252643444496870414e-06
1.850741482965931795e+01,9.573765109940644076e-05,1.639310145112141820e-02,1.250000091692087811e-01,3.140677737953123698e-06
1.854669338677354773e+01,9.387612506282474100e-05,1.614271563196445144e-02,1.250000088160369283e-01,3.032538906880705548e-06
1.858597194388777396e+01,9.205078793478279665e-05,1.589600927375030628e-02,1.250000084764682495e-01,2.928097211898417475e-06
1.862525050100200374e+01,9.026093644319090113e-05,1.565293124397042906e-02,1.250000081499788029e-01,2.827227270923395762e-06
1.866452905811623353e+01,8.850588097301503171e-05,1.541343105957598304e-02,1.250000078360648248e-01,2.729807914432872178e-06
1.870380761523045976e+01,8.678494530144652329e-05,1.517745888005785429e-02,1.250000075342418693e-01,2.635722045471194105e-06
1.874308617234468954e+01,8.509746633819271371e-05,1.494496550056898833e-02,1.250000072440443089e-01,2.544856504249022772e-06
1.878236472945891578e+01,8.344279387079106363e-05,1.471590234508994219e-02,1.250000069650243351e-01,2.457101937186536862e-06
1.882164328657314556e+01,8.182029031484701787e-05,1.449022145963768486e-02,1.250000066967514034e-01,2.372352670256824607e-06
1.886092184368737534e+01,8.022933046910515887e-05,1.426787550551889862e-02,1.250000064388115950e-01,2.290506586490692424e-06
1.890020040080160157e+01,7.866930127525648033e-05,1.404881775262760597e-02,1.250000061908068671e-01,2.211465007508030598e-06
1.893947895791583136e+01,7.713960158239308008e-05,1.383300207278805212e-02,1.250000059523546092e-01,2.135132578945494085e-06
1.897875751503006114e+01,7.563964191602138079e-05,1.362038293314332162e-02,1.250000057230868378e-01,2.061417159654331215e-06
1.901803607214428737e+01,7.416884425154351068e-05,1.341091538958976738e-02,1.250000055026498080e-01,1.990229714546025413e-06
1.905731462925851716e+01,7.272664179212294012e-05,1.320455508025794762e-02,1.250000052907033754e-01,1.921484210967517716e-06
1.909659318637274339e+01,7.131247875085003709e-05,1.300125821904048011e-02,1.250000050869205515e-01,1.855097518491513451e-06
1.913587174348697317e+01,6.992581013712256691e-05,1.280098158916681723e-02,1.250000048909868378e-01,1.790989312010823034e-06
1.917515030060120296e+01,6.856610154716301960e-05,1.260368253682576933e-02,1.250000047025999206e-01,1.729081978029562877e-06
1.921442885771542919e+01,6.723282895859024355e-05,1.240931896483558027e-02,1.250000045214691435e-01,1.669300524047126631e-06
1.925370741482965897e+01,6.592547852896852895e-05,1.221784932636208951e-02,1.250000043473150080e-01,1.611572490934388835e-06
1.929298597194388876e+01,6.464354639825838262e-05,1.202923261868534162e-02,1.250000041798688122e-01,1.555827868204761822e-06
1.933226452905811499e+01,6.338653849509162262e-05,1.184342837701454418e-02,1.250000040188721517e-01,1.501999012085757631e-06
1.937154308617234477e+01,6.215397034679836803e-05,1.166039666835173849e-02,1.250000038640766142e-01,1.450020566299807681e-06
1.941082164328657100e+01,6.094536689311434626e-05,1.148009808540459073e-02,1.250000037152433907e-01,1.399829385466071092e-06
1.945010020040080079e+01,5.976026230349498189e-05,1.130249374054796349e-02,1.250000035721427760e-01,1.351364461037579498e-06
1.948937875751503057e+01,5.859819979797006954e-05,1.112754525983498596e-02,1.250000034345540023e-01,1.304566849691105927e-06
1.952865731462925680e+01,5.745873147146742627e-05,1.095521477705723758e-02,1.250000033022647394e-01,1.259379604089520038e-06
1.956793587174348659e+01,5.634141812154057284e-05,1.078546492785442679e-02,1.250000031750709006e-01,1.215747705939144819e-06
1.960721442885771637e+01,5.524582907943479537e-05,1.061825884387372458e-02,1.250000030527761985e-01,1.173618001267101303e-06
1.964649298597194260e+01,5.417154204442587811e-05,1.045356014697852720e-02,1.250000029351919506e-01,1.132939137845935165e-06
1.968577154308617239e+01,5.311814292136897588e-05,1.029133294350689960e-02,1.250000028221366910e-01,1.093661504695265306e-06
1.972505010020039862e+01,5.208522566139658553e-05,1.013154181857977079e-02,1.250000027134360037e-01,1.055737173592469230e-06
1.976432865731462840e+01,5.107239210570267186e-05,9.974151830458737045e-03,1.250000026089221894e-01,1.019119842526459450e-06
1.980360721442885819e+01,5.007925183235585110e-05,9.819128504953653427e-03,1.250000025084339050e-01,9.837647810309601606e-07
1.984288577154308442e+01,4.910542200608086918e-05,9.666437829879817589e-03,1.250000024118161635e-01,9.496287773355247567e-07
1.988216432865731420e+01,4.815052723095223351e-05,9.516046249564846446e-03,1.250000023189198617e-01,9.166700872746706163e-07
1.992144288577154398e+01,4.721419940594407376e-05,9.367920659405247485e-03,1.250000022296016700e-01,8.848483848974148375e-07
1.996072144288577022e+01,4.629607758327975142e-05,9.222028400472453979e-03,1.250000021437237541e-01,8.541247147212795523e-07
2.000000000000000000e+01,4.539580782952790257e-05,9.078337254168377876e-03,1.250000020611536089e-01,8.244614455767396644e-07
