beta,Cv_no_GP_over_kB,Cv_GP_over_kB
4.000000000000000222e-01,4.999881590105386686e-01,4.999717220705229836e-01
4.392785571142284740e-01,4.999969652898655359e-01,4.999915097989475754e-01
4.785571142284569257e-01,4.999992358594546604e-01,4.999974857960490793e-01
5.178356713426853775e-01,4.999998105196552523e-01,4.999992647397843992e-01
5.571142284569138292e-01,4.999999536436172676e-01,4.999997874174135215e-01
5.963927855711422810e-01,4.999999888007419235e-01,4.999999391645200131e-01
6.356713426853708437e-01,4.999999973774842954e-01,4.999999827005963127e-01
6.749498997995992955e-01,4.999999996815972514e-01,4.999999948383200277e-01
7.142284569138277472e-01,5.000000012590994913e-01,4.999999972408989413e-01
7.535070140280561990e-01,5.000000052868571743e-01,4.999999943044495798e-01
7.927855711422846507e-01,5.000000175190393303e-01,4.999999823700855828e-01
8.320641282565131025e-01,5.000000513172749850e-01,4.999999486527665904e-01
8.713426853707415543e-01,5.000001357549634928e-01,4.999998642369724577e-01
9.106212424849700060e-01,5.000003287968542987e-01,4.999996712009815991e-01
9.498997995991984578e-01,5.000007372456751753e-01,4.999992627537410139e-01
9.891783567134269095e-01,5.000015447564382098e-01,4.999984552433793250e-01
1.028456913827655361e+00,5.000030485777559042e-01,4.999969514220838906e-01
1.067735470941883813e+00,5.000057048212021016e-01,4.999942951783341583e-01
1.107014028056112265e+00,5.000101811000897678e-01,4.999898188983460945e-01
1.146292585170340717e+00,5.000174144593318992e-01,4.999825855357347137e-01
1.185571142284569168e+00,5.000286717680791915e-01,4.999713282175188844e-01
1.224849699398797620e+00,5.000456092600835678e-01,4.999543907007471533e-01
1.264128256513026072e+00,5.000703277295124316e-01,4.999296721705928648e-01
1.303406813627254524e+00,5.001054200215345746e-01,4.998945797381599832e-01
1.342685370741483197e+00,5.001540078585872129e-01,4.998459915933156084e-01
1.381963927855711649e+00,5.002197656505414924e-01,4.997802331587122282e-01
1.421242484969940101e+00,5.003069296738200666e-01,4.996930678520633551e-01
1.460521042084168553e+00,5.004202917945456131e-01,4.995797032709846652e-01
1.499799599198397004e+00,5.005651776861111957e-01,4.994348128363814143e-01
1.539078156312625456e+00,5.007474101980404768e-01,4.992525722207198369e-01
1.578356713426853908e+00,5.009732591324242978e-01,4.990267092849600683e-01
1.617635270541082360e+00,5.012493791543017885e-01,4.987505657750936905e-01
1.656913827655310811e+00,5.015827378946865478e-01,4.984171686946698987e-01
1.696192384769539263e+00,5.019805365026376309e-01,4.980193090706585557e-01
1.735470941883767715e+00,5.024501249771844424e-01,4.975496257552904922e-01
1.774749498997996167e+00,5.029989145779246718e-01,4.970006919394447942e-01
1.814028056112224618e+00,5.036342894944857429e-01,4.963651021740330127e-01
1.853306613226453070e+00,5.043635197703407735e-01,4.956355578840968557e-01
1.892585170340681522e+00,5.051936772455842828e-01,4.948049495960313848e-01
1.931863727454909974e+00,5.061315560242609646e-01,4.938664343632861442e-01
1.971142284569138425e+00,5.071835987003264767e-01,4.928135071541937529e-01
2.010420841683366877e+00,5.083558293051966270e-01,4.916400652441251795e-01
2.049699398797595329e+00,5.096537936792560064e-01,4.903404649225190925e-01
2.088977955911823781e+00,5.110825077270889638e-01,4.889095700757140617e-01
2.128256513026052232e+00,5.126464137967663426e-01,4.873427924334861050e-01
2.167535070140280684e+00,5.143493452302860813e-01,4.856361234674089755e-01
2.206813627254509136e+00,5.161944989666723549e-01,4.837861581009486045e-01
2.246092184368737588e+00,5.181844159413463435e-01,4.817901105343523893e-01
2.285370741482966039e+00,5.203209689142019867e-01,4.796458226026628080e-01
2.324649298597194491e+00,5.226053572726810925e-01,4.773517651742140155e-01
2.363927855711422943e+00,5.250381082928656795e-01,4.749070331618562291e-01
2.403206412825651395e+00,5.276190842986951957e-01,4.723113347624004477e-01
2.442484969939879846e+00,5.303474951343030153e-01,4.695649755639860201e-01
2.481763527054108298e+00,5.332219153545365575e-01,4.666688381689543252e-01
2.521042084168336750e+00,5.362403055414872721e-01,4.636243579739469101e-01
2.560320641282565202e+00,5.394000371679589234e-01,4.604334957318271804e-01
2.599599198396793653e+00,5.426979204500985698e-01,4.570987074939444894e-01
2.638877755511022105e+00,5.461302346589779200e-01,4.536229124982835703e-01
2.678156312625250557e+00,5.496927603930609196e-01,4.500094595310467627e-01
2.717434869739479009e+00,5.533808133487425618e-01,4.462620922477964491e-01
2.756713426853707460e+00,5.571892791632740982e-01,4.423849138968359296e-01
2.795991983967935912e+00,5.611126489423565733e-01,4.383823518432246602e-01
2.835270541082164364e+00,5.651450551226294694e-01,4.342591222476426260e-01
2.874549098196392816e+00,5.692803073565536609e-01,4.300201952110522252e-01
2.913827655310621267e+00,5.735119281432363714e-01,4.256707606543763678e-01
2.953106212424849719e+00,5.778331879631826151e-01,4.212161951626713363e-01
2.992384769539078171e+00,5.822371397075095656e-01,4.166620299858958543e-01
3.031663326653306623e+00,5.867166522225968350e-01,4.120139203535809758e-01
3.070941883767535074e+00,5.912644428194133717e-01,4.072776162286513291e-01
3.110220440881763526e+00,5.958731086227432305e-01,4.024589345963859310e-01
3.149498997995991978e+00,6.005351566592812551e-01,3.975637333580612776e-01
3.188777555110220430e+00,6.052430326051030374e-01,3.925978868751222040e-01
3.228056112224448881e+00,6.099891481323932441e-01,3.875672631887148167e-01
3.267334669338677333e+00,6.147659068126722914e-01,3.824777029209530665e-01
3.306613226452905785e+00,6.195657285491563693e-01,3.773349998482461443e-01
3.345891783567134237e+00,6.243810725244850479e-01,3.721448831232429533e-01
3.385170340681362688e+00,6.292044586619502944e-01,3.669130011102668121e-01
3.424448897795591140e+00,6.340284876086966781e-01,3.616449067893732217e-01
3.463727454909819592e+00,6.388458592582820783e-01,3.563460446761820277e-01
3.503006012024048044e+00,6.436493898375814648e-01,3.510217391982529689e-01
3.542284569138276495e+00,6.484320275894384089e-01,3.456771844638223956e-01
3.581563126252504947e+00,6.531868670878160366e-01,3.403174353550525999e-01
3.620841683366733399e+00,6.579071622265855179e-01,3.349473998754062265e-01
3.660120240480961851e+00,6.625863379266166975e-01,3.295718326792184127e-01
3.699398797595190302e+00,6.672180006086008142e-01,3.241953297108543519e-01
3.738677354709418754e+00,6.717959474811304732e-01,3.188223238809132498e-01
3.777955911823647206e+00,6.763141746950409594e-01,3.134570817076335891e-01
3.817234468937875658e+00,6.807668844160108534e-01,3.081037008529005639e-01
3.856513026052104109e+00,6.851484908679161823e-01,3.027661084839289862e-01
3.895791583166332561e+00,6.894536253995755537e-01,2.974480603937476042e-01
3.935070140280561013e+00,6.936771406272950191e-01,2.921531408159449006e-01
3.974348697394789465e+00,6.978141137051300236e-01,2.868847628716981735e-01
4.013627254509017916e+00,7.018598487740197456e-01,2.816461695898425655e-01
4.052905811623246812e+00,7.058098786400022195e-01,2.764404354435826550e-01
4.092184368737474820e+00,7.096599657305840969e-01,2.712704683503838754e-01
4.131462925851703716e+00,7.134061023770694732e-01,2.661390120845360530e-01
4.170741482965932612e+00,7.170445104692730887e-01,2.610486490548626914e-01
4.210020040080160619e+00,7.205716405275652825e-01,2.560018034029905576e-01
4.249298597194389515e+00,7.239841702356564213e-01,2.510007443805046812e-01
4.288577154308617523e+00,7.272790024759300254e-01,2.460475899661562216e-01
4.327855711422846419e+00,7.304532629075203287e-01,2.411443106870530262e-01
4.367134268537074426e+00,7.335042971256641176e-01,2.362927336104393150e-01
4.406412825651303322e+00,7.364296674392122322e-01,2.314945464752415916e-01
4.445691382765531330e+00,7.392271493015272199e-01,2.267513019350286818e-01
4.484969939879760226e+00,7.418947274283481663e-01,2.220644218863838393e-01
4.524248496993988233e+00,7.444305916345763663e-01,2.174352018589306157e-01
4.563527054108217129e+00,7.468331324203346666e-01,2.128648154453699759e-01
4.602805611222445137e+00,7.491009363350725758e-01,2.083543187518988871e-01
4.642084168336674033e+00,7.512327811469619032e-01,2.039046548512581380e-01
4.681362725450902040e+00,7.532276308433084600e-01,1.995166582224397189e-01
4.720641282565130936e+00,7.550846304862555147e-01,1.951910591627338543e-01
4.759919839679358944e+00,7.568031009466298364e-01,1.909284881593552308e-01
4.799198396793587840e+00,7.583825335374017040e-01,1.867294802093216743e-01
4.838476953907815847e+00,7.598225845669041023e-01,1.825944790776097004e-01
4.877755511022044743e+00,7.611230698306691300e-01,1.785238414848439592e-01
4.917034068136272751e+00,7.622839590595037462e-01,1.745178412169369753e-01
4.956312625250501647e+00,7.633053703402356005e-01,1.705766731501448252e-01
4.995591182364729654e+00,7.641875645244133874e-01,1.667004571859884710e-01
5.034869739478958550e+00,7.649309396391584803e-01,1.628892420913768957e-01
5.074148296593186558e+00,7.655360253133014492e-01,1.591430092400926422e-01
5.113426853707415454e+00,7.660034772309479711e-01,1.554616762525435070e-01
5.152705410821643461e+00,7.663340716236453076e-01,1.518451005313664059e-01
5.191983967935872357e+00,7.665286998114173578e-01,1.482930826910857369e-01
5.231262525050100365e+00,7.665883628020591090e-01,1.448053698805890632e-01
5.270541082164329261e+00,7.665141659572562993e-01,1.413816589976830129e-01
5.309819639278557268e+00,7.663073137333039631e-01,1.380215997954526430e-01
5.349098196392786164e+00,7.659691045034585644e-01,1.347247978805437563e-01
5.388376753507014172e+00,7.655009254682437758e-01,1.314908176038612764e-01
5.427655310621243068e+00,7.649042476593634898e-01,1.283191848444874550e-01
5.466933867735471964e+00,7.641806210422447121e-01,1.252093896879173940e-01
5.506212424849699971e+00,7.633316697216310232e-01,1.221608889999526576e-01
5.545490981963928867e+00,7.623590872540912944e-01,1.191731088978166264e-01
5.584769539078156875e+00,7.612646320707697756e-01,1.162454471202424289e-01
5.624048096192385771e+00,7.600501230132187258e-01,1.133772752984470861e-01
5.663326653306613778e+00,7.587174349846725896e-01,1.105679411300455606e-01
5.702605210420842674e+00,7.572684947186993920e-01,1.078167704580724751e-01
5.741883767535070682e+00,7.557052766667508026e-01,1.051230692573784237e-01
5.781162324649299578e+00,7.540297990057424071e-01,1.024861255307418229e-01
5.820440881763527585e+00,7.522441197664585522e-01,9.990521111710311264e-02
5.859719438877756481e+00,7.503503330832265172e-01,9.737958341437004395e-02
5.898997995991984489e+00,7.483505655650110056e-01,9.490848701927945275e-02
5.938276553106213385e+00,7.462469727877879544e-01,9.249115528681819964e-02
5.977555110220441392e+00,7.440417359077978743e-01,9.012681181171910971e-02
6.016833667334670288e+00,7.417370583950393392e-01,8.781467183454455538e-02
6.056112224448898296e+00,7.393351628861338787e-01,8.555394357486573176e-02
6.095390781563127192e+00,7.368382881554965680e-01,8.334382949402466267e-02
6.134669338677355199e+00,7.342486862035614292e-01,8.118352748994846213e-02
6.173947895791584095e+00,7.315686194606323411e-01,7.907223202645186078e-02
6.213226452905812103e+00,7.288003581047938217e-01,7.700913519943386465e-02
6.252505010020040999e+00,7.259461774921587285e-01,7.499342774233246078e-02
6.291783567134269006e+00,7.230083556976225623e-01,7.302429997316302324e-02
6.331062124248497902e+00,7.199891711641771552e-01,7.110094268541637674e-02
6.370340681362725910e+00,7.168909004587334932e-01,6.922254798504803852e-02
6.409619238476954806e+00,7.137158161323325922e-01,6.738831007573618803e-02
6.448897795591182813e+00,7.104661846825320870e-01,6.559742599453712020e-02
6.488176352705411709e+00,7.071442646157048983e-01,6.384909630000962233e-02
6.527454909819639717e+00,7.037523046069265042e-01,6.214252571482735410e-02
6.566733466933868613e+00,7.002925417550850407e-01,6.047692372484111262e-02
6.606012024048096620e+00,6.967671999308072683e-01,5.885150513649757553e-02
6.645290581162325516e+00,6.931784882147780102e-01,5.726549059446354312e-02
6.684569138276553524e+00,6.895285994239903626e-01,5.571810706124907808e-02
6.723847695390782420e+00,6.858197087234720879e-01,5.420858826056564744e-02
6.763126252505010427e+00,6.820539723210096161e-01,5.273617508610033144e-02
6.802404809619239323e+00,6.782335262423978550e-01,5.130011597732972439e-02
6.841683366733467331e+00,6.743604851847504467e-01,4.989966726394451380e-02
6.880961923847696227e+00,6.704369414454035558e-01,4.853409348039870036e-02
6.920240480961924234e+00,6.664649639239779155e-01,4.720266765204649689e-02
6.959519038076153130e+00,6.624465971951647436e-01,4.590467155427502277e-02
6.998797595190381138e+00,6.583838606498333412e-01,4.463939594599139471e-02
7.038076152304610034e+00,6.542787477020834963e-01,4.340614077877028021e-02
7.077354709418838041e+00,6.501332250598943485e-01,4.220421538292036534e-02
7.116633266533066937e+00,6.459492320570471291e-01,4.103293863167820077e-02
7.155911823647294945e+00,6.417286800440460404e-01,3.989163908469210706e-02
7.195190380761523841e+00,6.374734518357870749e-01,3.877965511191171916e-02
7.234468937875751848e+00,6.331854012137722032e-01,3.769633499895531925e-02
7.273747494989980744e+00,6.288663524806974436e-01,3.664103703498187287e-02
7.313026052104208752e+00,6.245181000653011738e-01,3.561312958405436074e-02
7.352304609218437648e+00,6.201424081753837969e-01,3.461199114093835988e-02
7.391583166332665655e+00,6.157410104969713860e-01,3.363701037224117729e-02
7.430861723446894551e+00,6.113156099376321206e-01,3.268758614375738558e-02
7.470140280561122559e+00,6.068678784120059566e-01,3.176312753485021484e-02
7.509418837675351455e+00,6.023994566676519336e-01,3.086305384066119137e-02
7.548697394789579462e+00,5.979119541493691514e-01,2.998679456290648596e-02
7.587975951903808358e+00,5.934069489001922992e-01,2.913378938998359077e-02
7.627254509018036366e+00,5.888859874973140229e-01,2.830348816708042059e-02
7.666533066132265262e+00,5.843505850212317165e-01,2.749535085694682079e-02
7.705811623246493269e+00,5.798022250564683899e-01,2.670884749195844010e-02
7.745090180360722165e+00,5.752423597222637852e-01,2.594345811807333146e-02
7.784368737474950173e+00,5.706724097316784317e-01,2.519867273125420484e-02
7.823647294589179069e+00,5.660937644776047328e-01,2.447399120690112867e-02
7.862925851703407076e+00,5.615077821442256978e-01,2.376892322281452807e-02
7.902204408817635972e+00,5.569157898425038944e-01,2.308298817618187337e-02
7.941482965931864868e+00,5.523190837683394916e-01,2.241571509505882465e-02
7.980761523046092876e+00,5.477189293820718952e-01,2.176664254479097546e-02
8.020040080160320883e+00,5.431165616080505520e-01,2.113531852980089776e-02
8.059318637274548891e+00,5.385131850530456843e-01,2.052130039114368615e-02
8.098597194388778675e+00,5.339099742423069062e-01,1.992415470021325144e-02
8.137875751503006683e+00,5.293080738721313017e-01,1.934345714896241325e-02
8.177154308617234690e+00,5.247085990778311837e-01,1.877879243698023920e-02
8.216432865731462698e+00,5.201126357160477109e-01,1.822975415575294605e-02
8.255711422845692482e+00,5.155212406603865150e-01,1.769594467041619296e-02
8.294989979959920490e+00,5.109354421093921239e-01,1.717697499929088378e-02
8.334268537074148497e+00,5.063562399059241548e-01,1.667246469147785903e-02
8.373547094188376505e+00,5.017846058670265563e-01,1.618204170277228252e-02
8.412825651302606289e+00,4.972214841234255389e-01,1.570534227014352621e-02
8.452104208416834297e+00,4.926677914678221359e-01,1.524201078501249799e-02
8.491382765531062304e+00,4.881244177111840332e-01,1.479169966554484163e-02
8.530661322645292088e+00,4.835922260462744982e-01,1.435406922816606472e-02
8.569939879759520096e+00,4.790720534176913237e-01,1.392878755849214119e-02
8.609218436873748104e+00,4.745647108977114059e-01,1.351553038185730402e-02
8.648496993987976111e+00,4.700709840672853135e-01,1.311398093361024718e-02
8.687775551102205895e+00,4.655916334015398061e-01,1.272382982933874078e-02
8.727054108216433903e+00,4.611273946591856188e-01,1.234477493517285515e-02
8.766332665330661911e+00,4.566789792752490307e-01,1.197652123830710014e-02
8.805611222444889918e+00,4.522470747565854876e-01,1.161878071787293167e-02
8.844889779559119702e+00,4.478323450796451444e-01,1.127127221628397916e-02
8.884168336673347710e+00,4.434354310899977780e-01,1.093372131116819405e-02
8.923446893787575718e+00,4.390569509031431172e-01,1.060586018799291284e-02
8.962725450901803725e+00,4.346975003061612775e-01,1.028742751348171204e-02
9.002004008016033509e+00,4.303576531597773092e-01,9.978168309914230497e-03
9.041282565130261517e+00,4.260379618004407343e-01,9.677833830393740150e-03
9.080561122244489525e+00,4.217389574420365439e-01,9.386181435160208600e-03
9.119839679358717532e+00,4.174611505768735520e-01,9.102974469021094320e-03
9.159118236472947316e+00,4.132050313756082671e-01,8.827982139965641351e-03
9.198396793587175324e+00,4.089710700857884240e-01,8.560979399023276037e-03
9.237675350701403332e+00,4.047597174287111410e-01,8.301746821421067055e-03
9.276953907815631339e+00,4.005714049943189248e-01,8.050070489090659781e-03
9.316232464929861123e+00,3.964065456338669580e-01,7.805741874569934423e-03
9.355511022044089131e+00,3.922655338501112032e-01,7.568557726340414959e-03
9.394789579158317139e+00,3.881487461847876186e-01,7.338319955636947445e-03
9.434068136272545146e+00,3.840565416031662127e-01,7.114835524762533683e-03
9.473346693386774930e+00,3.799892618754758811e-01,6.897916336936974445e-03
9.512625250501002938e+00,3.759472319550147268e-01,6.687379127704743721e-03
9.551903807615230946e+00,3.719307603527669537e-01,6.483045357923816233e-03
9.591182364729458953e+00,3.679401395083724546e-01,6.284741108354278613e-03
9.630460921843688737e+00,3.639756461572914437e-01,6.092296975862334166e-03
9.669739478957916745e+00,3.600375416940354567e-01,5.905547971252539038e-03
9.709018036072144753e+00,3.561260725313308839e-01,5.724333418738404046e-03
9.748296593186372760e+00,3.522414704551074527e-01,5.548496857059101624e-03
9.787575150300602544e+00,3.483839529752019715e-01,5.377885942247516773e-03
9.826853707414830552e+00,3.445537236716857965e-01,5.212352352052791390e-03
9.866132264529058560e+00,3.407509725367281472e-01,5.051751692018256225e-03
9.905410821643286567e+00,3.369758763119216072e-01,4.895943403214018420e-03
9.944689378757516351e+00,3.332285988209994776e-01,4.744790671621292900e-03
9.983967935871744359e+00,3.295092912978894173e-01,4.598160339164191097e-03
1.002324649298597237e+01,3.258180927100454150e-01,4.455922816382816565e-03
1.006252505010020037e+01,3.221551300770187365e-01,4.317951996740307906e-03
1.010180360721443016e+01,3.185205187842296559e-01,4.184125172554916880e-03
1.014108216432865817e+01,3.149143628919064408e-01,4.054322952547036001e-03
1.018036072144288617e+01,3.113367554391683889e-01,3.928429180989787169e-03
1.021963927855711418e+01,3.077877787432355405e-01,3.806330858450937635e-03
1.025891783567134397e+01,3.042675046937501349e-01,3.687918064112621994e-03
1.029819639278557197e+01,3.007759950422036477e-01,3.573083879654633758e-03
1.033747494989979998e+01,2.973133016864638045e-01,3.461724314686053482e-03
1.037675350701402799e+01,2.938794669504081192e-01,3.353738233709378444e-03
1.041603206412825777e+01,2.904745238586664002e-01,3.249027284600403392e-03
1.045531062124248578e+01,2.870984964064855482e-01,3.147495828586658207e-03
1.049458917835671379e+01,2.837513998247291891e-01,3.049050871706422087e-03
1.053386773547094357e+01,2.804332408400330712e-01,2.953601997730044993e-03
1.057314629258517158e+01,2.771440179301356554e-01,2.861061302524634496e-03
1.061242484969939959e+01,2.738837215744109876e-01,2.771343329842820922e-03
1.065170340681362759e+01,2.706523344996302760e-01,2.684365008516006665e-03
1.069098196392785738e+01,2.674498319209857033e-01,2.600045591032085733e-03
1.073026052104208539e+01,2.642761817784081702e-01,2.518306593477412283e-03
1.076953907815631339e+01,2.611313449682143295e-01,2.439071736822479887e-03
1.080881763527054140e+01,2.580152755701259903e-01,2.362266889530697817e-03
1.084809619238477119e+01,2.549279210696968057e-01,2.287820011469360489e-03
1.088737474949899919e+01,2.518692225761935410e-01,2.215661099101865449e-03
1.092665330661322720e+01,2.488391150359727522e-01,2.145722131940068760e-03
1.096593186372745521e+01,2.458375274414024703e-01,2.077937020235694383e-03
1.100521042084168499e+01,2.428643830353732491e-01,2.012241553889573212e-03
1.104448897795591300e+01,2.399195995114508928e-01,1.948573352557565709e-03
1.108376753507014101e+01,2.370030892097176878e-01,1.886871816931942700e-03
1.112304609218436902e+01,2.341147593083570677e-01,1.827078081177157219e-03
1.116232464929859880e+01,2.312545120110312546e-01,1.769134966498876272e-03
1.120160320641282681e+01,2.284222447301085812e-01,1.712986935825313401e-03
1.124088176352705482e+01,2.256178502657907869e-01,1.658580049579924795e-03
1.128016032064128282e+01,2.228412169811987975e-01,1.605861922524730962e-03
1.131943887775551261e+01,2.200922289734709159e-01,1.554781681653578506e-03
1.135871743486974061e+01,2.173707662409299357e-01,1.505289925114862903e-03
1.139799599198396862e+01,2.146767048463754102e-01,1.457338682143335387e-03
1.143727454909819663e+01,2.120099170765591401e-01,1.410881373980862451e-03
1.147655310621242641e+01,2.093702715978995321e-01,1.365872775766131418e-03
1.151583166332665442e+01,2.067576336084948896e-01,1.322268979373517972e-03
1.155511022044088243e+01,2.041718649864896207e-01,1.280027357181522628e-03
1.159438877755511044e+01,2.016128244348559251e-01,1.239106526751430470e-03
1.163366733466934022e+01,1.990803676226432506e-01,1.199466316397030698e-03
1.167294589178356823e+01,1.965743473227593296e-01,1.161067731626490079e-03
1.171222444889779624e+01,1.940946135463351152e-01,1.123872922437692571e-03
1.175150300601202424e+01,1.916410136737349001e-01,1.087845151448626254e-03
1.179078156312625403e+01,1.892133925822676310e-01,1.052948762844621404e-03
1.183006012024048204e+01,1.868115927706568979e-01,1.019149152124512649e-03
1.186933867735471004e+01,1.844354544803261386e-01,9.864127366280297203e-04
1.190861723446893805e+01,1.820848158135570938e-01,9.547069268270350854e-04
1.194789579158316783e+01,1.797595128485760529e-01,9.240000983634249522e-04
1.198717434869739584e+01,1.774593797516265670e-01,8.942615648168289770e-04
1.202645290581162385e+01,1.751842488860800851e-01,8.654615511854676967e-04
1.206573146292585186e+01,1.729339509186447188e-01,8.375711680638431777e-04
1.210501002004008164e+01,1.707083149227232588e-01,8.105623865011667064e-04
1.214428857715430965e+01,1.685071684789763713e-01,7.844080135247303827e-04
1.218356713426853766e+01,1.663303377731440991e-01,7.590816683126659420e-04
1.222284569138276566e+01,1.641776476911791238e-01,7.345577590008534269e-04
1.226212424849699545e+01,1.620489219117453028e-01,7.108114601089717509e-04
1.230140280561122346e+01,1.599439829961330495e-01,6.878186905709775516e-04
1.234068136272545146e+01,1.578626524756419347e-01,6.655560923555518989e-04
1.237995991983967947e+01,1.558047509364844929e-01,6.440010096623504038e-04
1.241923847695390926e+01,1.537700981022593893e-01,6.231314686801287450e-04
1.245851703406813726e+01,1.517585129140441302e-01,6.029261578931080327e-04
1.249779559118236527e+01,1.497698136081571652e-01,5.833644089221856708e-04
1.253707414829659328e+01,1.478038177916379814e-01,5.644261778878849030e-04
1.257635270541082306e+01,1.458603425154924582e-01,5.460920272821770350e-04
1.261563126252505107e+01,1.439392043457515813e-01,5.283431083365798531e-04
1.265490981963927908e+01,1.420402194323892864e-01,5.111611438741790574e-04
1.269418837675350709e+01,1.401632035761468109e-01,4.945284116334955652e-04
1.273346693386773687e+01,1.383079722933072686e-01,4.784277280523448303e-04
1.277274549098196488e+01,1.364743408784671042e-01,4.628424325001073811e-04
1.281202404809619289e+01,1.346621244653458949e-01,4.477563719470480856e-04
1.285130260521042089e+01,1.328711380856803514e-01,4.331538860595950851e-04
1.289058116232465068e+01,1.311011967262439848e-01,4.190197927107001626e-04
1.292985971943887868e+01,1.293521153840348492e-01,4.053393738946557451e-04
1.296913827655310669e+01,1.276237091196717188e-01,3.920983620359627447e-04
1.300841683366733648e+01,1.259157931090410243e-01,3.792829266820903753e-04
1.304769539078156448e+01,1.242281826932339905e-01,3.668796615701787616e-04
1.308697394789579249e+01,1.225606934268117648e-01,3.548755720579611613e-04
1.312625250501002050e+01,1.209131411244401683e-01,3.432580629094118233e-04
1.316553106212425028e+01,1.192853419059295289e-01,3.320149264258292219e-04
1.320480961923847829e+01,1.176771122397185509e-01,3.211343309132835291e-04
1.324408817635270630e+01,1.160882689848379556e-01,3.106048094775597668e-04
1.328336673346693431e+01,1.145186294313906838e-01,3.004152491379457365e-04
1.332264529058116409e+01,1.129680113395838820e-01,2.905548802513999249e-04
1.336192384769539210e+01,1.114362329773474908e-01,2.810132662388464407e-04
1.340120240480962011e+01,1.099231131565732572e-01,2.717802936055272638e-04
1.344048096192384811e+01,1.084284712680084750e-01,2.628461622475465717e-04
1.347975951903807790e+01,1.069521273148367063e-01,2.542013760369165720e-04
1.351903807615230590e+01,1.054939019449783050e-01,2.458367336776096958e-04
1.355831663326653391e+01,1.040536164821418003e-01,2.377433198252918507e-04
1.359759519038076192e+01,1.026310929556580737e-01,2.299124964636027895e-04
1.363687374749499170e+01,1.012261541291269579e-01,2.223358945300100606e-04
1.367615230460921971e+01,9.983862352790737194e-02,2.150054057844437178e-04
1.371543086172344772e+01,9.846832546547855392e-02,2.079131749140785280e-04
1.375470941883767573e+01,9.711508506870311641e-02,2.010515918678025136e-04
1.379398797595190551e+01,9.577872830201855647e-02,1.944132844140634509e-04
1.383326653306613352e+01,9.445908199058603016e-02,1.879911109159500726e-04
1.387254509018036153e+01,9.315597384242230161e-02,1.817781533175085709e-04
1.391182364729458953e+01,9.186923246954241395e-02,1.757677103354586253e-04
1.395110220440881932e+01,9.059868740813860344e-02,1.699532908506102289e-04
1.399038076152304733e+01,8.934416913782110281e-02,1.643286074934345879e-04
1.402965931863727533e+01,8.810550909994509239e-02,1.588875704183754286e-04
1.406893787575150334e+01,8.688253971504947271e-02,1.536242812616375069e-04
1.410821643286573313e+01,8.567509439943023219e-02,1.485330272773125251e-04
1.414749498997996113e+01,8.448300758087236295e-02,1.436082756468436865e-04
1.418677354709418914e+01,8.330611471356312581e-02,1.388446679569529062e-04
1.422605210420841715e+01,8.214425229220891078e-02,1.342370148412887296e-04
1.426533066132264693e+01,8.099725786537807781e-02,1.297802907811695635e-04
1.430460921843687494e+01,7.986497004809102462e-02,1.254696290609236189e-04
1.434388777555110295e+01,7.874722853367778497e-02,1.213003168734387913e-04
1.438316633266533096e+01,7.764387410492526453e-02,1.172677905716600712e-04
1.442244488977956074e+01,7.655474864453272466e-02,1.133676310618750657e-04
1.446172344689378875e+01,7.547969514489616394e-02,1.095955593347472168e-04
1.450100200400801675e+01,7.441855771724002755e-02,1.059474321301554102e-04
1.454028056112224476e+01,7.337118160011585344e-02,1.024192377320123221e-04
1.457955911823647455e+01,7.233741316728561910e-02,9.900709188933007093e-05
1.461883767535070255e+01,7.131709993500831568e-02,9.570723385990507082e-05
1.465811623246493056e+01,7.031009056874631957e-02,9.251602257308891254e-05
1.469739478957915857e+01,6.931623488931042132e-02,8.942993290821224300e-05
1.473667334669338835e+01,6.833538387845811135e-02,8.644555208531625509e-05
1.477595190380761636e+01,6.736738968396399629e-02,8.355957616494177008e-05
1.481523046092184437e+01,6.641210562417579344e-02,8.076880665380962228e-05
1.485450901803607238e+01,6.546938619207375021e-02,7.807014721331893066e-05
1.489378757515030216e+01,6.453908705884733865e-02,7.546060046786718701e-05
1.493306613226453017e+01,6.362106507700508728e-02,7.293726491008404558e-05
1.497234468937875818e+01,6.271517828303127540e-02,7.049733190014573984e-05
1.501162324649298618e+01,6.182128589960445009e-02,6.813808275642060312e-05
1.505090180360721597e+01,6.093924833739144953e-02,6.585688593476688715e-05
1.509018036072144398e+01,6.006892719643040779e-02,6.365119429388320556e-05
1.512945891783567198e+01,5.921018526711578633e-02,6.151854244417912290e-05
1.516873747494989999e+01,5.836288653079894917e-02,5.945654417770991390e-05
1.520801603206412977e+01,5.752689616001667450e-02,5.746288997678231292e-05
1.524729458917835778e+01,5.670208051835952390e-02,5.553534459890971956e-05
1.528657314629258579e+01,5.588830715999246190e-02,5.367174473585653577e-05
1.532585170340681380e+01,5.508544482883968862e-02,5.186999674457887650e-05
1.536513026052104358e+01,5.429336345744442682e-02,5.012807444792702219e-05
1.540440881763527159e+01,5.351193416551572324e-02,4.844401700303820437e-05
1.544368737474949960e+01,5.274102925817217985e-02,4.681592683540401626e-05
1.548296593186372938e+01,5.198052222389398791e-02,4.524196763665743539e-05
1.552224448897795739e+01,5.123028773219348575e-02,4.372036242417708996e-05
1.556152304609218540e+01,5.049020163101376052e-02,4.224939166066127495e-05
1.560080160320641340e+01,4.976014094386608383e-02,4.082739143187841355e-05
1.564008016032064319e+01,4.903998386671487575e-02,3.945275168084999112e-05
1.567935871743487120e+01,4.832960976462024466e-02,3.812391449677344043e-05
1.571863727454909920e+01,4.762889916814655455e-02,3.683937245703934930e-05
1.575791583166332721e+01,4.693773376954659543e-02,3.559766702074726170e-05
1.579719438877755699e+01,4.625599641872947532e-02,3.439738697216757627e-05
1.583647294589178500e+01,4.558357111902096304e-02,3.323716691264405956e-05
1.587575150300601301e+01,4.492034302272419205e-02,3.211568579947300320e-05
1.591503006012024102e+01,4.426619842648909370e-02,3.103166553033978370e-05
1.595430861723447080e+01,4.362102476649815097e-02,2.998386957193277812e-05
1.599358717434869881e+01,4.298471061347598071e-02,2.897110163139584560e-05
1.603286573146292682e+01,4.235714566753019661e-02,2.799220436931881337e-05
1.607214428857715305e+01,4.173822075283088739e-02,2.704605815300450139e-05
1.611142284569138283e+01,4.112782781213534383e-02,2.613157984878609696e-05
1.615070140280561262e+01,4.052585990116550768e-02,2.524772165220654633e-05
1.618997995991983885e+01,3.993221118284379784e-02,2.439346995490417671e-05
1.622925851703406863e+01,3.934677692139450234e-02,2.356784424708447290e-05
1.626853707414829842e+01,3.876945347631701594e-02,2.276989605449107897e-05
1.630781563126252465e+01,3.820013829623656459e-02,2.199870790881888378e-05
1.634709418837675443e+01,3.763872991263848833e-02,2.125339235054564600e-05
1.638637274549098066e+01,3.708512793349232062e-02,2.053309096318841603e-05
1.642565130260521045e+01,3.653923303677041046e-02,1.983697343801836831e-05
1.646492985971943668e+01,3.600094696386761661e-02,1.916423666830001046e-05
1.650420841683366646e+01,3.547017251292613332e-02,1.851410387214418192e-05
1.654348697394789625e+01,3.494681353207180347e-02,1.788582374309550654e-05
1.658276553106212248e+01,3.443077491256607559e-02,1.727866962759770148e-05
1.662204408817635226e+01,3.392196258187866326e-02,1.669193872850763288e-05
1.666132264529058205e+01,3.342028349668615950e-02,1.612495133385378565e-05
1.670060120240480828e+01,3.292564563580027692e-02,1.557705007005738716e-05
1.673987975951903806e+01,3.243795799303078597e-02,1.504759917885938769e-05
1.677915831663326429e+01,3.195713056998764068e-02,1.453598381721885922e-05
1.681843687374749408e+01,3.148307436882558791e-02,1.404160937946920775e-05
1.685771543086172386e+01,3.101570138493659270e-02,1.356390084104228541e-05
1.689699398797595009e+01,3.055492459959281704e-02,1.310230212308884791e-05
1.693627254509017988e+01,3.010065797254471431e-02,1.265627547734573359e-05
1.697555110220440966e+01,2.965281643457800750e-02,1.222530089061947514e-05
1.701482965931863589e+01,2.921131588003259005e-02,1.180887550827414244e-05
1.705410821643286567e+01,2.877607315928716256e-02,1.140651307613078482e-05
1.709338677354709191e+01,2.834700607121353258e-02,1.101774340020382014e-05
1.713266533066132169e+01,2.792403335560250319e-02,1.064211182371585586e-05
1.717194388777555147e+01,2.750707468556623861e-02,1.027917872085135501e-05
1.721122244488977771e+01,2.709605065991861628e-02,9.928519006724108577e-06
1.725050100200400749e+01,2.669088279553760365e-02,9.589721663050565514e-06
1.728977955911823727e+01,2.629149351971225845e-02,9.262389279036565781e-06
1.732905811623246350e+01,2.589780616247679829e-02,8.946137606999226167e-06
1.736833667334669329e+01,2.550974494893488986e-02,8.640595132261045004e-06
1.740761523046091952e+01,2.512723499157681895e-02,8.345402656867698080e-06
1.744689378757514930e+01,2.475020228259141794e-02,8.060212896693490133e-06
1.748617234468937909e+01,2.437857368617616857e-02,7.784690091513466218e-06
1.752545090180360532e+01,2.401227693084700271e-02,7.518509627632606107e-06
1.756472945891783510e+01,2.365124060175042425e-02,7.261357672676035027e-06
1.760400801603206489e+01,2.329539413298037723e-02,7.012930822156238207e-06
1.764328657314629112e+01,2.294466779990171970e-02,6.772935757444584716e-06
1.768256513026052090e+01,2.259899271148211458e-02,6.541088914786505833e-06
1.772184368737474713e+01,2.225830080263517530e-02,6.317116165010780322e-06
1.776112224448897692e+01,2.192252482657571291e-02,6.100752503593561163e-06
1.780040080160320670e+01,2.159159834718983595e-02,5.891741750749239497e-06
1.783967935871743293e+01,2.126545573142120393e-02,5.689836261229436095e-06
1.787895791583166272e+01,2.094403214167503760e-02,5.494796643521890133e-06
1.791823647294589250e+01,2.062726352824223452e-02,5.306391488150567057e-06
1.795751503006011873e+01,2.031508662174431878e-02,5.124397104787098687e-06
1.799679358717434852e+01,2.000743892560120571e-02,4.948597267893139360e-06
1.803607214428857830e+01,1.970425870852346439e-02,4.778782970621983646e-06
1.807535070140280453e+01,1.940548499702995575e-02,4.614752186715746482e-06
1.811462925851703432e+01,1.911105756799254263e-02,4.456309640143097147e-06
1.815390781563126055e+01,1.882091694120935355e-02,4.303266582230495514e-06
1.819318637274549033e+01,1.853500437200723133e-02,4.155440576047097438e-06
1.823246492985972012e+01,1.825326184387539644e-02,4.012655287811724210e-06
1.827174348697394635e+01,1.797563206113075157e-02,3.874740285096837738e-06
1.831102204408817613e+01,1.770205844161628489e-02,3.741530841611951288e-06
1.835030060120240591e+01,1.743248510943377211e-02,3.612867748355702236e-06
1.838957915831663215e+01,1.716685688771137433e-02,3.488597130932101216e-06
1.842885771543086193e+01,1.690511929140736669e-02,3.368570272833232638e-06
1.846813627254508816e+01,1.664721852015108028e-02,3.252643444496870414e-06
1.850741482965931795e+01,1.639310145112141820e-02,3.140677737953123698e-06
1.854669338677354773e+01,1.614271563196445144e-02,3.032538906880705548e-06
1.858597194388777396e+01,1.589600927375030628e-02,2.928097211898417475e-06
1.862525050100200374e+01,1.565293124397042906e-02,2.827227270923395762e-06
1.866452905811623353e+01,1.541343105957598304e-02,2.729807914432872178e-06
1.870380761523045976e+01,1.517745888005785429e-02,2.635722045471194105e-06
1.874308617234468954e+01,1.494496550056898833e-02,2.544856504249022772e-06
1.878236472945891578e+01,1.471590234508994219e-02,2.457101937186536862e-06
1.882164328657314556e+01,1.449022145963768486e-02,2.372352670256824607e-06
1.886092184368737534e+01,1.426787550551889862e-02,2.290506586490692424e-06
1.890020040080160157e+01,1.404881775262760597e-02,2.211465007508030598e-06
1.893947895791583136e+01,1.383300207278805212e-02,2.135132578945494085e-06
1.897875751503006114e+01,1.362038293314332162e-02,2.061417159654331215e-06
1.901803607214428737e+01,1.341091538958976738e-02,1.990229714546025413e-06
1.905731462925851716e+01,1.320455508025794762e-02,1.921484210967517716e-06
1.909659318637274339e+01,1.300125821904048011e-02,1.855097518491513451e-06
1.913587174348697317e+01,1.280098158916681723e-02,1.790989312010823034e-06
1.917515030060120296e+01,1.260368253682576933e-02,1.729081978029562877e-06
1.921442885771542919e+01,1.240931896483558027e-02,1.669300524047126631e-06
1.925370741482965897e+01,1.221784932636208951e-02,1.611572490934388835e-06
1.929298597194388876e+01,1.202923261868534162e-02,1.555827868204761822e-06
1.933226452905811499e+01,1.184342837701454418e-02,1.501999012085757631e-06
1.937154308617234477e+01,1.166039666835173849e-02,1.450020566299807681e-06
1.941082164328657100e+01,1.148009808540459073e-02,1.399829385466071092e-06
1.945010020040080079e+01,1.130249374054796349e-02,1.351364461037579498e-06
1.948937875751503057e+01,1.112754525983498596e-02,1.304566849691105927e-06
1.952865731462925680e+01,1.095521477705723758e-02,1.259379604089520038e-06
1.956793587174348659e+01,1.078546492785442679e-02,1.215747705939144819e-06
1.960721442885771637e+01,1.061825884387372458e-02,1.173618001267101303e-06
1.964649298597194260e+01,1.045356014697852720e-02,1.132939137845935165e-06
1.968577154308617239e+01,1.029133294350689960e-02,1.093661504695265306e-06
1.972505010020039862e+01,1.013154181857977079e-02,1.055737173592469230e-06
1.976432865731462840e+01,9.974151830458737045e-03,1.019119842526459450e-06
1.980360721442885819e+01,9.819128504953653427e-03,9.837647810309601606e-07
1.984288577154308442e+01,9.666437829879817589e-03,9.496287773355247567e-07
1.988216432865731420e+01,9.516046249564846446e-03,9.166700872746706163e-07
1.992144288577154398e+01,9.367920659405247485e-03,8.848483848974148375e-07
1.996072144288577022e+01,9.222028400472453979e-03,8.541247147212795523e-07
2.000000000000000000e+01,9.078337254168377876e-03,8.244614455767396644e-07
