time,pop1,pop2,pop3,pop1_stderr,pop2_stderr,pop3_stderr
0.0,1.0,-3.811765717879704e-17,-4.0338103228047355e-17,0.0,2.98676972216135e-18,2.9697553198372775e-18
10.0,1.0,1.4247862149356175e-17,3.404683942183813e-17,0.0,1.1311866733141811e-17,1.0650728405329397e-17
20.0,1.0,-2.4054832200211726e-18,1.3692750637043598e-17,0.0,1.5954493171926353e-17,1.4229522855343025e-17
30.0,1.0,-1.5358085173981332e-17,1.3877787807814457e-17,0.0,1.7888450341018935e-17,1.721168975438855e-17
40.0,1.0,-1.6838382540148208e-17,6.47630097698008e-18,0.0,2.0566110875354273e-17,2.0202904245733565e-17
50.0,1.0,-2.312964634635743e-17,-1.295260195396016e-18,0.0,2.248100093261486e-17,2.2112396108060307e-17
60.0,1.0,-2.0724163126336256e-17,-2.4054832200211726e-18,0.0,2.5291397827180616e-17,2.4433621826307707e-17
70.0,1.0,-1.0547118733938987e-17,-6.29126380620922e-18,0.0,2.6870665732257735e-17,2.6506306143943686e-17
80.0,1.0,-1.1102230246251566e-17,-1.6838382540148208e-17,0.0,2.8760038818242024e-17,2.828309750219661e-17
90.0,1.0,-8.141635513917815e-18,-2.0169051614023678e-17,0.0,3.1047421382577334e-17,2.990477573741514e-17
100.0,1.0,-9.80697005085555e-18,-2.997602166487923e-17,0.0,3.3455230483597306e-17,3.0765466604609156e-17
110.0,1.0,1.9984014443252817e-17,-2.0354088784794537e-18,0.0,3.358876762228631e-17,3.135525518564745e-17
120.0,1.0,1.850371707708594e-17,-1.6653345369377347e-18,0.0,3.578193418626843e-17,3.273575315652865e-17
130.0,1.0,3.3861802251067274e-17,1.0917193075480705e-17,0.0,3.526566248452061e-17,3.321270144468759e-17
140.0,1.0,1.905882858939852e-17,-3.3306690738754695e-18,0.0,3.620286017346559e-17,3.3926412618704334e-17
150.0,1.0,6.47630097698008e-18,-7.956598343146956e-18,0.0,3.7562507686750406e-17,3.5033570223846515e-17
160.0,1.0,-1.2212453270876722e-17,-1.1657341758564143e-17,0.0,3.8429632256054806e-17,3.6200085875303875e-17
170.0,1.0,-1.8688754247856802e-17,-2.0724163126336256e-17,0.0,3.833039372469824e-17,3.651012988243292e-17
180.0,1.0,-3.793262000802618e-17,-2.183438615096141e-17,0.0,3.96467417347446e-17,3.824570460310376e-17
190.0,1.0,-5.680641142665385e-17,-2.0909200297107114e-17,0.0,3.970452599129142e-17,3.85572519017751e-17
200.0,1.0,-6.198745220823791e-17,-2.7015426932545477e-17,0.0,4.117936308643598e-17,3.8914573743930575e-17
210.0,1.0,-5.717648576819556e-17,-2.9790984494108365e-17,0.0,4.2175784184169016e-17,4.017079700305696e-17
220.0,1.0,-6.439293542825907e-17,-2.516505522483688e-17,0.0,4.325056153865072e-17,4.060642574601864e-17
230.0,1.0,-6.513308411134252e-17,-2.8680761469483214e-17,0.0,4.40664329024271e-17,4.131466783351078e-17
240.0,1.0,-6.328271240363392e-17,-3.293661639721298e-17,0.0,4.683236326191553e-17,4.1869290330856696e-17
250.0,1.0,-1.1083726529174479e-16,-4.255854927729767e-17,0.0,5.532178088547851e-17,4.2558415192180085e-17
260.0,1.0000000000000002,-2.507253663945145e-16,-4.107825191113079e-17,0.0,1.9719658073185839e-16,4.244000866981805e-17
270.0,1.0000000000000002,-2.6108744795768264e-16,-5.3105668011236654e-17,0.0,2.1547342941637963e-16,4.291523691039732e-17
280.0,0.999999999999999,8.637535131583718e-16,-5.440092820663267e-17,6.083373583314762e-10,1.0315945559258772e-15,4.3938392168555553e-17
290.0,0.999999999999996,3.913351124632906e-15,-3.608224830031759e-17,0.0,4.3062586683685955e-15,4.4003165885593695e-17
300.0,0.9999999999999962,3.826568691541373e-15,-3.312165356798384e-17,0.0,4.125297486089514e-15,4.4288559530079473e-17
310.0,1.0000000000000187,-1.8960388814548424e-14,-4.274358644806853e-17,8.60318942650595e-10,1.9895039277693846e-14,4.4640818575541984e-17
320.0,1.000000000000087,-8.711568503609138e-14,-3.460195093415071e-17,0.0,8.997020897395768e-14,4.514316806277307e-17
330.0,1.000000000000144,-1.4414728669957335e-13,-4.403884664346454e-17,0.0,1.455242658999051e-13,4.6204928900963754e-17
340.0,0.9999999999998778,1.2208771031178381e-13,-4.9589961766590324e-17,0.0,1.3273511368921807e-13,4.608227557839678e-17
350.0,0.9999999999986414,1.3583991339179609e-12,-4.5889218351173137e-17,8.60318942650595e-10,1.3879319174244235e-12,4.677488855210389e-17
360.0,0.9999999999961285,3.8714575989473585e-12,-4.51490696680897e-17,0.0,3.893551277303608e-12,4.7048787855687205e-17
370.0,0.9999999999948503,5.149431251775619e-12,-4.144832625267251e-17,8.60318942650595e-10,5.0708131957187225e-12,4.670887502326088e-17
380.0,1.0000000000046676,-4.667610187247817e-12,-3.182639337258782e-17,0.0,4.970934068726246e-12,4.678967241546195e-17
390.0,1.000000000045771,-4.577098774068607e-11,-3.164135620181696e-17,0.0,4.6189533814216934e-11,4.697376591889107e-17
400.0,1.0000000001384233,-1.3842329079268485e-10,-4.3853809472693685e-17,0.0,1.3821071370434504e-10,4.7852690943348886e-17
410.0,1.0000000002580427,-2.5804279361422526e-10,-4.403884664346454e-17,0.0,2.555849895824143e-10,4.836844272906474e-17
420.0,1.000000000233524,-2.3352405028228183e-10,-4.2373512106526807e-17,0.0,2.2739649445456063e-10,4.935611049856348e-17
430.0,0.9999999995955174,4.0448238573335497e-10,-3.23815048849004e-17,6.083373583314762e-10,4.12139205966801e-10,5.0413348029224364e-17
440.0,0.9999999974646634,2.5353362970159663e-09,-4.533410683886056e-17,2.7205673729636574e-09,2.5319400900108324e-09,5.055238420577334e-17
450.0,0.9999999927196719,7.280328240266698e-09,-4.2373512106526807e-17,7.197944693858146e-09,7.238120873979593e-09,5.071848148586214e-17
460.0,0.9999999848734866,1.512651329490152e-08,-3.83026943495679e-17,1.5049435106459377e-08,1.5008356242933955e-08,5.116408935722373e-17
470.0,0.9999999762165688,2.378343106309207e-08,-4.3298697960381107e-17,2.3576506547740735e-08,2.357712581262656e-08,5.154388998920794e-17
480.0,0.9999999756886824,2.431131719993207e-08,-3.1086244689504386e-17,2.4165622502903424e-08,2.410845291188033e-08,5.153407123093007e-17
490.0,1.0000000044049475,-4.404947766360283e-09,-3.0716170347962665e-17,4.386783076488896e-09,4.318273591813037e-09,5.138577404186991e-17
500.0,1.0000001016303317,-1.0163033223857069e-07,-3.293661639721298e-17,1.0057639907901526e-07,1.0055864491495635e-07,5.127846635979543e-17
510.0,1.0000003282921093,-3.2829210981244474e-07,-3.0716170347962665e-17,3.253052383724209e-07,3.2529913100691624e-07,5.1105828410809106e-17
520.0,1.0000007631652021,-7.631652027301205e-07,-2.572016673714946e-17,7.573524033418053e-07,7.573494895772216e-07,5.117627617806579e-17
530.0,1.0000014853243129,-1.4853243132291933e-06,-2.794061278639977e-17,1.476803560033036e-06,1.476803589329073e-06,5.12399287892089e-17
540.0,1.0000025362312626,-2.5362312625591223e-06,-2.516505522483688e-17,2.527890244180769e-06,2.5278901949109494e-06,5.223830594894504e-17
550.0,1.00000385679179,-3.856791790210108e-06,-3.497202527569243e-17,3.856724900133885e-06,3.856724529574051e-06,5.28085614532331e-17
560.0,1.0000051993376884,-5.199337688541749e-06,-3.0161058835650086e-17,5.223347303700786e-06,5.223347261717731e-06,5.248289510230478e-17
570.0,1.0000060214216815,-6.021421682170051e-06,-3.2751579226442116e-17,6.094114820865491e-06,6.094114330943643e-06,5.249533232736358e-17
580.0,1.0000053761433803,-5.376143380455186e-06,-3.164135620181696e-17,5.528287759413669e-06,5.52828787501507e-06,5.2688998904680833e-17
590.0,1.0000018200637573,-1.8200637574093218e-06,-2.6090241078691177e-17,2.0834667308312424e-06,2.0834670643870856e-06,5.277639319152895e-17
600.0,0.9999933618423277,6.63815767240857e-06,-2.4239869370982583e-17,6.2875679645909884e-06,6.2875681800478835e-06,5.368559322621929e-17
610.0,0.9999774705482205,2.252945178018643e-05,-2.794061278639977e-17,2.214023203620883e-05,2.2140232157896082e-05,5.391444548852919e-17
620.0,0.9999511523236129,4.8847676387857583e-05,-3.349172790952556e-17,4.8608025490192964e-05,4.860802554626499e-05,5.4511522355100766e-17
630.0,0.99991109092777,8.890907222930862e-05,-3.9968028886505634e-17,8.91959506299988e-05,8.919595060492909e-05,5.5104578957840554e-17
640.0,0.9998538373186167,0.00014616268138299026,-3.534209961723415e-17,0.00014762278715345231,0.00014762278715243083,5.56747902651392e-17
650.0,0.999776031394749,0.00022396860525101278,-3.0716170347962665e-17,0.00022759260068318978,0.00022759260068608815,5.571928149923322e-17
660.0,0.9996746470188009,0.0003253529811995552,-3.959795454496392e-17,0.0003325227325145757,0.0003325227325185985,5.554239727150557e-17
670.0,0.9995472642879719,0.0004527357120284514,-3.0161058835650086e-17,0.00046521678222711523,0.00046521678223110716,5.612224568778087e-17
680.0,0.9993923787676439,0.0006076212323558431,-3.608224830031759e-17,0.0006274689465277897,0.0006274689465274409,5.552417940321161e-17
690.0,0.9992097421775187,0.000790257822480443,-4.3853809472693685e-17,0.000819605393151225,0.0008196053931472503,5.578733223328652e-17
700.0,0.9990006861545986,0.0009993138454010833,-4.070817756958907e-17,0.001040016009240068,0.001040016009238369,5.565857401639863e-17
710.0,0.9987683209932394,0.0012316790067600939,-3.0161058835650086e-17,0.0012847941567523337,0.0012847941567503073,5.531541820819039e-17
720.0,0.9985174571261665,0.0014825428738336156,-3.293661639721298e-17,0.001547649523163125,0.0015476495231631642,5.553223735196722e-17
730.0,0.9982541119151355,0.0017458880848643414,-3.1271281860275244e-17,0.0018202457286117038,0.0018202457286112562,5.593566758295566e-17
740.0,0.9979845638929049,0.002015436107095267,-3.14563190310461e-17,0.00209301422550082,0.0020930142255009094,5.644988462894963e-17
750.0,0.9977140779482606,0.002285922051739113,-3.090120751873352e-17,0.002356333123809707,0.0023563331238092224,5.685010337728039e-17
760.0,0.9974455724824564,0.0025544275175434774,-2.9235872981795786e-17,0.0026018112064973855,0.002601811206496772,5.733847421677944e-17
770.0,0.9971785472834176,0.0028214527165817973,-2.6090241078691177e-17,0.0028233714232213042,0.0028233714232201853,5.727990825251974e-17
780.0,0.9969085059606074,0.0030914940393927154,-2.257453483404485e-17,0.003017918018909405,0.0030179180189097684,5.79152707960115e-17
790.0,0.9966269385907746,0.003373061409226302,-2.2944609175586568e-17,0.003185545409176331,0.003185545409177448,5.824491260988176e-17
800.0,0.9963217738691005,0.0036782261308998163,-3.7747582837255325e-17,0.0033294026727262436,0.003329402672726774,5.827680405697527e-17
810.0,0.9959781365947699,0.0040218634052298415,-3.5897211129546725e-17,0.0034553823401615733,0.00345538234016127,5.85029324153987e-17
820.0,0.9955792601162464,0.004420739883753591,-3.534209961723415e-17,0.003571740027699426,0.0035717400276996294,5.87298176200641e-17
830.0,0.9951074549112942,0.004892545088706085,-3.6267285471088446e-17,0.0036886219347053877,0.0036886219347056705,5.89075203118142e-17
840.0,0.9945450665633073,0.00545493343669292,-4.5519144009631415e-17,0.0038173660459569943,0.0038173660459571274,5.889424742277395e-17
850.0,0.9938753439677133,0.0061246560322865025,-4.070817756958907e-17,0.003969439770710343,0.0039694397707101675,5.905343729185176e-17
860.0,0.9930830996332322,0.00691690036676847,-3.404683942183813e-17,0.00415503337719078,0.004155033377191115,5.932314396457082e-17
870.0,0.9921550226204604,0.007844977379540484,-3.3676765080296416e-17,0.004381594553748348,0.0043815945537492304,5.994278694929474e-17
880.0,0.9910795413710802,0.008920458628919497,-3.7192471324942746e-17,0.004652785119126032,0.004652785119125992,6.007479889825685e-17
890.0,0.9898462383418947,0.010153761658104964,-3.811765717879704e-17,0.004968274324342717,0.004968274324342679,5.993906267109111e-17
900.0,0.9884449601872196,0.01155503981278053,-3.6452322641859304e-17,0.005324455885295876,0.005324455885296125,6.005807086504935e-17
910.0,0.986864886840396,0.01313511315960484,-3.349172790952556e-17,0.00571581218620943,0.0057158121862100385,6.010541562530055e-17
920.0,0.9850938614422236,0.01490613855777631,-3.0161058835650086e-17,0.006136469168501325,0.0061364691685012905,6.046001046966928e-17
930.0,0.9831182131416873,0.01688178685831244,-2.905083581102493e-17,0.006581516383407872,0.006581516383407752,6.031043441298553e-17
940.0,0.9809231453638099,0.019076854636189956,-2.572016673714946e-17,0.00704780064510947,0.007047800645109452,6.060881065567471e-17
950.0,0.9784935717144518,0.021506428285547514,-2.4054832200211726e-17,0.007534051268443555,0.007534051268443116,6.060176859584279e-17
960.0,0.9758151342116944,0.024184865788304657,-2.905083581102493e-17,0.008040348953284334,0.008040348953283925,6.107091109026743e-17
970.0,0.9728750923261538,0.027124907673846285,-2.997602166487923e-17,0.008567123118334824,0.008567123118334758,6.088890396586007e-17
980.0,0.9696628415630963,0.030337158436903284,-2.9235872981795786e-17,0.009114027198545415,0.009114027198545187,6.100919556470899e-17
990.0,0.9661699679083869,0.03383003209161301,-3.793262000802618e-17,0.0096791193817454,0.009679119381745361,6.119470933025401e-17
1000.0,0.9623898940455039,0.037610105954494995,-5.976700615898759e-17,0.010258692211181619,0.010258692211181315,6.795456695735875e-17
1010.0,0.9583172589784632,0.0416827410215364,-1.6912397408456552e-16,0.01084785106472702,0.010847851064726775,1.5367104165393704e-16
1020.0,0.9539471828557368,0.046052817144263826,-6.653936660920105e-16,0.011441640141439413,0.011441640141439504,6.406899131195677e-16
1030.0,0.9492745483568311,0.050725451643170924,-2.7307785662363435e-15,0.012036297129890617,0.012036297129891087,2.695411250703724e-15
1040.0,0.9442934299313714,0.05570657006863948,-1.067923527386938e-14,0.012630179353449013,0.0126301793534519,1.0631200946905421e-14
1050.0,0.9389968200371063,0.061003179962933585,-3.926951356684564e-14,0.013224045613899683,0.01322404561390996,3.917329054172235e-14
1060.0,0.933376777860096,0.06662322214003867,-1.3494187249089387e-13,0.013820619339969902,0.013820619340002933,1.3468232139447813e-13
1070.0,0.9274250089396238,0.07257499106080734,-4.3143266736933583e-13,0.014423591503474716,0.014423591503575486,4.3067872811153975e-13
1080.0,0.9211336999694231,0.07886630003185122,-1.2747937890485635e-12,0.015036364476062852,0.015036364476346705,1.2726339984127118e-12
1090.0,0.9144962878785664,0.08550371212487139,-3.4381564262275788e-12,0.015660866769730157,0.01566086677046034,3.432384313627271e-12
1100.0,0.9075078446678922,0.09249215534036312,-8.255388039835055e-12,0.0162967095072108,0.01629670950888396,8.241582544583697e-12
1110.0,0.9001649299977913,0.09983507001884186,-1.6633257734118465e-11,0.01694084956329477,0.01694084956651369,1.6605474501685086e-11
1120.0,0.8924650107320289,0.10753498929088146,-2.2910930560134566e-11,0.01758780006658752,0.017587800070824715,2.2872675435379753e-11
1130.0,0.884405731113279,0.11559426887751047,9.21156761979347e-12,0.01823030428801956,0.018230304286389745,9.196241114830259e-12
1140.0,0.8759843504132292,0.12401564936267574,2.2409441913229244e-10,0.01886028819859042,0.018860288160593573,2.2372065485302404e-10
1150.0,0.867197563880484,0.13280243502647027,1.0930455324187348e-09,0.01946986224346366,0.01946986206557672,1.0912223077624666e-09
1160.0,0.8580417849100975,0.14195821111614304,3.973758823661022e-09,0.02005217330269136,0.020052172680812896,3.967130404366554e-09
1170.0,0.8485138899447882,0.15148609763463736,1.2420574752036729e-08,0.020601998985161452,0.020601997112408066,1.239985656269708e-08
1180.0,0.8386124373648605,0.16138752761881464,3.501632523901973e-08,0.021116082177959804,0.021116077081506594,3.495791605571191e-08
1190.0,0.8283393982701153,0.17166051069128105,9.103860353687487e-08,0.02159327163305822,0.021593258819907285,9.088674604596276e-08
1200.0,0.8177023700999194,0.1822974089373176,2.2096276335148435e-07,0.022034536915860246,0.02203450679433496,2.205941851680824e-07
1210.0,0.8067170287553421,0.193282466779028,5.044656296210315e-07,0.022442876875439294,0.02244281017800932,5.036241532723881e-07
1220.0,0.7954092820917864,0.20458962907258235,1.0888356313158247e-06,0.022823083741722955,0.02282294396460147,1.0870193949771645e-06
1230.0,0.783816389600585,0.21618138051386482,2.2298855501110917e-06,0.02318130433533092,0.0231810261630371,2.2261659843643968e-06
1240.0,0.7719863705744978,0.22800928457981443,4.34484568743602e-06,0.023524373361817792,0.023523846342782363,4.33759826364965e-06
1250.0,0.7599753700123882,0.24001655826698293,8.071720628897902e-06,0.023858965507649973,0.023858013062348467,8.05825659192375e-06
1260.0,0.7478431697217663,0.2521425079280503,1.4322350183224031e-05,0.024190687673811155,0.024189042906806096,1.4298459741679245e-05
1270.0,0.7356475280340821,0.26432816369874684,2.4308267171032814e-05,0.02452327644612436,0.024520558036900154,2.4267719410892386e-05
1280.0,0.7234383446712063,0.27652214318121626,3.951214757726695e-05,0.024858061402099937,0.024853754676766957,3.944623748233511e-05
1290.0,0.7112527098846665,0.28868571316460595,6.157695072710042e-05,0.02519380439496205,0.025187254049772432,6.147422947733568e-05
1300.0,0.6991117250459269,0.3007961814194613,9.209353461181697e-05,0.0255269452708686,0.02551736675942279,9.19398893598127e-05
1310.0,0.6870196331977105,0.31284807832941314,0.00013228847287584017,0.02585219786282573,0.025838713946487624,0.00013206771427512075
1320.0,0.6749653438343897,0.3248520080825607,0.00018264808304958727,0.02616336730403052,0.026145074285634555,0.00018234312695128557
1330.0,0.6629259623537255,0.3368314784300125,0.00024255921626244347,0.026454217557073542,0.026430281223951597,0.00024215378578545593
1340.0,0.6508715536298092,0.3488183572548003,0.00031008911539040995,0.02671921915479555,0.0266889920806302,0.0003095696323429302
1350.0,0.6387702056180528,0.36084775687125065,0.00038203751069718246,0.026954055287441665,0.026917195097801275,0.0003813945203918976
1360.0,0.626592590265031,0.3729530698620603,0.00045433987290771454,0.02715584601663451,0.027112402992993088,0.0004535680287454399
1370.0,0.6143155982149249,0.38516162882636723,0.0005227729587078157,0.027323133278902793,0.027273574077284604,0.0005218683602845435
1380.0,0.6019250574007995,0.3974911794710403,0.0005837631281602168,0.027455718026217112,0.02740086760226965,0.0005827166475877651
1390.0,0.5894177882479614,0.40994719065058854,0.0006350211014502314,0.027554440579403157,0.02749535347673182,0.0006338060871666734
1400.0,0.576803175969972,0.42252103154440185,0.0006757924856262323,0.027620961054312252,0.02755876051434715,0.0006743446731632757
1410.0,0.5641041581180118,0.43518915064989966,0.0007066912320886231,0.027657558217460222,0.027593290198429998,0.0007048777366174941
1420.0,0.5513572907208952,0.4479134495440536,0.0007292597350506058,0.0276669443791865,0.027601479597994444,0.0007268329195951397
1430.0,0.5386115744636919,0.46064295317394055,0.0007454723623678685,0.02765209594581265,0.027586087935721607,0.0007420038256943986
1440.0,0.5259259963769602,0.47331665042281285,0.0007573532002271416,0.027616115043639172,0.027550001621776125,0.000752144035354021
1450.0,0.5133660964877838,0.4858671293662361,0.0007667741459796981,0.02756215000797069,0.027496177577907063,0.0007587409937313477
1460.0,0.5010000968561553,0.4982244949398455,0.0007754082039987395,0.02749339386482714,0.027427646928494802,0.0007629513393621652
1470.0,0.4888951368843205,0.5103200930924937,0.0007847700231856907,0.027413144336715812,0.027347570185507784,0.0007656401554212906
1480.0,0.4771139990645967,0.5220897248006029,0.0007962761348000402,0.027324861899287078,0.027259287454938344,0.0007674701068087637
1490.0,0.465712524327078,0.5334761973041745,0.000811278368746975,0.027232136212516963,0.027166278281259358,0.0007690080094911316
1500.0,0.4547378185490731,0.5444311346850932,0.0008310467658333161,0.02713849379246225,0.027071965841388976,0.0007708347453151168
1510.0,0.4442273455754911,0.5549159586748282,0.0008566957496805818,0.027047051449955152,0.026979370481727712,0.0007736497123570492
1520.0,0.43420899463533497,0.5649019443318946,0.0008890610327700014,0.02696010734363155,0.026890704319907296,0.0007783535766583316
1530.0,0.42470210460537555,0.5743693459995844,0.0009285493950400871,0.02687881572805278,0.02680705239408581,0.0007860807360897562
1540.0,0.41571921503662823,0.5833057831493114,0.000975001814060298,0.02680307978548601,0.026728273243408675,0.0007981496493974223
1550.0,0.4072680865612603,0.5917042841865382,0.0010276292522012603,0.026731723326535266,0.026653176742459057,0.0008159214035860014
1560.0,0.39935342005160757,0.5995614920130723,0.0010850879353196644,0.026662903265368715,0.026579936785919692,0.0008406078071570074
1570.0,0.3919777880999631,0.6068764729273627,0.0011457389726737754,0.026594645530134447,0.026506617512640215,0.0008731179529279625
1580.0,0.38514156716674564,0.6136503600899953,0.0012080727432592154,0.026525355705437265,0.026431664156081287,0.0009140179498764266
1590.0,0.3788420283638925,0.619886788911417,0.0012711827246903052,0.026454174731631638,0.026354235694608895,0.0009635844099562069
1600.0,0.3730720606008832,0.6255928476422447,0.0013350917568724682,0.02638110389694944,0.026274316874398188,0.0010218398299024457
1610.0,0.367819122816768,0.630780147989327,0.0014007291939042148,0.026306891657594745,0.026192615179685914,0.001088481884515703
1620.0,0.36306489420282423,0.6354656368901846,0.0014694689069909483,0.026232739295325696,0.026110302716830867,0.0011627549018434365
1630.0,0.3587857729911521,0.6396718850881221,0.00154234192072534,0.02615992756983827,0.02602869314906619,0.0012434106237861782
1640.0,0.35495401581629743,0.6434267397903953,0.0016192443933071672,0.026089480194420422,0.025948947591981224,0.0013288467517795289
1650.0,0.35153907291940006,0.6467623697375379,0.001698557343061423,0.026021958372623152,0.025871883316693527,0.0014173620149778435
1660.0,0.34850865581508744,0.6497138417504718,0.0017775024344407102,0.025957432442101785,0.02579792173741538,0.0015073916270154728
1670.0,0.3458292658620748,0.6523174437240764,0.0018532904138491312,0.025895619355710296,0.025727168355300162,0.001597649740795354
1680.0,0.34346621311341147,0.6546090038979027,0.001924782988686032,0.025836125964231186,0.02565957989064059,0.00168722097405388
1690.0,0.34138341750407347,0.6566224414225472,0.00199414107337973,0.025778710357057786,0.02559515291002182,0.0017757027628636938
1700.0,0.339543383021995,0.6583887189937351,0.002067897984270551,0.02572347356306116,0.025534068440500716,0.001863469892540901
1710.0,0.337907629983044,0.6599352713524933,0.0021570986644632692,0.02567092151877086,0.025476747130974916,0.0019520406327902399
1720.0,0.3364376342032176,0.6612858832684044,0.0022764825283781423,0.025621882794458886,0.02542380272765957,0.0020444155485544345
1730.0,0.3350960987778949,0.6624609176316232,0.0024429835904818116,0.025577313832950442,0.02537591651308583,0.0021451824881196253
1740.0,0.3338482889937777,0.6634777660095669,0.002673944996655177,0.02553805384915217,0.025333679265779254,0.002260188660204661
1750.0,0.33266320168191044,0.664351407072275,0.002985391245814712,0.025504599155834883,0.02529745227880534,0.002395717625866563
1760.0,0.3315144375509632,0.6650949920533114,0.003390570395726115,0.025476955360690796,0.025267285696993082,0.0025573559711079543
1770.0,0.33038071930273866,0.665720407076632,0.003898873620629598,0.02545460369998724,0.025242908893794196,0.002748957357533351
1780.0,0.3292460308204926,0.6662387768189374,0.004515192360570129,0.02543659060166535,0.025223784138740105,0.0029721200098380665
1790.0,0.3280993727605657,0.6666608750228739,0.00523975221656041,0.02542172016373023,0.02520919924555904,0.0032263291355721997
1800.0,0.32693416916316287,0.6669974065149269,0.006068424321910143,0.025408800786438153,0.025198370313080472,0.0035095581457986304
1810.0,0.32574742513831106,0.6672591335050241,0.006993441356664622,0.025396876961174073,0.025190530631063458,0.0038189306777163955
1820.0,0.324538808692728,0.6674568393105832,0.008004351996688515,0.025385376139853966,0.02518499210765095,0.0041511217306303356
1830.0,0.3233098760672118,0.6676011501794133,0.009088973753375003,0.02537412659738203,0.02518117642671243,0.004502423454984875
1840.0,0.3220636436115169,0.6677022612165147,0.010234095171968716,0.025363250068529453,0.025178621088891847,0.004868638852232911
1850.0,0.32080461100256485,0.667769627233182,0.011425761764253113,0.02535298131629404,0.025176969175562305,0.005245054679474056
1860.0,0.3195391744206081,0.6678116799120329,0.012649145667359153,0.025343489640625386,0.025175951619326533,0.0056266555496950355
1870.0,0.3182761865837467,0.6678356204116207,0.01388819300463298,0.02533476254124047,0.025175368475545017,0.006008560073219788
1880.0,0.3170273016506101,0.6678473161843507,0.015125382165039199,0.025326570214262448,0.025175072751744847,0.006386513420917976
1890.0,0.31580675645970313,0.6678513081503497,0.016341935389947368,0.025318487862815847,0.025174957880466767,0.006757240877212642
1900.0,0.31463039985186547,0.6678509145511078,0.017518685597026608,0.025309935673839212,0.02517494841495109,0.007118554002795849
1910.0,0.3135140238280887,0.667848404276255,0.01863757189565642,0.02530020994463347,0.025174992976672292,0.007469237796498224
1920.0,0.312471258196651,0.6678452067109094,0.01968353509243947,0.025288506499030916,0.025175058583148134,0.007808844323148343
1930.0,0.31151137120555694,0.6678421267219379,0.020646502072505058,0.02527395419770662,0.025175125851554635,0.008137523202666148
1940.0,0.3106372676185051,0.6678395402805218,0.021523192100972997,0.025255671592587136,0.02517518491531666,0.008455953295113226
1950.0,0.30984387597232127,0.66783755564197,0.02231856838570855,0.02523284533680087,0.025175232072513928,0.008765371714742438
1960.0,0.30911706608479156,0.6678361343379045,0.02304679957730367,0.025204822823163785,0.02517526720906234,0.009067673499869608
1970.0,0.30843326179943614,0.6678351736302442,0.023731564570319143,0.025171217833315673,0.02517529197640375,0.00936556449287514
1980.0,0.30775994726932926,0.6678345567053143,0.024405496025356466,0.025132034745901338,0.02517530862601262,0.009662744617586292
1990.0,0.30705721994100615,0.6678341788184401,0.025108601240553634,0.02508781028628844,0.025175319354329335,0.009964055090010597
2000.0,0.30628039229463094,0.6678339574635598,0.025885650241809152,0.025039750127287062,0.0251753260019944,0.01027546620582564
2010.0,0.30538343635683274,0.667833833268998,0.02678273037416923,0.024989812766735578,0.025175329970906615,0.010603764646544257
2020.0,0.30432287645293893,0.6678337664695537,0.027843357077507614,0.024940680849742766,0.02517533225622786,0.010955856661922326
2030.0,0.30306162372016365,0.6678337320205774,0.02910464425925888,0.02489556828514915,0.02517533352528959,0.011337724966593013
2040.0,0.30157223992415955,0.667833714997311,0.030594045078529763,0.02485783792396855,0.025175334204176694,0.011753212756337533
2050.0,0.2998392196785709,0.6678337069509045,0.03232707337052493,0.024830447299277237,0.025175334553171825,0.012202907195491292
2060.0,0.2978600495159228,0.6678337033263607,0.03430624715771685,0.02481530291708313,0.02517533472481494,0.012683431218857443
2070.0,0.295644968696302,0.6678337017815316,0.03652132952216645,0.024812680933434923,0.025175334804968995,0.013187413663050186
2080.0,0.29321547925400515,0.6678337011673453,0.03895081957864963,0.024820926392690255,0.025175334840036607,0.013704278307580642
2090.0,0.29060176710732516,0.6678337009464705,0.04156453194620464,0.024836615837897768,0.025175334854043212,0.014221776717172552
2100.0,0.28783936238817387,0.6678337008802043,0.04432693673162202,0.02485522910945178,0.025175334858853687,0.014727946315568312
2110.0,0.28496556087889074,0.6678337008685699,0.0472007382525392,0.024872169733583298,0.025175334860011986,0.015213005844067805
2120.0,0.28201621873814614,0.6678337008727298,0.05015008038912416,0.024883805659569654,0.0251753348599336,0.01567069177422993
2130.0,0.2790234058768646,0.667833700879213,0.05314289324392215,0.0248881722417096,0.025175334859571873,0.01609870792357393
2140.0,0.276014097500648,0.6678337008842843,0.05615220161506798,0.024885109827855315,0.02517533485924449,0.01649824324567903
2150.0,0.27300976963755696,0.667833700887519,0.05915652947492393,0.024875832173748082,0.025175334859020102,0.01687279905519116
2160.0,0.27002659221922687,0.6678337008893694,0.06213970689140398,0.024862130161524196,0.02517533485888576,0.01722675005637574
2170.0,0.26707589554491507,0.6678337008903515,0.06509040356473354,0.02484552136433587,0.02517533485881221,0.017564084784560445
2180.0,0.2641646398028224,0.6678337008908427,0.068001659306335,0.024826632671263452,0.025175334858774597,0.017887639811905602
2190.0,0.26129568305875006,0.6678337008910761,0.07087061605017426,0.024804981064793112,0.025175334858756462,0.01819892617922125
2200.0,0.2584677336597196,0.6678337008911814,0.0736985654490989,0.02477915934444321,0.025175334858748177,0.018498438598025618
2210.0,0.25567501527651676,0.667833700891227,0.07649128383225644,0.024747301454287617,0.025175334858744566,0.018786211660612555
2220.0,0.2529068348927108,0.6678337008912454,0.07925946421604366,0.02470763438536374,0.025175334858743098,0.01906236791289293
2230.0,0.25014734095370317,0.6678337008912525,0.0820189581550442,0.024658929093297737,0.025175334858742533,0.019327469766339003
2240.0,0.24737572944154654,0.6678337008912552,0.08479056966719846,0.024600727891493274,0.02517533485874231,0.01958259827311686
2250.0,0.2445670281502245,0.667833700891256,0.08759927095851948,0.0245333215130067,0.02517533485874224,0.01982919216272882
2260.0,0.24169346522556487,0.6678337008912562,0.09047283388317898,0.02445753792734962,0.025175334858742238,0.020068754399476533
2270.0,0.23872638608978894,0.6678337008912563,0.09343991301895467,0.02437445443023165,0.02517533485874223,0.02030255308067391
2280.0,0.23563869172021668,0.6678337008912563,0.09652760738852696,0.024285143007321847,0.02517533485874223,0.0205314149489957
2290.0,0.23240771019074807,0.6678337008912563,0.0997585889179958,0.024190520247167235,0.02517533485874223,0.02075565738028382
2300.0,0.22901820713768908,0.6678337008912563,0.10314809197105464,0.024091323198054026,0.02517533485874223,0.02097515485355731
2310.0,0.22546497641749658,0.6678337008912563,0.10670132269124721,0.023988191504820216,0.02517533485874223,0.021189503274262816
2320.0,0.2217543367954911,0.6678337008912564,0.11041196231325263,0.023881809542955074,0.02517533485874222,0.021398230183495605
2330.0,0.21790403924860868,0.6678337008912563,0.11426225986013513,0.023773047640744727,0.02517533485874223,0.02160099423454238
2340.0,0.21394150474114917,0.6678337008912563,0.11822479436759449,0.023663039082947757,0.02517533485874223,0.021797720253059014
2350.0,0.20990074858225852,0.6678337008912563,0.12226555052648531,0.023553144596200705,0.02517533485874223,0.021988630245761486
2360.0,0.2058186078553397,0.6678337008912563,0.12634769125340395,0.02344479087542163,0.02517533485874223,0.022174159893623698
2370.0,0.2017309235695027,0.6678337008912563,0.1304353755392408,0.023339216609499388,0.02517533485874223,0.022354790182196292
2380.0,0.19766922003656556,0.6678337008912563,0.13449707907217803,0.023237201290783393,0.02517533485874223,0.022530860074084186
2390.0,0.19365827854424603,0.6678337008912563,0.13850802056449762,0.023138870408798876,0.025175334858742238,0.02270243964955545
2400.0,0.18971487518218033,0.6678337008912563,0.14245142392656343,0.023043653986255748,0.02517533485874223,0.022869321912137978
2410.0,0.18584783107149108,0.6678337008912563,0.14631846803725276,0.02295042431558652,0.025175334858742238,0.02303113850214015
2420.0,0.18205936390145838,0.6678337008912563,0.1501069352072854,0.02285776823292859,0.025175334858742238,0.023187539928921776
2430.0,0.17834751230222531,0.6678337008912563,0.15381878680651853,0.022764288811067363,0.025175334858742238,0.023338336827667554
2440.0,0.17470916895493038,0.6678337008912563,0.15745713015381335,0.022668816126556125,0.02517533485874223,0.023483506108321894
2450.0,0.17114309565708816,0.6678337008912563,0.1610232034516556,0.02257045640928484,0.02517533485874223,0.023623033585415676
2460.0,0.1676522929736812,0.6678337008912563,0.1645140061350625,0.022468505517323774,0.02517533485874223,0.023756663969599114
2470.0,0.16424528458686627,0.6678337008912563,0.16792101452187738,0.022362340822119443,0.02517533485874223,0.023883701526393526
2480.0,0.1609361893016242,0.6678337008912563,0.17123010980711947,0.022251424642854224,0.02517533485874223,0.02400299793738209
2490.0,0.15774376717938815,0.6678337008912562,0.17442253192935553,0.02213548210681572,0.025175334858742238,0.024113172401613085
2500.0,0.15468981769777487,0.6678337008912563,0.1774764814109687,0.022014797729157123,0.02517533485874223,0.024212984800869617
2510.0,0.15179732307207539,0.6678337008912562,0.18036897603666863,0.021890484578312032,0.025175334858742245,0.02430170185455926
2520.0,0.14908861224585992,0.6678337008912563,0.1830776868628839,0.021764574971308376,0.025175334858742238,0.02437930505575413
2530.0,0.1465836771469611,0.6678337008912563,0.1855826219617826,0.02163986115625253,0.025175334858742238,0.02444647438905789
2540.0,0.1442986946612651,0.6678337008912562,0.18786760444747871,0.02151952526970175,0.025175334858742245,0.02450438578901168
2550.0,0.14224481217418392,0.6678337008912562,0.18992148693455976,0.021406676909017413,0.025175334858742245,0.024554425512714223
2560.0,0.14042728879084723,0.6678337008912563,0.1917390103178967,0.021303931627958322,0.025175334858742238,0.02459792886942609
2570.0,0.13884508590035524,0.6678337008912563,0.1933212132083886,0.02121312389145216,0.025175334858742238,0.024636010300824955
2580.0,0.13749094999291128,0.6678337008912563,0.1946753491158324,0.02113518645479376,0.025175334858742238,0.024669499480152898
2590.0,0.13635195450710763,0.6678337008912563,0.19581434460163613,0.021070175968867445,0.025175334858742238,0.024698959747704943
2600.0,0.13541040584799632,0.6678337008912563,0.19675589326074738,0.021017397322087614,0.025175334858742238,0.02472475003134046
2610.0,0.13464499314773296,0.6678337008912563,0.19752130596101083,0.02097557667658889,0.025175334858742238,0.024747095513725392
2620.0,0.13403206823947708,0.6678337008912563,0.19813423086926657,0.020943046431246545,0.025175334858742238,0.024766146474893787
2630.0,0.13354696404299843,0.6678337008912563,0.19861933506574533,0.020917923385563357,0.025175334858742238,0.02478202006468304
2640.0,0.13316527820350166,0.6678337008912563,0.19900102090524224,0.020898275142023526,0.025175334858742238,0.024794830148867256
2650.0,0.13286405463750686,0.6678337008912563,0.1993022444712369,0.020882274434071563,0.025175334858742238,0.02480471317002339
2660.0,0.13262278996108257,0.6678337008912563,0.19954350914766136,0.02086833688184552,0.025175334858742238,0.024811853939797963
2670.0,0.13242418561330985,0.6678337008912563,0.19974211349543397,0.020855229602683933,0.025175334858742238,0.024816508112475454
2680.0,0.13225457477608116,0.6678337008912563,0.19991172433266263,0.020842133388950856,0.025175334858742238,0.024819012852376157
2690.0,0.13210398584344163,0.6678337008912563,0.200062313265302,0.02082864531117695,0.025175334858742238,0.02481977775649938
2700.0,0.13196585836603347,0.6678337008912563,0.20020044074271026,0.020814721629454084,0.025175334858742238,0.02481925460875429
2710.0,0.13183648672564588,0.6678337008912563,0.2003298123830979,0.020800576866164596,0.025175334858742238,0.024817893221354283
2720.0,0.13171430949763355,0.6678337008912563,0.20045198961111022,0.020786565682101014,0.025175334858742238,0.024816096256103374
2730.0,0.1315991733871692,0.6678337008912563,0.2005671257215745,0.020773074844424907,0.025175334858742238,0.024814185511683542
2740.0,0.13149167899500588,0.6678337008912563,0.20067462011373788,0.020760444054702402,0.025175334858742238,0.024812386638734814
2750.0,0.13139267371183455,0.6678337008912563,0.2007736253969093,0.020748922041768515,0.025175334858742238,0.024810832166909068
2760.0,0.13130291186552873,0.6678337008912563,0.20086338724321495,0.02073865382163938,0.025175334858742238,0.024809577550472115
2770.0,0.1312228672624689,0.6678337008912563,0.2009434318462748,0.020729689443520154,0.025175334858742238,0.024808623132298868
2780.0,0.13115266404013606,0.6678337008912563,0.20101363506860762,0.020722003806103395,0.025175334858742238,0.024807935937241784
2790.0,0.13109208686881998,0.6678337008912563,0.2010742122399237,0.020715519380917872,0.025175334858742238,0.024807467551025197
2800.0,0.13104063602851532,0.6678337008912563,0.20112566308022833,0.020710126868079673,0.025175334858742238,0.024807166687410703
2810.0,0.13099760147297387,0.6678337008912563,0.20116869763576992,0.0207057015876047,0.025175334858742238,0.024806986694566442
2820.0,0.13096213890279046,0.6678337008912563,0.20120416020595328,0.02070211525766835,0.025175334858742238,0.024806889081488193
2830.0,0.13093333817426053,0.6678337008912563,0.2012329609344833,0.02069924376405208,0.025175334858742238,0.024806844350150247
2840.0,0.13091027953932574,0.6678337008912563,0.20125601956941808,0.02069697184612169,0.025175334858742238,0.024806831267332307
2850.0,0.13089207647649023,0.6678337008912563,0.2012742226322535,0.020695195594287827,0.025175334858742238,0.024806835419312383
2860.0,0.13087790573176053,0.6678337008912563,0.2012883933769832,0.020693823478846487,0.025175334858742238,0.024806847595674433
2870.0,0.13086702612796272,0.6678337008912563,0.20129927298078096,0.020692776431338603,0.025175334858742238,0.024806862306819794
2880.0,0.13085878808592288,0.6678337008912563,0.20130751102282082,0.02069198733225356,0.025175334858742238,0.024806876569501885
2890.0,0.13085263586955642,0.6678337008912563,0.2013136632391873,0.020691400138089785,0.025175334858742238,0.024806888988935318
2900.0,0.13084810445929237,0.6678337008912563,0.2013181946494513,0.020690968801819247,0.025175334858742238,0.024806899109405176
2910.0,0.13084481275392798,0.6678337008912563,0.20132148635481575,0.020690656092212083,0.025175334858742238,0.024806906981784775
2920.0,0.13084245454626153,0.6678337008912563,0.2013238445624822,0.020690432387785417,0.025175334858742238,0.024806912892635546
2930.0,0.1308407884426497,0.6678337008912563,0.201325510666094,0.02069027450164852,0.025175334858742238,0.02480691720593925
2940.0,0.13083962762278106,0.6678337008912563,0.20132667148596264,0.020690164578812252,0.025175334858742238,0.024806920278721997
2950.0,0.13083883008019842,0.6678337008912563,0.20132746902854537,0.020690089094916708,0.025175334858742238,0.024806922422271643
2960.0,0.13083828975864603,0.6678337008912563,0.20132800935009768,0.02069003797392065,0.025175334858742238,0.024806923889595784
2970.0,0.13083792881180487,0.6678337008912563,0.2013283702969388,0.020690003832157206,0.025175334858742238,0.02480692487665708
2980.0,0.13083769106752924,0.6678337008912563,0.2013286080412144,0.02068998134768232,0.025175334858742238,0.024806925529832213
2990.0,0.1308375366714609,0.6678337008912563,0.20132876243728284,0.020689966747358134,0.025175334858742238,0.02480692595532069
3000.0,0.13083743781494278,0.6678337008912563,0.20132886129380093,0.020689957399735465,0.025175334858742238,0.024806926228297773
