time,ehrenfest_pop1,ehrenfest_pop2,ehrenfest_pop3,fssh_pop1,fssh_pop2,fssh_pop3,spinmint_pop1,spinmint_pop2,spinmint_pop3,dvr_pop1,dvr_pop2,dvr_pop3
0.0,1.0,0.0,0.0,1.0,0.0,0.0,1.0,-4.218847493575595e-17,-4.274358644806853e-17,0.9999999999999772,2.1893110875117398e-27,2.995988185764561e-27
10.0,1.0,3.861073504041028e-42,5.221363472645578e-208,1.0,0.0,0.0,1.0,2.4794980883295162e-17,3.959795454496392e-17,0.999999999999979,5.945703453770813e-20,1.0433433331824087e-20
20.0,1.0,1.1301141326754389e-41,1.6172692856981555e-207,1.0,0.0,0.0,1.0,4.6074255521943994e-17,4.42238838142354e-17,0.9999999999999787,1.238307032147596e-19,2.1327560987857234e-20
30.0,1.0,1.4848536637073032e-41,1.9110367488332458e-207,1.0,0.0,0.0,1.0,3.23815048849004e-17,3.4231876592608995e-17,0.9999999999999779,6.329325679068295e-20,1.0235538995219776e-20
40.0,1.0,1.1436266312180125e-41,4.097140416421587e-207,1.0,0.0,0.0,1.0,4.2373512106526807e-17,5.0145073278902903e-17,0.9999999999999781,2.4420458588847525e-21,1.2956245191505675e-21
50.0,1.0,8.853358402525428e-42,1.7210415701194677e-206,1.0,0.0,0.0,1.0,4.2928623618839385e-17,4.884981308350689e-17,0.9999999999999781,1.4470643408873012e-19,3.097042019548921e-20
60.0,1.0,2.1983193068528702e-41,5.057170329174854e-206,1.0,0.0,0.0,1.0,4.144832625267251e-17,4.977499893736118e-17,0.9999999999999786,3.803706551713169e-19,7.488851528366175e-20
70.0,1.0,5.717025062605489e-41,1.368405181980584e-205,1.0,0.0,0.0,1.0,6.161737786669619e-17,5.458596537740353e-17,0.999999999999978,3.828434112459231e-19,6.839355018864596e-20
80.0,1.0,1.0241195695491233e-40,4.474790895414461e-205,1.0,0.0,0.0,1.0,4.5889218351173137e-17,4.42238838142354e-17,0.9999999999999779,2.261478290829091e-19,2.689195246581251e-20
90.0,1.0,1.4604657489682284e-40,1.5762422222808093e-204,1.0,0.0,0.0,1.0,3.441691376337985e-17,3.608224830031759e-17,0.9999999999999784,5.921066147830503e-19,8.748625348029252e-20
100.0,1.0,2.1948578905868795e-40,5.5422067271783634e-204,1.0,0.0,0.0,1.0,2.6460315420232898e-17,3.793262000802618e-17,0.9999999999999782,1.994371315747429e-18,3.553547417913445e-19
110.0,1.0,4.286772136182038e-40,2.0333008486665368e-203,1.0,0.0,0.0,1.0,2.3684757858670008e-17,1.9984014443252817e-17,0.9999999999999786,4.058032436900548e-18,7.441380890776262e-19
120.0,1.0,9.84806844547924e-40,7.923042359640647e-203,1.0,0.0,0.0,1.0,2.960594732333751e-18,4.996003610813204e-18,0.9999999999999784,6.52837923474693e-18,1.1381299912506104e-18
130.0,1.0,2.5411239044408525e-39,3.2521977085518566e-202,1.0,0.0,0.0,1.0,3.7007434154171887e-19,1.8503717077085944e-19,0.9999999999999785,1.1761801267760197e-17,1.8635823922128307e-18
140.0,1.0,8.572085736972034e-39,1.5503040167203301e-201,1.0,0.0,0.0,1.0,-9.80697005085555e-18,-6.29126380620922e-18,0.9999999999999782,2.5885722978650888e-17,3.9597763885203565e-18
150.0,1.0,3.9905450579056293e-38,2.074399565935647e-200,1.0,0.0,0.0,1.0,-9.992007221626408e-18,-1.4247862149356175e-17,0.9999999999999784,5.655800417958275e-17,8.814214383204495e-18
160.0,1.0,2.2377021448485263e-37,1.2858728835594248e-198,1.0,0.0,0.0,1.0,-2.6090241078691177e-17,-2.849572429871235e-17,0.999999999999978,1.1012098788473625e-16,1.7569669749280972e-17
170.0,1.0,1.3462628624667617e-36,1.1153456369389766e-196,1.0,0.0,0.0,1.0,-1.4062824978585317e-17,-2.0724163126336256e-17,0.9999999999999782,1.9479166163201862e-16,3.1453191401883744e-17
180.0,1.0,8.289308895380245e-36,1.0142116163065556e-194,1.0,0.0,0.0,1.0,-1.955791563623962e-17,-3.6267285471088446e-17,0.999999999999978,3.328313296490015e-16,5.364234472178526e-17
190.0,1.0,5.37871228417897e-35,9.57945838649395e-193,1.0,0.0,0.0,1.0,-1.0120891808683024e-17,-5.0145073278902903e-17,0.9999999999999771,5.7407394692834e-16,9.150880262270443e-17
200.0,1.0,3.3889433575931764e-34,9.152664347982607e-191,1.0,0.0,0.0,1.0,1.3935583559557755e-18,-4.496403249731884e-17,0.9999999999999771,9.962392938928052e-16,1.5682326440565697e-16
210.0,1.0,2.0988709720359406e-33,8.932743314865231e-189,1.0,0.0,0.0,1.0,-7.188716937874101e-18,-4.274358644806853e-17,0.9999999999999765,1.6851534496552348e-15,2.626910888996647e-16
220.0,1.0,1.288379725592148e-32,8.892732601762801e-187,1.0,0.0,0.0,1.0,-1.8885822378988926e-17,-5.0145073278902903e-17,0.9999999999999761,2.7080695725190872e-15,4.1929632744718907e-16
230.0,1.0,7.8624448909221e-32,9.015157769642458e-185,1.0,0.0,0.0,1.0,-1.483707880487965e-17,-6.050715484207104e-17,0.9999999999999738,4.107162913474521e-15,6.328568054077226e-16
240.0,1.0,4.764089521565457e-31,9.292932176699677e-183,1.0,0.0,0.0,1.0,-2.7217997202458235e-18,-7.197945942986431e-17,0.9999999999999712,5.928653366608716e-15,9.102857897020001e-16
250.0,1.0,2.8608198798555422e-30,9.726128877923961e-181,1.0,0.0,0.0,1.0,-3.630466276146892e-17,-6.087722918361275e-17,0.9999999999999685,8.268085195742218e-15,1.2663155068771104e-15
260.0,1.0,1.700119341906662e-29,1.0320686744966062e-178,1.0,0.0,0.0,1.0000000000000002,-2.0685141406553927e-16,-7.419990547911463e-17,0.9999999999999649,1.128345614718309e-14,1.7252219958637858e-15
270.0,1.0,9.98800847938753e-29,1.1087670027192473e-176,1.0,0.0,0.0,1.0000000000000002,-3.0865910370036653e-16,-7.271960811294776e-17,0.9999999999999608,1.5139176978531945e-14,2.3113951159196988e-15
280.0,1.0,5.795094881739631e-28,1.2042739175254425e-174,1.0,0.0,0.0,0.9999999999999998,2.389900680691924e-16,-6.957397620984315e-17,0.999999999999955,1.9899306526656138e-14,3.0321698822511492e-15
290.0,1.0,3.317430157526761e-27,1.3205705765578048e-172,1.0,0.0,0.0,0.9999999999999983,1.780648246532028e-15,-7.105427357601002e-17,0.9999999999999486,2.54491625230742e-14,3.865614209449445e-15
300.0,1.0,1.8719152521820548e-26,1.4600067126330137e-170,1.0,0.0,0.0,0.9999999999999973,2.5651347830774527e-15,-6.587323279442596e-17,0.9999999999999418,3.153712102407604e-14,4.7660589803934974e-15
310.0,1.0,1.0401781365345671e-25,1.6252414360766755e-168,1.0,0.0,0.0,1.0000000000000024,-2.523698818965015e-15,-6.9759013380614e-17,0.9999999999999349,3.7980947707491354e-14,5.688114697086071e-15
320.0,1.0,5.686853885016627e-25,1.8191603290459257e-166,1.0,0.0,0.0,1.0000000000000175,-1.7376534523931314e-14,-6.513308411134252e-17,0.999999999999927,4.50452759556229e-14,6.6136839159736365e-15
330.0,1.0,3.056300467080113e-24,2.0447575967215987e-164,1.0,0.0,0.0,1.0000000000000298,-2.972070500312237e-14,-6.661338147750939e-17,0.9999999999999164,5.412757827203998e-14,7.559890052538579e-15
340.0,1.0,1.6132691955481982e-23,2.304972333057778e-162,1.0,0.0,0.0,0.9999999999999957,4.449276933408836e-15,-7.919590908992784e-17,0.9999999999999002,6.944879262308003e-14,8.557032464386344e-15
350.0,1.0,8.356827963780666e-23,2.602469168084424e-160,1.0,0.0,0.0,0.9999999999998589,1.4105555582477564e-13,-6.920390186830142e-17,0.9999999999998661,1.0292029262120608e-13,9.608561171119032e-15
360.0,1.0,4.244694458891541e-22,2.939356279495128e-158,1.0,0.0,0.0,0.9999999999996557,3.44049895301461e-13,-7.308968245448947e-17,0.99999999999978,1.8787448476161053e-13,1.0662284193744432e-14
370.0,1.0,2.1124071291949024e-21,3.316838592556653e-156,1.0,0.0,0.0,0.9999999999996928,3.070933916298282e-13,-6.9759013380614e-17,0.999999999999551,4.1554786975266636e-13,1.1618313415596903e-14
380.0,1.0,1.0292008726579887e-20,3.734811474245719e-154,1.0,0.0,0.0,1.0000000000006166,-6.163672860597295e-13,-7.66053886991358e-17,0.9999999999989391,1.0269198718543056e-12,1.23746989756751e-14
390.0,1.0,4.9055570073300793e-20,4.191410598905546e-152,1.0,0.0,0.0,1.0000000000029656,-2.965819090374447e-12,-7.642035152836494e-17,0.9999999999973316,2.6336303523776428e-12,1.288332286864268e-14
400.0,1.0,2.2857342181031006e-19,4.6825467049108164e-150,1.0,0.0,0.0,1.000000000005796,-5.796049099129846e-12,-7.938094626069869e-17,0.9999999999932376,6.727967721120594e-12,1.3178015138843526e-14
410.0,1.0,1.0404116625640373e-18,5.201468768986356e-148,1.0,0.0,0.0,1.000000000004617,-4.6172959302473816e-12,-8.012109494378213e-17,0.9999999999831503,1.681446035693749e-11,1.3353287893669247e-14
420.0,1.0000000000000002,4.623054693003045e-18,5.738413919777238e-146,1.0,0.0,0.0,0.9999999999905248,9.475261583883522e-12,-7.938094626069869e-17,0.9999999999591399,4.0824944505214814e-11,1.3504758706327247e-14
430.0,1.0,2.0040520345782938e-17,6.280414478743045e-144,1.0,0.0,0.0,0.9999999999545027,4.549725314608738e-11,-8.974302782386682e-17,0.9999999999038849,9.607987381301857e-11,1.3668259210101894e-14
440.0,1.0,8.469672847102463e-17,6.811338341577455e-142,1.0,0.0,0.0,0.9999999999016287,9.837128166114329e-11,-8.84477676284708e-17,0.9999999997808567,2.191080032915887e-10,1.3795806593667024e-14
450.0,0.9999999999999997,3.4876544666841535e-16,7.312234625259296e-140,1.0,0.0,0.0,0.9999999998760617,1.239383385198655e-10,-8.881784197001253e-17,0.9999999995155716,4.843925372951613e-10,1.3782996799907792e-14
460.0,0.9999999999999987,1.398463592611445e-15,7.762038644917999e-138,1.0,0.0,0.0,0.9999999999861809,1.3819209194538628e-11,-8.752258177461651e-17,0.9999999989610348,1.038930040208648e-09,1.3530791415314709e-14
470.0,0.9999999999999947,5.45722731851371e-15,8.13865685698028e-136,1.0,0.0,0.0,1.0000000004001595,-4.001594854111239e-10,-8.84477676284708e-17,0.9999999978361346,2.1638304725067847e-09,1.3005670820732971e-14
480.0,0.9999999999999793,2.0713776337461962e-14,8.420404043906254e-134,1.0,0.0,0.0,1.0000000012628365,-1.2628367941363116e-09,-8.937295348232511e-17,0.9999999956193519,4.3806142496964586e-09,1.2265710596524415e-14
490.0,0.9999999999999236,7.643414803378434e-14,8.587705944781163e-132,1.0,0.0,0.0,1.0000000024816358,-2.481636118311734e-09,-8.955799065309596e-17,0.9999999913709566,8.629010279527148e-09,1.1440915464103439e-14
500.0,0.999999999999726,2.740582675997733e-13,8.624918941132103e-130,1.0,0.0,0.0,1.0000000033662595,-3.366259534121615e-09,-8.715250743307479e-17,0.9999999834443845,1.6555583837363092e-08,1.0679824621225033e-14
510.0,0.9999999999990457,9.543872302753084e-13,8.522065836800738e-128,1.0,0.0,0.0,1.0000000022055433,-2.2055435675143973e-09,-8.900287914078338e-17,0.9999999690309458,3.096902278606923e-08,1.0088605303211806e-14
520.0,0.9999999999967734,3.226596452528821e-12,8.27625634595055e-126,1.0,0.0,0.0,0.9999999960286586,3.9713408092342555e-09,-8.234154099303245e-17,0.9999999434611486,5.653882000527299e-08,9.689509884926462e-15
530.0,0.9999999999894142,1.0585932492307804e-11,7.8925644429686e-124,1.0,0.0,0.0,0.999999980994205,1.9005794909382006e-08,-7.75305745529901e-17,0.9999998991604069,1.0083956084121988e-07,9.415794890426486e-15
540.0,0.9999999999663087,3.369140835599202e-11,7.384179304388096e-122,1.0,0.0,0.0,0.9999999539997397,4.6000259884012806e-08,-7.919590908992784e-17,0.9999998241271633,1.7587280613477693e-07,9.145351239781227e-15
550.0,0.9999999998960146,1.0398534682114515e-10,6.771731407941906e-120,1.0,0.0,0.0,0.999999916083778,8.391622239361096e-08,-8.326672684688674e-17,0.9999996997680661,3.002319030631898e-07,8.759900602349604e-15
560.0,0.9999999996888549,3.1114515944703044e-10,6.081810144754167e-118,1.0,0.0,0.0,0.9999998778664002,1.221335994912197e-07,-7.734553738221924e-17,0.9999994978893179,5.021106520949823e-07,8.204875447815196e-15
570.0,0.9999999990976268,9.023732263527147e-10,5.344814900324152e-116,1.0,0.0,0.0,0.9999998665450494,1.334549509359721e-07,-7.345975679603119e-17,0.9999991766072234,8.233927478407735e-07,7.522024405216279e-15
580.0,0.9999999974639534,2.536046812937596e-09,4.592393364766537e-114,1.0,0.0,0.0,0.9999999328299576,6.717004211221064e-08,-7.808568606530268e-17,0.9999986749070445,1.325092927109645e-06,6.836346842043797e-15
590.0,0.9999999930941748,6.905825312553393e-09,3.8547943768395303e-112,1.0,0.0,0.0,1.0000001548223407,-1.5482234092531065e-07,-8.34517640176576e-17,0.9999979055499619,2.094450010144773e-06,6.2997632820669834e-15
600.0,0.9999999817809055,1.8219094829714733e-08,3.158479985491848e-110,1.0,0.0,0.0,1.0000006345295054,-6.345295054817722e-07,-8.789265611615822e-17,0.9999967460065582,3.2539934134463404e-06,6.0168565821545814e-15
610.0,0.999999953432233,4.656776712835153e-08,2.5242966278541708e-108,1.0,0.0,0.0,1.0000014819261485,-1.4819261480970839e-06,-8.141635513917814e-17,0.9999950270849789,4.972914993572345e-06,5.989914656595314e-15
620.0,0.9999998846767572,1.153232430085025e-07,1.9664067145976632e-106,1.0,0.0,0.0,1.0000027816937016,-2.781693701907894e-06,-7.808568606530268e-17,0.9999925189259021,7.481074070364119e-06,6.112679843709101e-15
630.0,0.9999997232565755,2.767434245328106e-07,1.49205063267052e-104,1.0,0.0,0.0,1.0000045393789998,-4.539379000054796e-06,-6.642834430673854e-17,0.9999889140576008,1.1085942371537092e-05,6.217504631923758e-15
640.0,0.99999935635128,6.436487202197034e-07,1.1020738718513644e-102,1.0,0.0,0.0,1.0000066068497733,-6.6068497734958286e-06,-6.716849298982197e-17,0.9999838072446143,1.6192755358059088e-05,6.1528055766558016e-15
650.0,0.9999985488087684,1.451191231947528e-06,7.920431908756459e-101,1.0,0.0,0.0,1.0000085913973498,-8.59139735017554e-06,-6.457797259902994e-17,0.9999766719241069,2.3328075865471854e-05,5.85282049115114e-15
660.0,0.9999968276986776,3.1723013223711305e-06,5.5371029623403144e-99,1.0,0.0,0.0,1.0000097580978538,-9.758097853737903e-06,-6.365278674517564e-17,0.9999668331046514,3.316689532126073e-05,5.367420802536341e-15
670.0,0.9999932767712558,6.7232287443618605e-06,3.765694183126561e-97,1.0,0.0,0.0,1.000008940205368,-8.94020536826645e-06,-6.254256372055049e-17,0.9999534367017813,4.656329819176404e-05,4.841010054022034e-15
680.0,0.9999861928637331,1.380713626693523e-05,2.4929060832806187e-95,1.0,0.0,0.0,1.0000044762272502,-4.476227250643196e-06,-6.161737786669619e-17,0.9999354154009765,6.458459899670281e-05,4.453059419137e-15
690.0,0.999972564566523,2.743543347719112e-05,1.6087723898072498e-93,1.0,0.0,0.0,0.9999941935096852,5.806490314683268e-06,-6.29126380620922e-17,0.9999114512686585,8.854873131506008e-05,4.3466865293589774e-15
700.0,0.9999474139975024,5.258600249788881e-05,1.0147358295090475e-91,1.0,0.0,0.0,0.9999754552345327,2.4544765467851957e-05,-6.217248937900877e-17,0.9998799354713636,0.00012006452860915091,4.572246647236263e-15
710.0,0.9999032991432225,9.670085677761597e-05,6.281842755294939e-90,1.0,0.0,0.0,0.9999452799234859,5.4720076513655435e-05,-6.143234069592533e-17,0.9998389256079602,0.00016107439201324815,5.064426320135219e-15
720.0,0.9998307772179371,0.00016922278206307854,3.8392173318726e-88,1.0,0.0,0.0,0.9999005309214074,9.946907859295565e-05,-5.662137425588298e-17,0.9997861013044768,0.0002138986954958046,5.660131713748665e-15
730.0,0.9997209852393971,0.0002790147606030519,2.3333908145124897e-86,1.0,0.0,0.0,0.9998381623286667,0.00016183767133304177,-5.440092820663267e-17,0.9997187188608532,0.00028128113911847876,6.1536901304625864e-15
740.0,0.9995702945718435,0.00042970542815697207,1.4213271363266431e-84,0.9966666666666667,0.0033333333333333335,0.0,0.9997555060060165,0.00024449399398275416,-5.643633708511212e-17,0.9996335658685419,0.00036643413142984624,6.375189635720593e-15
750.0,0.9993842099615142,0.0006157900384861973,8.673430881926703e-83,0.9966666666666667,0.0033333333333333335,0.0,0.999650600967335,0.0003493990326654093,-5.902685747590415e-17,0.9995269168327969,0.0004730831671749532,6.267154246756839e-15
760.0,0.9991722166178114,0.000827783382188612,5.356137411796343e-81,0.9966666666666667,0.0033333333333333335,0.0,0.9995225984603585,0.00047740153964168325,-6.198745220823791e-17,0.9993944909285226,0.0006055090714501163,5.927881733099967e-15
770.0,0.9989418626578825,0.001058137342118166,3.3158507529978683e-79,0.9966666666666667,0.0033333333333333335,0.0,0.9993722771911864,0.0006277228088129215,-6.420789825748822e-17,0.9992314130884529,0.0007685869115203191,5.593272780318862e-15
780.0,0.9986919810127277,0.001308018987272412,2.0780720978753104e-77,0.9933333333333333,0.006666666666666667,0.0,0.9992025586025182,0.0007974413974818692,-6.550315845288423e-17,0.9990321796616877,0.0009678203382841597,5.547737386394113e-15
790.0,0.9984159822518791,0.0015840177481214396,1.2880105274461208e-75,0.9933333333333333,0.006666666666666667,0.0,0.9990185440854922,0.0009814559145071022,-6.47630097698008e-17,0.9987906298839909,0.0012093701159805947,5.986798254611707e-15
800.0,0.9981038433287942,0.001896156671206182,7.978887418836181e-74,0.9933333333333333,0.006666666666666667,0.0,0.9988263964082673,0.0011736035917335721,-6.235752654977962e-17,0.998499924364906,0.0015000756350650596,6.88824570823573e-15
810.0,0.997749052904446,0.0022509470955543055,4.789618166512463e-72,0.9933333333333333,0.006666666666666667,0.0,0.998631428053913,0.0013685719460876688,-6.624330713596767e-17,0.9981525317192833,0.0018474682806861713,7.967151921980711e-15
820.0,0.9973401851437593,0.002659814856240257,2.8089877754429957e-70,0.99,0.01,0.0,0.9984376676393011,0.001562332360697994,-6.88338275267597e-17,0.9977402243546112,0.0022597756453582394,8.774690606126275e-15
830.0,0.9968623470855279,0.003137652914472034,1.584382336381629e-68,0.9866666666666667,0.013333333333333334,0.0,0.9982494558188908,0.001750544181109076,-7.049916206369744e-17,0.9972540842788115,0.002745915721157354,8.944352270293238e-15
840.0,0.9962977596487564,0.003702240351243873,8.584833289048903e-67,0.9866666666666667,0.013333333333333334,0.0,0.9980695933710572,0.0019304066289429545,-6.809367884367626e-17,0.9966845196301828,0.0033154803697868023,8.507069412333289e-15
850.0,0.9956331753943146,0.004366824605685244,4.472565492338521e-65,0.9866666666666667,0.013333333333333334,0.0,0.997890214964288,0.0021097850357119077,-6.772360450213455e-17,0.9960212924699836,0.0039787075299858015,8.130959203609695e-15
860.0,0.994865347274121,0.005134652725879235,2.242704793325508e-63,0.9866666666666667,0.013333333333333334,0.0,0.9976835764482492,0.0023164235517512894,-6.38378239159465e-17,0.9952535582346338,0.004746441765334769,9.148030763127389e-15
870.0,0.9940031770919201,0.005996822908079813,1.082930710147778e-61,0.9866666666666667,0.013333333333333334,0.0,0.9974009935207793,0.002599006479220476,-6.420789825748822e-17,0.9943699171224738,0.005630082877490673,1.3349144805209146e-14
880.0,0.9930578192285924,0.006942180771407601,5.033231055245781e-60,0.9866666666666667,0.013333333333333334,0.0,0.9969787881065926,0.003021211893406568,-6.457797259902994e-17,0.9933584775747951,0.0066415224251608635,2.2750170878815994e-14
890.0,0.9920352462486727,0.007964753751327167,2.247602284303263e-58,0.9833333333333333,0.016666666666666666,0.0,0.9963502912894774,0.0036497087105225494,-6.254256372055049e-17,0.992206931868464,0.007793068131473712,3.978937665011853e-14
900.0,0.9909242218064032,0.009075778193597547,9.609196217577108e-57,0.9833333333333333,0.016666666666666666,0.0,0.9954682945284232,0.004531705471577547,-6.716849298982197e-17,0.9909026436258007,0.00909735637410823,6.861981280683474e-14
910.0,0.9897071829572219,0.010292817042778308,3.9111775918846605e-55,0.98,0.02,0.0,0.994330178840999,0.005669821159001057,-6.254256372055049e-17,0.9894327467339794,0.010567253265880847,1.1827140881681292e-13
920.0,0.9883560785576437,0.011643921442357305,1.503282613357339e-53,0.98,0.02,0.0,0.9929815568171722,0.007018443182827229,-6.864879035598884e-17,0.9877842547485562,0.012215745251213056,2.0855032609589528e-13
930.0,0.986834113972161,0.013165886027839023,5.40203329843397e-52,0.9766666666666667,0.023333333333333334,0.0,0.991488843308154,0.008511156691845325,-6.624330713596767e-17,0.9859441793724669,0.0140558206271309,3.7981962795501265e-13
940.0,0.9850965839580255,0.014903416041975355,1.8078443665498257e-50,0.9733333333333334,0.02666666666666667,0.0,0.9899023766314851,0.010097623368514512,-6.56881956236551e-17,0.9838996561323418,0.016100343866928192,7.085431011070331e-13
950.0,0.9830957002649531,0.016904299735047732,5.885611133873473e-49,0.9733333333333334,0.02666666666666667,0.0,0.9882374723565979,0.011762527643402158,-6.605826996519681e-17,0.9816380750218523,0.01836192497679335,1.331946716482444e-12
960.0,0.9807984942655622,0.019201505734438084,2.3186840168282356e-47,0.9733333333333334,0.02666666666666667,0.0,0.9864782318868894,0.013521768113110228,-6.494804694057175e-17,0.9791472137470121,0.02085278625047839,2.4875832276243695e-12
970.0,0.9782034675779092,0.02179653242209077,1.5255781228008294e-45,0.97,0.03,0.0,0.9845869754664546,0.015413024533545133,-6.716849298982263e-17,0.976415371354769,0.023584628640631967,4.5771772914683074e-12
980.0,0.9753413747106384,0.024658625289361996,1.437440446414493e-43,0.9566666666666667,0.043333333333333335,0.0,0.9825073779422242,0.01749262205777624,-6.550315845288766e-17,0.9734315004534059,0.026568499538302228,8.269157466652358e-12
990.0,0.9722584296512499,0.027741570348750477,1.4245373076822877e-41,0.9466666666666667,0.05333333333333334,0.0,0.9801699431605209,0.01983005683947941,-6.975901338062482e-17,0.9701853368626345,0.029814663122681634,1.466120587237877e-11
1000.0,0.968999043500115,0.031000956499884904,1.3517943807531416e-39,0.9433333333333334,0.056666666666666664,0.0,0.9775073342596147,0.022492665740385855,-7.23495337713863e-17,0.9666675262160773,0.033332473758366815,2.55336861186287e-11
1010.0,0.9655860496352111,0.03441395036478855,6.919237520565004e-40,0.94,0.06,0.0,0.9744680750056514,0.025531924994349902,-6.827871601380067e-17,0.9628697475953281,0.03713025236091188,4.3737918581967e-11
1020.0,0.9620090375685166,0.03799096243148373,5.488754479269119e-39,0.9366666666666666,0.06333333333333334,0.0,0.971016418533086,0.028983581466914352,-7.253457093592577e-17,0.9587848345290148,0.041215165397181695,7.378116787555063e-11
1030.0,0.9582298042792792,0.041770195720720674,1.957784622643296e-37,0.9266666666666666,0.07333333333333333,0.0,0.9671285870050403,0.03287141299495975,-7.142434787513957e-17,0.9544068935256199,0.04559310635166372,1.2269429931806826e-10
1040.0,0.9541905397635277,0.045809460236472616,4.6499833226343476e-36,0.9233333333333333,0.07666666666666666,0.0,0.9628024706025582,0.03719752939744186,-7.197945921668015e-17,0.9497314197013752,0.05026858009730309,2.0129994027115912e-10
1050.0,0.9498257117272273,0.050174288272772975,1.0943905741370373e-34,0.9233333333333333,0.07666666666666666,0.0,0.9580688785845297,0.041931121415471104,-7.253457032447874e-17,0.9447554080991205,0.055244591574817634,3.260404335263965e-10
1060.0,0.9450731198362136,0.05492688016378703,2.2155060470491988e-33,0.9133333333333333,0.08666666666666667,0.0,0.9529768244522067,0.04702317554779293,-7.123931280221446e-17,0.9394774581565082,0.06052254132189169,5.215779197837501e-10
1070.0,0.9398879933999008,0.060112006600098966,4.158092751685335e-32,0.9066666666666666,0.09333333333333334,0.0,0.9475574592762337,0.05244254072376644,-7.23495839615893e-17,0.9338978677276026,0.0661021314479297,8.244458712965211e-10
1080.0,0.9342490400650473,0.0657509599349534,7.337726449867773e-31,0.8933333333333333,0.10666666666666667,0.0,0.9417988301069176,0.05820116989308245,-7.623580283904914e-17,0.9280187123614724,0.07198128635039046,1.2881150101785509e-09
1090.0,0.9281543988196523,0.07184560118034801,1.2203481695878418e-29,0.89,0.11,0.0,0.9356511245823707,0.06434887541762983,-7.679384152507938e-17,0.9218439054148017,0.07815609259523659,1.9899397845006514e-09
1100.0,0.9216104310590193,0.07838956894098108,1.9128059882974062e-28,0.8766666666666667,0.12333333333333334,0.0,0.9290564138236617,0.07094358617633781,-7.69926990812557e-17,0.9153792351313742,0.08462076182802643,3.040577584113506e-09
1110.0,0.9146363308189338,0.08536366918106647,2.824583566612454e-27,0.8666666666666667,0.13333333333333333,0.0,0.921979550475042,0.0780204495249585,-8.145201607074236e-17,0.908632376024757,0.09136761937859655,4.5966246882606925e-09
1120.0,0.9072550017629529,0.09274499823704821,3.927775655352979e-26,0.8533333333333334,0.14666666666666667,0.0,0.914415556868387,0.0855844431316132,-8.511713007090106e-17,0.9016128735810888,0.09838711954149641,6.8773932742722235e-09
1130.0,0.8995141746656232,0.10048582533437744,5.141272542027199e-25,0.85,0.15,0.0,0.9063681282829146,0.09363187171708603,-8.419376131430395e-17,0.8943321031948333,0.10566788661818079,1.0186965066409502e-08
1140.0,0.8914918233016399,0.10850817669836015,6.3323463491365284e-24,0.8366666666666667,0.16333333333333333,0.0,0.8978211119231415,0.10217888807685759,-8.143014863110496e-17,0.8868032060680459,0.11319677898903065,1.4942901514973333e-08
1150.0,0.8832793408140364,0.11672065918596365,7.336399725439335e-23,0.84,0.16,0.0,0.888732557190372,0.11126744280962854,-8.666818869655346e-17,0.8790410062723579,0.12095897201435074,2.1713269730990168e-08
1160.0,0.8749734667281885,0.12502653327181174,7.992734452589207e-22,0.8333333333333334,0.16666666666666666,0.0,0.8790571932111245,0.12094280678887552,-8.795597517305603e-17,0.8710619140841773,0.12893805465184172,3.126395925561387e-08
1170.0,0.8666374215666921,0.13336257843330918,8.186285704615996e-21,0.82,0.18,0.0,0.868774701448194,0.13122529855180595,-9.02271937092243e-17,0.8628838209381406,0.13711613444322032,4.461861742757363e-08
1180.0,0.8582746455197967,0.14172535448020307,7.880568581733749e-20,0.8166666666666667,0.18333333333333332,0.0,0.8579017481460021,0.14209825185399816,-9.338300642742798e-17,0.8545259908865667,0.14547394597949365,6.313391875503976e-08
1190.0,0.8498422432284904,0.1501577567715091,7.128893753942266e-19,0.81,0.19,0.0,0.8464876588431667,0.1535123411568334,-1.0908742556702132e-16,0.8460089523957011,0.1539909590109761,8.859330142276841e-08
1200.0,0.8412568893079723,0.15874311069202782,6.059126979026661e-18,0.7933333333333333,0.20666666666666667,0.0,0.8346036879947456,0.16539631200525526,-1.4983080082867027e-16,0.8373543928323902,0.1626454838448445,1.2332274384710592e-07
1210.0,0.8324556130764232,0.16754438692357715,4.8379922472509046e-17,0.7866666666666666,0.21333333333333335,0.0,0.8223330549897674,0.17766694501023275,-2.865323964617667e-16,0.8285850563255284,0.17141477334184463,1.7033260572846495e-07
1220.0,0.8233979723232356,0.1766020276767642,3.628656166335168e-16,0.78,0.22,0.0,0.809769376939299,0.1902306230607012,-6.753730814968611e-16,0.819724644054855,0.18027512245511265,2.334900105882536e-07
1230.0,0.8140873592244913,0.18591264077550648,2.556376608245369e-15,0.7666666666666667,0.23333333333333334,0.0,0.7970253781963913,0.20297462180360998,-1.6206208212186985e-15,0.8107977146208047,0.18920196765248204,3.1772669157583294e-07
1240.0,0.8045438466209067,0.19545615337907712,1.6915688394280704e-14,0.77,0.23,0.0,0.7842384494542609,0.21576155054574248,-3.213363554394694e-15,0.8018295811283296,0.19816998958399348,4.292876551174182e-07
1250.0,0.794808345798716,0.20519165420117957,1.0513387519015864e-13,0.77,0.23,0.0,0.7715567147716851,0.22844328522831717,-2.6675612758019004e-15,0.7928462010669798,0.207153222906559,5.7602643988988e-07
1260.0,0.784954844545895,0.21504515545349154,6.137639742844265e-13,0.7633333333333333,0.23666666666666666,0.0,0.7591068524464494,0.24089314755353225,1.875328266032561e-14,0.7838740550258594,0.2161251772209489,7.677531706994321e-07
1270.0,0.7750700759750421,0.22492992402159231,3.365884188802497e-12,0.7533333333333333,0.24666666666666667,0.0,0.746968670223535,0.2530313297763159,1.4869837039367942e-13,0.7749400107232094,0.2250589726347271,1.0166420423578417e-06
1280.0,0.765235654471624,0.23476434551103442,1.7341465379184625e-11,0.7466666666666667,0.25333333333333335,0.0,0.7351855132373869,0.26481448676187813,7.350217780498464e-13,0.7660711696774035,0.23392749261724363,1.3377053314761971e-06
1290.0,0.755486458137221,0.24451354177882711,8.395149553063818e-11,0.7433333333333333,0.25666666666666665,0.0,0.7238076828716037,0.2761923171253763,3.0201928126611652e-12,0.7572946949844185,0.2427035556740322,1.7493415275510996e-06
1300.0,0.7457774446413484,0.25422255497669627,3.819555171863585e-10,0.7266666666666667,0.2733333333333333,0.0,0.7129324213813215,0.28706757860757726,1.1101406741280227e-11,0.7486376199814373,0.2513601060528642,2.2739656770446573e-06
1310.0,0.7360321317448035,0.2639678666216021,1.6335947492138542e-09,0.7133333333333334,0.2866666666666667,0.0,0.7027076483990926,0.2972923515632859,3.762067135171626e-11,0.7401266389831637,0.2598704222863312,2.9387304829392928e-06
1320.0,0.7261777555851251,0.2738222378451171,6.569757564294819e-09,0.7133333333333334,0.2866666666666667,0.0,0.6932937107375879,0.3067062891430481,1.193638131874044e-10,0.7317878827300567,0.2682083409229359,3.776346985157241e-06
1330.0,0.7161932469523671,0.2838067281949028,2.4852730345433133e-08,0.71,0.29,0.0,0.6848057948580695,0.31519420478415505,3.5777567269844997e-10,0.7236466826519475,0.2763484913344228,4.826013607615593e-06
1340.0,0.7061344225401588,0.29386548899360154,8.846624030903824e-08,0.6966666666666667,0.30333333333333334,0.0,0.6772793659561228,0.32272063302501947,1.0188575401415177e-09,0.7157273294672739,0.28426653607088204,6.134461822445744e-06
1350.0,0.6961054674464209,0.30389423613563316,2.9641794565329524e-07,0.6933333333333334,0.30666666666666664,0.0,0.6706872936819945,0.3293127035507234,2.76728172373317e-09,0.7080528328957607,0.2919394099787051,7.757125512351999e-06
1360.0,0.6862144367956082,0.3137846282157768,9.349886144537984e-07,0.67,0.33,0.0,0.6649897955298554,0.3350101972819654,7.188179230698741e-09,0.700644690200753,0.2993455503599557,9.759439269096282e-06
1370.0,0.6765237594798438,0.32347346569304686,2.774827109274195e-06,0.66,0.34,0.0,0.6601699134603719,0.33983006864640847,1.7893219693390184e-08,0.6935226717205804,0.30646511001092613,1.2218268472495807e-05
1380.0,0.6670407523920651,0.3329515177524655,7.729855468702294e-06,0.6533333333333333,0.3466666666666667,0.0,0.6562324183394417,0.3437675389107767,4.274978145600655e-08,0.6867046313541086,0.31328014517449676,1.5223471373060706e-05
1390.0,0.6577501739169601,0.34222974195880396,2.00841242352837e-05,0.6533333333333333,0.3466666666666667,0.0,0.6531814538851394,0.34681844796617334,9.814868822863596e-08,0.680206349069844,0.31977477133906623,1.887959106771423e-05
1400.0,0.6486502288938282,0.3513017702141712,4.800089200018414e-05,0.65,0.35,0.0,0.6509961466749625,0.3490036365699462,2.167550914115213e-07,0.6740414109479153,0.3259352813782145,2.3307673848184214e-05
1410.0,0.6397877972620305,0.36010920517407913,0.00010299756389079887,0.6466666666666666,0.35333333333333333,0.0,0.6496087549261991,0.35039078423908737,4.608347137321383e-07,0.6682211301728426,0.33175022261660136,2.8647210534197743e-05
1420.0,0.631225169664236,0.3685822316991989,0.00019259863656516667,0.64,0.36,0.0,0.6488863229515212,0.35111273317021,9.438782689840561e-07,0.6627545099681753,0.3372104318323253,3.505819947805627e-05
1430.0,0.6230225181357422,0.3766689251136497,0.0003085567506077962,0.6366666666666667,0.36333333333333334,0.0,0.6486272757522188,0.3513708606816012,1.8635661800824836e-06,0.6576482469211025,0.34230902974497124,4.272333390416758e-05
1440.0,0.6152278021729998,0.3843435195534185,0.00042867827358234123,0.6333333333333333,0.36666666666666664,0.0,0.648593322438979,0.35140312893820874,3.5486228121124834e-06,0.6529067706986155,0.3470413789798973,5.185032146601094e-05
1450.0,0.6078553884519522,0.39160999141233815,0.0005346201357100228,0.6233333333333333,0.37666666666666665,0.0,0.6485792279469992,0.35141425198679227,6.5200662084346785e-06,0.6485323140066598,0.35140501164429255,6.2674349025905e-05
1460.0,0.6009035173533424,0.3984749777187677,0.0006215049278908389,0.6266666666666667,0.37333333333333335,0.0,0.6484842049497018,0.35150423231734457,1.1562732953334728e-05,0.6445250049842884,0.35539953430688415,7.546070880578948e-05
1470.0,0.5943551907178127,0.4049491492013137,0.0006956600808736759,0.6266666666666667,0.37333333333333335,0.0,0.6483338084454101,0.3516463974047456,1.9794149844233352e-05,0.6408829732444535,0.35902651915439515,9.050760112952569e-05
1480.0,0.5881886347715067,0.411040051085371,0.0007713141431224025,0.6266666666666667,0.37333333333333335,0.0,0.6482333035727834,0.35173399466168004,3.270176553709755e-05,0.637602460628008,0.3622893902497957,0.0001081491221745075
1490.0,0.5823795838046883,0.4167511864281356,0.0008692297671758814,0.62,0.38,0.0,0.648286207724359,0.35166170240115296,5.2089874488086635e-05,0.6346779285054283,0.36519331306305597,0.0001287584314943785
1500.0,0.5768945689332686,0.4220932873568201,0.0010121437099114372,0.6133333333333333,0.38666666666666666,0.0,0.6485363510170734,0.3513838238971439,7.982508578314837e-05,0.6321021551004985,0.36774509382560955,0.0001527510738707131
1510.0,0.5716935647568899,0.4270957092398409,0.0012107260032694343,0.6066666666666667,0.3933333333333333,0.0,0.6489619468004911,0.3509208456884927,0.00011720751101602719,0.629866318652467,0.3699530929423485,0.00018058840516303013
1520.0,0.5667507578487619,0.43179956112422124,0.001449681027016888,0.6,0.4,0.0,0.6494969721111119,0.3503391422549289,0.00016388563395906396,0.6279600650123439,0.3718271539419339,0.0002127810457002919
1530.0,0.5620803205465916,0.4362234097496187,0.001696269703789762,0.6066666666666667,0.3933333333333333,0.0,0.6500440620355434,0.34973895814709005,0.0002169798173661328,0.6263715611745908,0.3733785465632382,0.00024989226214937175
1540.0,0.5577406599648554,0.4403311282732446,0.0019282117618998266,0.6033333333333334,0.39666666666666667,0.0,0.6504820740905284,0.34924556286237995,0.00027236304709171456,0.6250875389706562,0.37461991986415033,0.0002925411651724498
1550.0,0.5537953799552935,0.4440537664600539,0.002150853584653128,0.6,0.39666666666666667,0.0033333333333333335,0.6506926170742304,0.34897914930164275,0.0003282336241269269,0.624093335421385,0.37556525896780885,0.0003414056107851163
1560.0,0.5502727408682877,0.4473344923263043,0.0023927668054085343,0.5966666666666667,0.4,0.0033333333333333335,0.650600105344352,0.3490129731809653,0.00038692147468260424,0.6233729378348533,0.37622983745314453,0.00039722471198121845
1570.0,0.5471630378894519,0.450146724619388,0.0026902374911600396,0.5933333333333334,0.4033333333333333,0.0033333333333333335,0.6501942403919474,0.349349451905055,0.0004563077029967309,0.6229090424784455,0.37663015661642574,0.0004608009051071758
1580.0,0.5444304809607444,0.4524993836780629,0.003070135361192768,0.59,0.4066666666666667,0.0033333333333333335,0.649526440242905,0.3499207515898463,0.0005528081672490798,0.6226831354589192,0.3767838629707621,0.000533001570297004
1590.0,0.5420365717398984,0.45442506449813164,0.0035383637619698,0.6,0.39666666666666667,0.0033333333333333335,0.6486988436025117,0.35060207193909093,0.0006990844583976589,0.6226756033117414,0.3767096364174887,0.0006147602707486233
1600.0,0.5399619390848355,0.4559597842793167,0.004078276635847662,0.5966666666666667,0.4,0.0033333333333333335,0.6478494228998991,0.3512355633002107,0.0009150137998893095,0.6228658788243866,0.37642704343364447,0.0007070777419478496
1610.0,0.538208411178837,0.4571347292316556,0.004656859589507287,0.5966666666666667,0.4,0.0033333333333333335,0.6471183083629483,0.3516779458312538,0.0012037458057975528,0.6232326249745629,0.3759563522084491,0.000811022816966596
1620.0,0.5367767696887444,0.4579850972299634,0.005238133081292287,0.5966666666666667,0.4,0.0033333333333333335,0.6466034274570037,0.3518572482930743,0.0015393242499216772,0.6237539567946148,0.3753183097004825,0.0009277335048818214
1630.0,0.5356624884207951,0.4585347879473456,0.005802723631859206,0.5966666666666667,0.4,0.0033333333333333335,0.6463376018619195,0.3517864994164899,0.0018758987215905091,0.6244076977598487,0.3745338838052667,0.0010584184348633422
1640.0,0.5348440496649645,0.45880317586242086,0.0063527744726152805,0.5966666666666667,0.4,0.0033333333333333335,0.6462990993725747,0.3515289860113646,0.002171914616060691,0.6251716642371425,0.3736239769318784,0.0012043588309577874
1650.0,0.5342949196475083,0.45881096705636215,0.006894113296129737,0.6033333333333334,0.3933333333333333,0.0033333333333333335,0.6464348304767107,0.35118374332452373,0.0023814261987650837,0.6260239688997186,0.37260912001004326,0.00136691109021711
1660.0,0.5339821627848202,0.45857818339085554,0.00743965382432518,0.6033333333333334,0.3933333333333333,0.0033333333333333335,0.6466764039976566,0.3508899269121727,0.002433669090170758,0.6269433320444969,0.3715091580505151,0.001547509904966208
1670.0,0.5338708175172997,0.4581062075147275,0.008022974967973391,0.6033333333333334,0.3933333333333333,0.0033333333333333335,0.6469513074791454,0.35077930034555316,0.0022693921753015552,0.6279093885956615,0.37034293969256726,0.0017476717117497636
1680.0,0.53392759679752,0.45737876938902855,0.008693633813451538,0.6066666666666667,0.39,0.0033333333333333335,0.6471951521003825,0.35090454571567203,0.0019003021839455207,0.6289029783122582,0.3691280236029443,0.001968998084776772
1690.0,0.5341206411399928,0.4563763659769765,0.009502992883030527,0.6066666666666667,0.39,0.0033333333333333335,0.6473606821533954,0.3512351201268334,0.001404197719771408,0.6299064073258607,0.36788041412888006,0.002213178545238428
1700.0,0.5344211696231874,0.45508602172839424,0.010492808648418738,0.6066666666666667,0.39,0.0033333333333333335,0.6474204590488999,0.35170692687651917,0.0008726140745807835,0.6309036705326624,0.3666143373111213,0.0024819921561944226
1710.0,0.5348056439280184,0.45350947001831116,0.011684886053670088,0.61,0.38666666666666666,0.0033333333333333335,0.6473661138739283,0.35225067161329815,0.00038321451277284897,0.631880626412354,0.3653420663472666,0.0027773072403580335
1720.0,0.5352520569692748,0.45166954316769636,0.01307839986302954,0.6066666666666667,0.38666666666666666,0.006666666666666667,0.6472061227411248,0.35278623357668487,7.643682189452205e-06,0.6328251183624863,0.36407380302383624,0.0031010786136564748
1730.0,0.5357360405980335,0.44960921754769306,0.014654741854274232,0.6066666666666667,0.38666666666666666,0.006666666666666667,0.6469636137943521,0.35320170264621115,-0.00016531644056366908,0.633727039417542,0.3628176187028388,0.0034553418795983237
1740.0,0.5362318739487406,0.4473944743345543,0.016373651716705396,0.61,0.38333333333333336,0.006666666666666667,0.6466747186995754,0.3533504829134914,-2.520161306708065e-05,0.6345783400597975,0.3615794553665014,0.003842204573680513
1750.0,0.5367176686751833,0.44510319371894147,0.018179137605875185,0.61,0.38333333333333336,0.006666666666666667,0.646384250554488,0.3531096757487366,0.0005060736967755609,0.6353729815344641,0.36036318420178765,0.004263834263726905
1760.0,0.5371771081602763,0.4427957102141597,0.020027181625564272,0.61,0.38333333333333336,0.006666666666666667,0.6461370974965409,0.3524562218866738,0.0014066806167849506,0.6361068394940794,0.35917071643866677,0.004722444067232374
1770.0,0.537596872904002,0.44048505499226126,0.021918072103737203,0.61,0.38333333333333336,0.006666666666666667,0.6459681618232554,0.35146870176368056,0.0025631364130637526,0.6367775647902295,0.35800215881396263,0.005220276395786237
1780.0,0.5379656807115674,0.4381435552557417,0.02389076403269117,0.61,0.38333333333333336,0.006666666666666667,0.6458945177850659,0.3502789223234028,0.0038265598915307305,0.6373844097122461,0.35685600425774944,0.005759586029983096
1790.0,0.5382763161163548,0.4357431551246527,0.025980528758992677,0.61,0.38,0.01,0.6459127356610261,0.3490253965531262,0.005061867785847937,0.6379280288853868,0.35572934729592237,0.006342623818669627
1800.0,0.5385272786914276,0.433267545587776,0.02820517572079688,0.61,0.38,0.01,0.6460030287270274,0.34782351710584025,0.006173454167132156,0.6384102643681552,0.354618113286115,0.0069716223457080275
1810.0,0.5387222867418285,0.4306895556766133,0.030588157581558414,0.61,0.38,0.01,0.6461381610397522,0.3467548731178542,0.007106965842394032,0.638833924257457,0.35351729095066253,0.007648784791859407
1820.0,0.5388684507882906,0.42796838159160205,0.03316316762010773,0.61,0.38,0.01,0.6462921081219184,0.3458350111214528,0.007872880756629003,0.6392025633926133,0.3524211586740601,0.008376277933304664
1830.0,0.5389743486632526,0.42506926328340644,0.035956388053341275,0.61,0.38,0.01,0.6464449938731319,0.3449967639492268,0.008558242177641106,0.6395202736507982,0.3513234965726762,0.009156229776504083
1840.0,0.5390485956501204,0.421982096461832,0.038969307888048095,0.61,0.38,0.01,0.6465842269570016,0.3441703362333624,0.009245436809635755,0.639791489970554,0.35021777826241557,0.00999073176700968
1850.0,0.5390989848861533,0.41870848316527365,0.04219253194857348,0.61,0.38,0.01,0.6467034527636415,0.3433462571569451,0.009950290079413272,0.6400208167505445,0.3490973383676395,0.010881844881794743
1860.0,0.5391320763647256,0.41524626695886113,0.04562165667641343,0.61,0.38,0.01,0.6468007990950576,0.3425069753519898,0.010692225552951972,0.6402128777574053,0.3479555139532542,0.011831608289318927
1870.0,0.5391530885622647,0.4116028042515226,0.04924410718621283,0.61,0.38,0.01,0.6468772117564403,0.3415432874387724,0.011579500804787564,0.64037219122874,0.3467857600561064,0.012842048715131825
1880.0,0.5391659744088195,0.4078219328971428,0.053012092694038164,0.61,0.38,0.01,0.6469351603356959,0.34029000393775294,0.012774835726551364,0.640503070542354,0.3455817411992178,0.013915188258406638
1890.0,0.5391735955491721,0.4039963258104591,0.056830078640368986,0.61,0.37666666666666665,0.013333333333333334,0.6469777392609043,0.3386358257511699,0.014386434987925861,0.6406095496882798,0.34433740208094327,0.015053048230754774
1900.0,0.5391779349974012,0.4002335514157932,0.06058851358680588,0.61,0.37666666666666665,0.013333333333333334,0.6470080973882644,0.33650622034393435,0.016485682267801303,0.6406953318572614,0.3430470214653192,0.016257646677398315
1910.0,0.5391803087079116,0.39658754266821705,0.0642321486238719,0.61,0.37666666666666665,0.013333333333333334,0.6470291120050269,0.3338002922152641,0.019170595779708907,0.6407637587649391,0.34170525362616266,0.017530987608876888
1920.0,0.539181552745146,0.3930330539589482,0.06778539329590597,0.61,0.37,0.02,0.6470432324922787,0.3304806320207926,0.022476135486928596,0.6408177978683431,0.3403071615283904,0.01887504060324509
1930.0,0.5391821752318571,0.38950402032307135,0.07131380444507177,0.61,0.37,0.02,0.6470524347033613,0.32667310774467323,0.026274457551964857,0.6408600443901534,0.33884824532394464,0.02029171028588087
1940.0,0.5391824711917096,0.3859438469259917,0.0748736818822989,0.61,0.37,0.02,0.6470582422420129,0.3226157982946158,0.030325959463371507,0.6408927350237469,0.3373244687960457,0.021782796180186165
1950.0,0.5391826039620936,0.3823056983750423,0.078511697662864,0.61,0.36666666666666664,0.023333333333333334,0.6470617834043644,0.31851289218970597,0.03442532440592968,0.6409177703150276,0.33573228523386756,0.023349944451083095
1960.0,0.5391826595445304,0.3785176686529158,0.08229967180255461,0.61,0.36333333333333334,0.02666666666666667,0.6470638624948897,0.31448075944947146,0.03845537805563876,0.6409367429663297,0.3340686630062291,0.024994594027419263
1970.0,0.5391826808415324,0.3744947537290073,0.08632256542946055,0.61,0.3566666666666667,0.03333333333333333,0.6470650318923789,0.3106432262717939,0.04229174183582717,0.6409509696428611,0.33233110997502585,0.026717920382091382
1980.0,0.5391826880181113,0.37019557313449086,0.09062173884739824,0.61,0.35333333333333333,0.03666666666666667,0.6470656569971467,0.3072013449077834,0.04573299809506963,0.6409615242457968,0.33051769498127154,0.028520780772910446
1990.0,0.5391826899268709,0.3656387747663114,0.09517853530681838,0.61,0.35,0.04,0.6470659703400136,0.3043520621167997,0.04858196754318653,0.6409692710161369,0.32862706405714714,0.03040366492669456
2000.0,0.5391826901443764,0.3608528031095697,0.09996450674605423,0.61,0.35,0.04,0.6470661139415608,0.30217363793337704,0.050760248125062114,0.6409748962240062,0.32665844883713374,0.03236665493883846
2010.0,0.5391826899629718,0.3558530451097383,0.10496426492729,0.61,0.3466666666666667,0.043333333333333335,0.6470661707304269,0.3006076187520507,0.05232621051752225,0.6409789375599307,0.3246116648849504,0.034409397555097344
2020.0,0.5391826897729086,0.35066731871850804,0.11014999150858391,0.61,0.3433333333333333,0.04666666666666667,0.6470661867147618,0.2995132909837895,0.0534205223014482,0.6409818106644765,0.3224870982967362,0.036531091038766096
2030.0,0.539182689650871,0.34533874430976835,0.11547856603936095,0.61,0.3433333333333333,0.04666666666666667,0.6470661858943034,0.29871861142041545,0.054215202685280996,0.640983832502748,0.3202856799152365,0.03873048758199355
2040.0,0.5391826895861662,0.3399102993290751,0.12090701108475907,0.61,0.3433333333333333,0.04666666666666667,0.6470661798183266,0.2980421598219847,0.05489166035968837,0.6409852415079462,0.31800884768835186,0.0410059108036807
2050.0,0.5391826895556677,0.33443075687156343,0.1263865535727689,0.61,0.3433333333333333,0.04666666666666667,0.6470661734125457,0.29732025967522085,0.05561356691223287,0.6409862145843208,0.315658498997018,0.04335528641863979
2060.0,0.5391826895425089,0.3289498043774308,0.1318675060800606,0.61,0.34,0.05,0.6470661683436183,0.29645408863973105,0.05647974301665044,0.6409868811783688,0.31323693601793423,0.04577618280367504
2070.0,0.5391826895372392,0.32350590278914043,0.13731140767362063,0.61,0.33666666666666667,0.05333333333333334,0.6470661648448208,0.29542825097342196,0.05750558418175679,0.6409873347035122,0.31074680823223844,0.04826585706422812
2080.0,0.539182689535267,0.3181402137621447,0.14267709670258835,0.61,0.3333333333333333,0.056666666666666664,0.647066162633664,0.29429650365174675,0.05863733371458886,0.6409876416444402,0.3081910569123969,0.050821301443141134
2090.0,0.5391826895345752,0.31289264237135406,0.14792466809407112,0.61,0.33,0.06,0.6470661613267213,0.29314243442195886,0.05979140425131972,0.6409878486798668,0.3055728667158459,0.053439284604265724
2100.0,0.5391826895343473,0.3077617774302609,0.15305553303539174,0.61,0.32666666666666666,0.06333333333333334,0.6470661605964975,0.29201383299868644,0.06092000640481584,0.6409879881536786,0.3028956293268857,0.05611638251941438
2110.0,0.5391826895342772,0.3027259164141617,0.1580913940515615,0.61,0.32666666666666666,0.06333333333333334,0.6470661602087318,0.2909246588375662,0.06200918095370169,0.6409880822008243,0.30016292340986245,0.05884899438929163
2120.0,0.5391826895342572,0.2978013428139008,0.16301596765184204,0.61,0.32666666666666666,0.06333333333333334,0.6470661600125874,0.2899440654618762,0.06298977452553625,0.6409881458015514,0.2973785140080909,0.06163334019033616
2130.0,0.539182689534252,0.29302763603666926,0.16778967442907886,0.61,0.32666666666666666,0.06333333333333334,0.647066159918091,0.2891721865492426,0.06376165353266608,0.6409881890003049,0.2945463730293641,0.06446543797030994
2140.0,0.5391826895342507,0.28839990786936653,0.17241740259638275,0.61,0.32666666666666666,0.06333333333333334,0.6470661598748404,0.28857644176461145,0.0643573983605482,0.6409882184874347,0.29167072071779887,0.06734106079474504
2150.0,0.5391826895342504,0.2838360937285541,0.17698121673719555,0.61,0.32666666666666666,0.06333333333333334,0.6470661598561385,0.28799282947331767,0.06494101067054349,0.6409882387052779,0.2887560861625515,0.07025567513214918
2160.0,0.5391826895342504,0.2792210694606237,0.18159624100512628,0.61,0.32666666666666666,0.06333333333333334,0.6470661598485793,0.2872996104400457,0.06563422971137464,0.640988252606948,0.2858073830870909,0.07320436430593946
2170.0,0.5391826895342504,0.2744891041070943,0.18632820635865557,0.61,0.3233333333333333,0.06666666666666667,0.6470661598457819,0.2864727442612612,0.06646109589295657,0.6409882621671885,0.2828299955496397,0.07618174228315035
2180.0,0.5391826895342504,0.26966935298862066,0.19114795747712904,0.61,0.3233333333333333,0.06666666666666667,0.6470661598448766,0.2855123252024333,0.06742151495269014,0.6409882687202298,0.27982986690713735,0.07918186437261163
2190.0,0.5391826895342504,0.26485768917001773,0.19595962129573216,0.61,0.32,0.07,0.6470661598446532,0.28435957746177254,0.06857426269357392,0.6409882731797872,0.2768135845703146,0.08219814224987694
2200.0,0.5391826895342504,0.2601374002896402,0.20067991017610964,0.61,0.32,0.07,0.64706615984464,0.2828730470097161,0.07006079314564362,0.6409882761806521,0.27378845279079644,0.08522327102853017
2210.0,0.5391826895342504,0.2555339095547749,0.20528340091097494,0.61,0.32,0.07,0.6470661598446722,0.2809424688306581,0.07199137132466936,0.6409882781693571,0.27076254601249394,0.08824917581812755
2220.0,0.5391826895342503,0.25104756539191725,0.20976974507383242,0.61,0.31666666666666665,0.07333333333333333,0.6470661598447022,0.2785659810402996,0.0743678591149983,0.6409882794624868,0.26774473617808775,0.09126698435940436
2230.0,0.5391826895342504,0.2467013136375837,0.2141159968281659,0.61,0.31666666666666665,0.07333333333333333,0.6470661598447209,0.2757839279918165,0.07714991216346247,0.6409882802848141,0.26474468874440554,0.09426703097075848
2240.0,0.5391826895342503,0.24254317078961718,0.21827413967613254,0.61,0.31,0.08,0.6470661598447311,0.272644217485769,0.08028962266949975,0.6409882807949773,0.2617728239199462,0.09723889528505544
2250.0,0.5391826895342504,0.23860872678066974,0.22220858368507995,0.61,0.31,0.08,0.6470661598447361,0.26924412036805073,0.08368971978721285,0.6409882811034254,0.2588402416535201,0.10017147724303335
2260.0,0.5391826895342504,0.2349153109640543,0.22590199950169562,0.61,0.31333333333333335,0.07666666666666666,0.6470661598447385,0.26576078758795396,0.08717305256730731,0.6409882812854527,0.25595861102017337,0.10305310769435255
2270.0,0.5391826895342505,0.23149641908629132,0.22932089137945827,0.61,0.31,0.08,0.6470661598447395,0.26238534909664746,0.09054849105861296,0.640988281390936,0.25314002671636004,0.10587169189268307
2280.0,0.5391826895342507,0.22839456264043045,0.23242274782531933,0.61,0.30333333333333334,0.08666666666666667,0.6470661598447398,0.2592340175894283,0.09369982256583168,0.6409882814517293,0.25039683725230644,0.10861488129594267
2290.0,0.5391826895342507,0.22562290231642404,0.2351944081493254,0.61,0.30333333333333334,0.08666666666666667,0.6470661598447399,0.25634633655984024,0.09658750359541958,0.6409882814872804,0.24774145099831965,0.11127026751437882
2300.0,0.5391826895342505,0.22315953279819217,0.23765777766755772,0.61,0.3,0.09,0.6470661598447399,0.2537008949280187,0.099232945227241,0.6409882815088277,0.2451861274106166,0.11382559108053422
2310.0,0.5391826895342507,0.2209731355876651,0.23984417487808476,0.61,0.3,0.09,0.64706615984474,0.25122285044385034,0.10171098971140939,0.6409882815224619,0.24274276146637921,0.11626895701113722
2320.0,0.5391826895342507,0.21905003491892225,0.24176727554682736,0.61,0.2966666666666667,0.09333333333333334,0.6470661598447399,0.24881984048697575,0.10411399966828398,0.6409882815312603,0.24042266954473498,0.11858904892398317
2330.0,0.5391826895342506,0.21737178658949138,0.24344552387625848,0.61,0.29333333333333333,0.09666666666666666,0.64706615984474,0.246448928659228,0.1064849114960317,0.6409882815367023,0.2382363847046365,0.12077533375863969
2340.0,0.5391826895342507,0.21588549847038177,0.24493181199536834,0.61,0.29333333333333333,0.09666666666666666,0.6470661598447399,0.24417914262269805,0.10875469753256164,0.6409882815395426,0.23619346857423737,0.12281824988619841
2350.0,0.5391826895342507,0.21452443350745484,0.24629287695829505,0.61,0.2966666666666667,0.09333333333333334,0.6470661598447401,0.2421579318333077,0.11077590832195196,0.6409882815402941,0.23430234595532592,0.12470937250435854
2360.0,0.5391826895342506,0.21325178182489382,0.2475655286408559,0.61,0.2966666666666667,0.09333333333333334,0.6470661598447399,0.24044434686301172,0.1124894932922477,0.6409882815394511,0.23257016686214432,0.1264415515983833
2370.0,0.5391826895342506,0.21207345704460556,0.24874385342114402,0.61,0.2966666666666667,0.09333333333333334,0.6470661598447399,0.2389215428254963,0.11401229732976319,0.6409882815375436,0.2310026991724273,0.12800901929000716
2380.0,0.5391826895342506,0.21101058822455562,0.24980672224119402,0.61,0.2966666666666667,0.09333333333333334,0.64706615984474,0.2374048418565457,0.11552899829871388,0.6409882815351254,0.22960425348844762,0.1294074649764053
2390.0,0.5391826895342505,0.21007044704489847,0.2507468634208512,0.61,0.2966666666666667,0.09333333333333334,0.64706615984474,0.23577398231207097,0.11715985784318886,0.6409882815327077,0.22837764029814542,0.13063407816912545
2400.0,0.5391826895342505,0.2092405911444885,0.2515767193212613,0.61,0.29333333333333333,0.09666666666666666,0.6470661598447401,0.23396920402786048,0.11896463612739928,0.6409882815307109,0.22732415818451832,0.1316875602847492
2410.0,0.5391826895342504,0.20850124545448412,0.2523160650112659,0.61,0.29333333333333333,0.09666666666666666,0.64706615984474,0.2319357721556273,0.12099806799963242,0.6409882815294319,0.22644361072584226,0.13256810774470457
2420.0,0.5391826895342504,0.2078344674722194,0.2529828429935303,0.61,0.2966666666666667,0.09333333333333334,0.64706615984474,0.22968376404223192,0.12325007611302795,0.6409882815290234,0.2257343489044397,0.13327736956651579
2430.0,0.5391826895342504,0.2072332310223985,0.25358407944335143,0.61,0.29333333333333333,0.09666666666666666,0.64706615984474,0.22736596664544587,0.125567873509814,0.6409882815295104,0.2251933353172164,0.13381838315325165
2440.0,0.5391826895342504,0.20670888748330907,0.25410842298244046,0.61,0.2966666666666667,0.09333333333333334,0.6470661598447401,0.2252453429297042,0.1276884972255558,0.6409882815308072,0.22481622625388256,0.1341954922152887
2450.0,0.5391826895342505,0.20627833255781905,0.2545389779079307,0.61,0.2966666666666667,0.09333333333333334,0.6470661598447401,0.22359926379894748,0.12933457635631224,0.6409882815327458,0.2245974677544719,0.1344142507127606
2460.0,0.5391826895342504,0.20594692504213408,0.25487038542361545,0.61,0.3,0.09,0.6470661598447401,0.22263342666002625,0.13030041349523339,0.6409882815351136,0.22453040203320082,0.13448131643166414
2470.0,0.5391826895342504,0.20570091146239095,0.25511639900335875,0.61,0.3,0.09,0.64706615984474,0.22244702733324492,0.13048681282201477,0.6409882815376805,0.22460738110116324,0.13440433736113455
2480.0,0.5391826895342505,0.20551681057013918,0.2553004998956105,0.61,0.30333333333333334,0.08666666666666667,0.6470661598447401,0.22301848971561136,0.1299153504396483,0.6409882815402376,0.2248198849665797,0.13419183349316097
2490.0,0.5391826895342505,0.20537918225654417,0.2554381282092053,0.61,0.30333333333333334,0.08666666666666667,0.6470661598447401,0.22419488839412993,0.12873895176113,0.64098828154261,0.22515864236874553,0.1338530760886231
2500.0,0.5391826895342504,0.2052846966802748,0.25553261378547515,0.61,0.30333333333333334,0.08666666666666667,0.6470661598447401,0.22575159363053737,0.1271822465247223,0.6409882815446741,0.22561375254976765,0.13339796590553654
2510.0,0.5391826895342504,0.20522907321766873,0.25558823724808094,0.61,0.3,0.09,0.6470661598447401,0.22748515862876148,0.12544868152649813,0.6409882815463588,0.226174807040541,0.13283691141307863
2520.0,0.5391826895342504,0.20519888324933486,0.255618427216415,0.61,0.3,0.09,0.64706615984474,0.22922319840629574,0.12371064174896414,0.6409882815476385,0.2268310108029516,0.1321807076493887
2530.0,0.5391826895342503,0.20518004062875764,0.25563726983699214,0.61,0.3,0.09,0.64706615984474,0.23079206205399994,0.12214177810125974,0.640988281548528,0.2275713023104586,0.1314404161409917
2540.0,0.5391826895342504,0.2051649081535195,0.25565240231223,0.61,0.30333333333333334,0.08666666666666667,0.6470661598447401,0.23202320810065122,0.12091063205460836,0.6409882815490753,0.22838447225626543,0.13062724619463753
2550.0,0.5391826895342504,0.20515109576759655,0.25566621469815315,0.61,0.3,0.09,0.6470661598447401,0.2327966173764042,0.12013722277885551,0.640988281549344,0.22925928055552744,0.1297524378951069
2560.0,0.5391826895342504,0.20514074539129679,0.25567656507445286,0.61,0.3,0.09,0.6470661598447401,0.233077784973797,0.11985605518146268,0.6409882815494043,0.23018457117139465,0.12882714727917968
2570.0,0.5391826895342504,0.20513821661660925,0.2556790938491403,0.61,0.3,0.09,0.6470661598447401,0.23292127561482492,0.12001256454043478,0.6409882815493242,0.23114938407292565,0.1278623343777285
2580.0,0.5391826895342505,0.2051439859025447,0.25567332456320513,0.61,0.3,0.09,0.6470661598447401,0.23246125363916734,0.12047258651609224,0.6409882815491672,0.2321430633648306,0.12686865508598072
2590.0,0.5391826895342506,0.2051542187327715,0.2556630917329784,0.61,0.3,0.09,0.6470661598447401,0.23188924522027562,0.12104459493498418,0.6409882815489828,0.2331553603586394,0.12585635809235654
2600.0,0.5391826895342506,0.20516502286825256,0.25565228759749703,0.61,0.3,0.09,0.6470661598447401,0.23139249522159308,0.12154134493366663,0.640988281548807,0.23417653012524003,0.12483518832593121
2610.0,0.5391826895342506,0.20517434336461238,0.25564296710113726,0.61,0.3,0.09,0.6470661598447401,0.23107309729324266,0.12186074286201712,0.6409882815486679,0.2351974199159713,0.12381429853533923
2620.0,0.5391826895342505,0.20518156915165883,0.25563574131409067,0.61,0.3,0.09,0.6470661598447401,0.23091438167689687,0.12201945847836301,0.6409882815485771,0.23620954778823633,0.12280217066316496
2630.0,0.5391826895342505,0.20518680538823889,0.2556305050775106,0.61,0.30666666666666664,0.08333333333333333,0.6470661598447401,0.23082584954253665,0.12210799061272314,0.6409882815485397,0.2372051698320254,0.12180654861941322
2640.0,0.5391826895342505,0.2051904169654646,0.255626893500285,0.61,0.31,0.08,0.6470661598447401,0.23072185697022235,0.12221198318503732,0.6409882815485523,0.23817733456207107,0.12083438388935538
2650.0,0.5391826895342503,0.20519280909141574,0.2556245013743339,0.61,0.31,0.08,0.6470661598447401,0.23056206509664767,0.12237177505861199,0.6409882815486024,0.2391199233025903,0.11989179514878558
2660.0,0.5391826895342505,0.20519433776783752,0.25562297269791207,0.61,0.31,0.08,0.6470661598447401,0.23034672015430335,0.1225871200009563,0.6409882815486787,0.24002767573000566,0.11898404272129373
2670.0,0.5391826895342503,0.20519528280257804,0.2556220276631717,0.61,0.31,0.08,0.64706615984474,0.23011202816708964,0.12282181198816992,0.640988281548772,0.2408962001364732,0.11811551831473319
2680.0,0.5391826895342504,0.2051958489078267,0.255621461557923,0.61,0.31,0.08,0.6470661598447401,0.229934539908749,0.12299930024651076,0.6409882815488667,0.24172196841740654,0.11728975003370509
2690.0,0.5391826895342503,0.20519617787314612,0.2556211325926036,0.61,0.31,0.08,0.6470661598447401,0.22991675361114416,0.12301708654411551,0.6409882815489548,0.24250229625145667,0.11650942219956659
2700.0,0.5391826895342505,0.20519636346817174,0.25562094699757804,0.61,0.31,0.08,0.6470661598447401,0.23014677469291045,0.12278706546234924,0.6409882815490336,0.24323530940738622,0.11577640904355847
2710.0,0.5391826895342505,0.20519646519418877,0.25562084527156076,0.61,0.31,0.08,0.64706615984474,0.23064978351711554,0.12228405663814411,0.6409882815490965,0.24391989754843757,0.11509182090244427
2720.0,0.5391826895342504,0.205196519392776,0.2556207910729736,0.61,0.31333333333333335,0.07666666666666666,0.6470661598447403,0.23136320904307756,0.121570631112182,0.6409882815491438,0.24455565727845696,0.11445606117237775
2730.0,0.5391826895342504,0.205196547475852,0.25562076298989744,0.61,0.31333333333333335,0.07666666666666666,0.6470661598447401,0.2321706170996471,0.12076322305561267,0.6409882815491739,0.2451428264581358,0.11386889199266864
2740.0,0.5391826895342503,0.20519656163350272,0.25562074883224695,0.61,0.31333333333333335,0.07666666666666666,0.6470661598447401,0.2329672818935445,0.11996655826171526,0.6409882815491913,0.2456822119982499,0.11332950645253781
2750.0,0.5391826895342504,0.20519656858054539,0.25562074188520423,0.61,0.31333333333333335,0.07666666666666666,0.6470661598447401,0.23368968436055865,0.11924415579470098,0.640988281549196,0.2461751134079923,0.11283660504279003
2760.0,0.5391826895342504,0.20519657189971754,0.255620738566032,0.61,0.31333333333333335,0.07666666666666666,0.6470661598447401,0.23430671818887835,0.11862712196638124,0.6409882815491926,0.24662324434921643,0.11238847410156924
2770.0,0.5391826895342503,0.205196573444358,0.25562073702139154,0.61,0.31333333333333335,0.07666666666666666,0.6470661598447401,0.23481013910303886,0.11812370105222099,0.6409882815491846,0.24702865433662058,0.11198306411417344
2780.0,0.5391826895342504,0.20519657414472986,0.2556207363210197,0.61,0.31333333333333335,0.07666666666666666,0.6470661598447403,0.23520994991221594,0.1177238902430436,0.6409882815491739,0.2473936525445725,0.11161806590623229
2790.0,0.5391826895342502,0.20519657445422856,0.25562073601152113,0.61,0.31333333333333335,0.07666666666666666,0.64706615984474,0.2355276677398073,0.11740617241545236,0.6409882815491639,0.24772073544578904,0.11129098300502571
2800.0,0.5391826895342502,0.2051965745875601,0.25562073587818956,0.61,0.31333333333333335,0.07666666666666666,0.64706615984474,0.23578945925590114,0.11714438089935847,0.640988281549153,0.24801251972563026,0.11099919872519508
2810.0,0.5391826895342503,0.2051965746435689,0.2556207358221808,0.61,0.31333333333333335,0.07666666666666666,0.64706615984474,0.23602210820635605,0.11691173194890365,0.6409882815491479,0.24827168159906818,0.11074003685176241
2820.0,0.5391826895342502,0.20519657466651578,0.2556207357992338,0.61,0.31333333333333335,0.07666666666666666,0.64706615984474,0.2362515677740447,0.11668227238121498,0.6409882815491459,0.248500903320185,0.11051081513064774
2830.0,0.5391826895342504,0.20519657467568683,0.25562073579006284,0.61,0.31333333333333335,0.07666666666666666,0.6470661598447401,0.2365023345313206,0.11643150562393911,0.6409882815491497,0.24870282733538437,0.11030889111544485
2840.0,0.5391826895342502,0.20519657467926297,0.2556207357864867,0.61,0.31333333333333335,0.07666666666666666,0.64706615984474,0.23679537935136052,0.1161384608038992,0.6409882815491538,0.24888001821302766,0.11013170023779702
2850.0,0.5391826895342504,0.20519657468062366,0.25562073578512595,0.61,0.31333333333333335,0.07666666666666666,0.6470661598447401,0.23714233224036954,0.11579150791489008,0.6409882815491654,0.2490349322021804,0.10997678624863243
2860.0,0.5391826895342502,0.20519657468112895,0.25562073578462063,0.61,0.31333333333333335,0.07666666666666666,0.6470661598447401,0.2375362358655861,0.11539760428967355,0.6409882815491824,0.24916989404386422,0.10984182440693185
2870.0,0.5391826895342502,0.20519657468131206,0.2556207357844375,0.61,0.31333333333333335,0.07666666666666666,0.6470661598447401,0.23794665724000358,0.11498718291525603,0.6409882815491995,0.24928708048280238,0.10972463796797648
2880.0,0.5391826895342502,0.20519657468137695,0.2556207357843728,0.61,0.31333333333333335,0.07666666666666666,0.6470661598447401,0.23833041705100955,0.11460342310425031,0.6409882815492214,0.24938850980377278,0.10962320864698427
2890.0,0.5391826895342502,0.20519657468139932,0.25562073578435035,0.61,0.31333333333333335,0.07666666666666666,0.6470661598447401,0.23865359163097055,0.1142802485242893,0.6409882815492454,0.24947603663813478,0.1095356818125983
2900.0,0.5391826895342504,0.20519657468140687,0.2556207357843428,0.61,0.31333333333333335,0.07666666666666666,0.6470661598447401,0.23890424439842803,0.11402959575683172,0.640988281549273,0.24955135124657632,0.1094603672041292
2910.0,0.5391826895342504,0.2051965746814093,0.25562073578434036,0.61,0.31333333333333335,0.07666666666666666,0.64706615984474,0.23908823960128742,0.1138456005539723,0.6409882815493054,0.24961598247833927,0.10939573597233383
2920.0,0.5391826895342503,0.20519657468141012,0.2556207357843396,0.61,0.31333333333333335,0.07666666666666666,0.6470661598447401,0.23921891105042334,0.11371492910483637,0.6409882815493412,0.2496713036298862,0.10934041482075099
2930.0,0.5391826895342503,0.2051965746814104,0.2556207357843393,0.61,0.31333333333333335,0.07666666666666666,0.6470661598447401,0.23930993137176101,0.1136239087834988,0.6409882815493831,0.249718540473168,0.10929317797742735
2940.0,0.5391826895342504,0.20519657468141042,0.25562073578433914,0.61,0.31333333333333335,0.07666666666666666,0.64706615984474,0.23937254084897808,0.11356129930628164,0.6409882815494309,0.24975878079055863,0.10925293765998888
2950.0,0.5391826895342504,0.20519657468141045,0.25562073578433925,0.61,0.31333333333333335,0.07666666666666666,0.6470661598447401,0.23941517456584413,0.11351866558941569,0.6409882815494867,0.24979298483567622,0.10921873361481538
2960.0,0.5391826895342504,0.2051965746814105,0.2556207357843392,0.61,0.31333333333333335,0.07666666666666666,0.64706615984474,0.23944391828116526,0.11348992187409455,0.6409882815495543,0.24982199623116827,0.10918972221925548
2970.0,0.5391826895342503,0.20519657468141053,0.2556207357843392,0.61,0.31333333333333335,0.07666666666666666,0.6470661598447401,0.23946308892851376,0.11347075122674594,0.640988281549632,0.24984655290984217,0.10916516554050452
2980.0,0.5391826895342504,0.20519657468141053,0.25562073578433925,0.61,0.31333333333333335,0.07666666666666666,0.6470661598447401,0.23947572265321615,0.11345811750204347,0.6409882815497209,0.2498672977975756,0.10914442065268207
2990.0,0.5391826895342505,0.2051965746814105,0.2556207357843392,0.61,0.31333333333333335,0.07666666666666666,0.6470661598447401,0.23948394009684218,0.11344990005841747,0.6409882815498246,0.24988478901964054,0.10912692943051337
3000.0,0.5391826895342505,0.20519657468141053,0.25562073578433914,0.61,0.31333333333333335,0.07666666666666666,0.6470661598447401,0.2394892103426151,0.11344462981264454,0.6409882815499451,0.24989950948256182,0.10911220896747134
